_id,book_id,t_book_id,book_title,book_pic,book_source,book_type,book_genre,special_desc,read_count,collect_count,chapter_count,is_paid,is_preview,init_read_count,init_collect_count,chapter_id,serial_number,tags,tags_original
6901b1f0e12f46f83f05026d,6901b1f0e12f46f83f05026d,140000000000000355,おかえりパパとママだよ,https://v-mps.crazymaplestudios.com/images/d28e08e0-d020-11f0-84ad-6b5693b490dc.jpg,1,1,1,"大学一年生の娘が、家族恒例の感謝祭を祝うために久しぶりに帰省する。
しかし、彼女は両親の様子がどこかおかしいことに気づいて…。",39454,673,27,1,0,7988,241,8qyf8wzqmk,1,サスペンス,Suspense
6854d0b61cc7f0fc460aa3a1,6854d0b61cc7f0fc460aa3a1,140000000000000272,人を呪わば穴二つ,https://v-mps.crazymaplestudios.com/images/f7227eb0-5236-11f0-860b-97fc2eb1c6d9.jpg,1,1,1,"専業主婦カレン、夫のトムはお金持ちの弁護士だった。ある日カレンが外出中、自宅が火災に遭い、5歳の娘アンナが瀕死状態に陥った。
熱心な市民メアリーは消防隊長ボブの運転する消防車に同乗し、一刻も早いアンナを救急治療室に運び、手術を受けさせようとした。
その途中、消防車が浮気から帰宅途中のカレンの車に衝突した。カレンは「土下座して謝罪し」と要求した上、損害賠償を求めた。メアリーと救急救命士イヴ、さらに通行人までが車を動かすよう懇願したが、カレンは頑として応じなかった。
しかし、彼女は気づいていなかった──
この消防車が必死に運んでいるのは、まさに自分自身の娘の命だということに。",589496,41038,30,1,0,198098,9509,b7k9gvf3nh,1,女性向けのドラマ|ドラマ|復讐|浮気|隣人|家庭主婦,Female|Drama|Revenge|Affair|Neighbors|Housewife
684a3c59bf0dba6aa601c07a,684a3c59bf0dba6aa601c07a,140000000000000257,調停者,https://v-mps.crazymaplestudios.com/images/b8d66d40-4cd9-11f0-860b-97fc2eb1c6d9.jpg,1,1,1,妹が保険を失い命を落としたその日から、マッテオ・レオーネの人生は一変した。絶望の中で、彼は保険会社のCEOを殺害し、自らの手で“正義”を下す道を選ぶ。だが、これは単なる復讐ではなかった。保険弱者を食い物にする腐敗した制度を暴くため、マッテオは警察の追跡をかわしながら、次々と“メッセージ”を残していく。そしていつしか、沈黙を強いられてきた人々の希望の象徴となっていく――。,291720,25645,38,1,0,240573,9863,i1rwfzpjwy,1,男向けのドラマ|復讐|モダン|守る夫|医者,Male|Revenge|Modern|Protective Husband|Doctor
686f5afe374f7f776f0f5956,686f5afe374f7f776f0f5956,140000000000000279,空飛ぶ修羅場,https://v-mps.crazymaplestudios.com/images/45f09be0-d021-11f0-84ad-6b5693b490dc.jpg,1,1,1,足を骨折しギプスを装着中のイヴは、ハワイで行われる兄の結婚式に出席するため、広めの座席を予約して飛行機に乗り込んだ。でも、機内で横柄な母親とそのわがままな息子に席の交換を強要される。飛行中に乱気流で転んだ息子を見た母親は「飛行機を引き返せ」と乗務員にクレームをつけ、騒ぎを起こした。ついに緊急着陸を余儀なくされる事態になった。その後駆けつけた母親の妹クララは、イヴを「婚約者の愛人」だと激しく糾弾したが、実はイヴは婚約者の実妹だった。この大騒動で結婚式は中止となり、クララは航空機内での暴行罪で逮捕される羽目になった。,3768813,86860,41,1,0,6919,310,j8ad74l23i,1,復讐,Revenge
68d2060f4d6ba943670b0645,68d2060f4d6ba943670b0645,140000000000000334,偽りのルナと運命のつがい,https://v-mps.crazymaplestudios.com/images/b84a4220-9dd3-11f0-a06b-bdb674869ea1.jpg,1,1,1,彼は彼女を救うため、残忍な父を殺した。新たなアルファキングとなった彼は、運命のメイトを生かすため、彼女の存在を隠し、偽りのルナを身代わりに立てることを余儀なくされる。しかし、彼が戦いで不在の隙に、彼女は偽りのルナに発見され、残虐な拷問にかけられてしまう。果たして彼女は、アルファキングが帰還し復讐を遂げるまで、生き延びることができるのだろうか？,37896,488,44,1,0,6439,250,60p7nfd8z7,1,復讐,Revenge
683fc14255a5ba21da0e3257,683fc14255a5ba21da0e3257,140000000000000248,血塗られた花嫁 ～ 愛は狂気に染まる～,https://v-mps.crazymaplestudios.com/images/dfc13df0-45c6-11f0-860b-97fc2eb1c6d9.jpg,1,1,1,メアと婚約者のニックは貧乏であるが愛を持っている。孤児として育ったメアは、自分の家族がいない分、ニックの家族に囲まれた結婚式を夢見ていたが、ニックは疎遠になった家族のことを話そうとしない。そんな中、ニックの母親が突然現れ、メアを裕福で謎めいたソーンウッド家へと温かく迎え入れる。さらに、彼女はソーンウッド家の豪邸での結婚式を提案する。しかし、式当日の朝、恐ろしい真実がメアの夢を打ち砕き、彼女は「幸せな結婚式」どころか、ソーンウッド家の暗い歴史に翻弄される悪夢へと足を踏み入れようとしていることに気づく——そして、その結末は彼女の命を奪うかもしれない。,1226801,40774,47,1,0,233109,11189,fw6z20j2i4,1,女性向けのドラマ|悪女ヒロイン|モダン|身分を隠せ|秘密|ストロングウィル,Female|Strong Heroine|Modern|Hidden Identity|Secret|Strong-Willed
683555d81e10c5078109db7f,683555d81e10c5078109db7f,140000000000000238,私を捨てた消防士が今や大富豪！？,https://v-mps.crazymaplestudios.com/images/96e59980-40f5-11f0-b65a-27549cd2a91e.jpg,1,1,1,アーチャーはアリスとの結婚式に姿を現さなかった――消防任務中の爆発で命を落としたという噂が流れる。悲しみに暮れるアリスをよそに、欲深い両親は彼女を嫌な男フィリップに嫁がせようとする。新たな結婚式の日、アリスはついにアーチャーと再会するが、彼は別の女性と婚約していた――。,2476963,50679,50,1,0,200338,8014,j1kpjfo3q6,1,女性向けのドラマ|二度目のチャンス|モダン|三角関係|復讐|再会|相続人/社会人|インディペンデント・ウーマン,Female|Second Chance|Modern|Love Triangle|Revenge|Reunion|Heiress/Socialite|Independent Woman
6891d5baab41bb6d890f74c6,6891d5baab41bb6d890f74c6,140000000000000298,お前は天才外科医を解雇した,https://v-mps.crazymaplestudios.com/images/2f074a60-767a-11f0-a06b-bdb674869ea1.jpg,1,1,1,国で最も名高い外科医エイドリアン・マークスマンは、上司の息子に解雇される。彼はライバル病院の才気あふれる野心家ヴィヴィアン・ハートと手を組み、元の病院は経営破綻に追い込まれる。プレストンが優秀な医師を切った代償に気づいた時には、もう遅かった…,180901,1411,50,1,0,5895,233,7o89lak6xj,1,カムバックストーリー,Comeback Story
67b29b077d337cf4930211f0,67b29b077d337cf4930211f0,140000000000000176,偽装結婚は恋の始まり,https://v-mps.crazymaplestudios.com/images/da30f490-f31c-11ef-a38f-0d66b56fc320.jpg,1,1,1,命の恩人アライナに秘かな想いを寄せる大実業家ウィリアム。甥のジェイソンと婚約したアライナとの距離を保とうとするも、ジェイソンの裏切りで婚約は破談に。認知症の祖母の願いを叶えるため、アライナはウィリアムに1年限定の偽装結婚を持ちかける。表向きは契約婚だが、少しずつ芽生えるのは本物の愛——。,3187821,63371,51,1,0,224530,8802,pgf6t4ksin,1,女性向けのドラマ|悪女ヒロイン|モダン|身分を隠せ|とぼける|タブー|億万長者|インディペンデント・ウーマン,Female|Strong Heroine|Modern|Hidden Identity|Playing Dumb|Taboo|Billionaire|Independent Woman
67d783bf58f79dd7d108992c,67d783bf58f79dd7d108992c,140000000000000186,切ない愛を終らせて,https://v-mps.crazymaplestudios.com/images/4b646dd0-03cc-11f0-a38f-0d66b56fc320.jpg,1,1,1,ガン宣告を受け余命三ヶ月と告げられたキャロラインの前に、夫エリックの元恋人ステイシーが6歳の子供を連れて現れる。その子はエリックの子だという。裏切りを重ねるエリックに対し、キャロラインは絶望の中で離婚を決意する。彼女がいない生活が始まって初めて、エリックは失った愛の大きさと彼女の病気の真実を知る。しかしもう遅い。キャロラインは最後の日々を彼を愛することに費やすつもりはなく、自分自身のために生きることを選んだのだ。,3987807,40715,51,1,0,178650,6146,f8qvxbmu1z,1,女性向けのドラマ|中毒性がある恋愛|モダン|離婚後の愛|三角関係|あまりに遅すぎる|家庭主婦,Female|Toxic Love|Modern|Love After Divorce|Love Triangle|All-Too-Late|Housewife
67ea30c546ee7e7ada061311,67ea30c546ee7e7ada061311,140000000000000198,サレ夫の逆襲,https://v-mps.crazymaplestudios.com/images/0f44b440-0f70-11f0-a38f-0d66b56fc320.jpg,1,1,1,世界一の富豪であるニックは、妻ベラと慎ましい生活を送っていた。しかし、彼が自身の正体を明かし、莫大な富と権力をベラと分かち合おうとした矢先、衝撃の裏切りが明らかに。ニックはベラが自分を愛していたのは本心ではなく、別の目的があったと知る。傷心のニックは、もうひとりの女性エレナと出会った。富と権力に執着しないエレナを選んだニックに対し、ベラは深い後悔に苛まれる。,4521567,41785,51,1,0,180903,7833,bjcdd6cfaa,1,男向けのドラマ|カムバックストーリー|モダン|多重アイデンティティ|離婚後の愛|人違い|ロイヤル/貴族|元帥/将軍,Male|Comeback Story|Modern|Multiple Identities|Love After Divorce|Mistaken Identity|Royalty/Nobility|Marshal/General
68d6173ecea0f35b1009516b,68d6173ecea0f35b1009516b,140000000000000337,出生時にすり替えられた令嬢？,https://v-mps.crazymaplestudios.com/images/92d85120-9c67-11f0-a06b-bdb674869ea1.jpg,1,1,1,親友二人が同じ日に出産する。貧しいエディスは自分の娘に贅沢な人生を送らせようと、密かに社長である友人の赤ん坊と自分の赤ん坊をすり替える。しかし、彼女が予想していなかったのは、社長が全てを見抜いており、密かに赤ん坊を元に戻していたことだった。18年後、エディスの計画が成功間近に迫ったまさにその時、彼女は衝撃の真実を知る。長年虐待してきた方が、彼女の実の娘だったのだ。,1616320,25020,51,1,0,6895,240,lhowsdwwdx,1,復讐,Revenge
665e400dd9de5760ea05e1be,665e400dd9de5760ea05e1be,140000000000000016,さようなら、私のCEO,https://v-mps.crazymaplestudios.com/images/ddae312e49cafd8b.jpg,1,1,1,ジェームス・ナイトがあなたの上司です。セクシーでリッチ、そして完全に立ち入り禁止。彼とデートするとあなたのキャリアが台無しになるかもしれませんが、彼を愛すると確実にあなたの心は傷つきます。なぜなら、自分が何かを望んでいるのに、それを決して手に入れることができないと知ることより悪いことがあるでしょうか?,160231,947,52,1,0,20102,274,k067gcl1my,1,タブー|お涙ちょうだい|オフィスラブ|億万長者|無邪気な乙女|コンテンポラリー|トキシック|女性向けのドラマ|Maryana Dvorska|Kasey Esser,Taboo|Tear-Jerker|Office Romance|Billionaire|Innocent Damsel|Contemporary|Toxic|Female|Maryana Dvorska|Kasey Esser
67847aee5c7f2734a10bb3a6,67847aee5c7f2734a10bb3a6,140000000000000157,嘘の恋人 〜週末限定ラブゲーム〜,https://v-mps.crazymaplestudios.com/images/578318f0-d7d5-11ef-a54e-99edf5fd5287.jpg,1,1,1,エマとリアムは一夜を共に過ごしたが、翌朝リアムが何の説明もなく姿を消し、二人の関係は突然終わりを迎えた。それから半年後、エマの妹の結婚式で二人は再会した時、リアムは新郎の付添人だった。解決されない感情が再び押し寄せる中、エマは元カレを遠ざけるために、週末だけリアムと偽りの恋人関係を演じることを決める。,2844282,43079,52,1,0,169556,5799,vdrq2rnb3n,1,女性向けのドラマ|二度目のチャンス|モダン|偽りの恋人|再会|ワンナイトラブ|ストロングウィル,Female|Second Chance|Modern|Fake Relationship|Reunion|One Night Stand|Strong-Willed
669a07a8f6e32dc509077727,669a07a8f6e32dc509077727,140000000000000036,また愛し合える日が来る,https://v-mps.crazymaplestudios.com/images/8e72f72b2b230f7a.jpg,1,1,1,あなたはノアプレストンが大好きだったが、彼が貧しく、何も持っていなかったときに、彼と別れた。5年後、彼は億万長者となり、あなたの会社を買収し、あなたの人生を生き地獄に陥れようとしている。別れた本当の理由を彼に話すのか、それとも恋のやり直しはもう遅い？,890055,10060,53,1,0,19671,352,vfn5f5h4vh,1,復讐|二度目のチャンス|お涙ちょうだい|億万長者|インディペンデント・ウーマン|コンテンポラリー|スイート|女性向けのドラマ|Alena Savostikova|Seth Edeen,Revenge|Second Chance|Tear-Jerker|Billionaire|Independent Woman|Contemporary|Sweet|Female|Alena Savostikova|Seth Edeen
6697b5895ec386c1bf0932c5,6697b5895ec386c1bf0932c5,140000200000000001,元彼のお父さんとの子供を妊娠,https://v-mps.crazymaplestudios.com/images/23ca2830-5e15-11ef-838e-777d81c2a9c7.jpg,1,2,1,ルシアの利己的なボーイフレンドが彼女を信じていないという理由で物事を終わらせた後、彼女は彼が間違っていることを証明すると誓う。最高の外科研修医になると決意した彼女は仕事に身を投じる。そして研修医の監督であるソーヤー・キャンベル医師の下で、無慈悲な有名外科医、驚くべき赤ちゃんのパパ、そして何よりも最悪なのは元彼の父親だ。,471056,8554,53,1,0,0,0,,1,妊娠|医療ドラマ|年齢差|タブー|禁じられた|女性向けのドラマ|スイート|コンテンポラリー,Pregnancy|Medical Drama|Age Gap|Taboo|Forbidden|Female|Sweet|Contemporary
67e0c6621e8d3e9fec0220ef,67e0c6621e8d3e9fec0220ef,140000000000000185,二度目の初恋,https://v-mps.crazymaplestudios.com/images/683af8e0-0ae1-11f0-a38f-0d66b56fc320.jpg,1,1,1,大学時代に運命的な恋に落ちるも、誤解によって別れてしまったベラとアダム。数年後、医者として成功したベラの前に、NHLのスター選手となったアダムが彼女の助けを求めて姿を現す。偽装カップルの契約を結ぶ二人だが、共に過ごす日々の中で、眠っていた感情が再び目覚めていく。二度目のチャンスが、彼らに永遠の幸せをもたらすのか。,4415740,53748,53,1,0,179788,6688,6doohshw59,1,女性向けのドラマ|甘いロマンス|モダン|偽りの恋人|契約の恋人|学園ハンサム|医者,Female|Sweet Romance|Modern|Fake Relationship|Contract Lovers|Jock|Doctor
67ea0b242f4d01a1f404c2d7,67ea0b242f4d01a1f404c2d7,140000000000000199,相続者の華麗なる帰還,https://v-mps.crazymaplestudios.com/images/a2bcd960-1032-11f0-a38f-0d66b56fc320.jpg,1,1,1,正体を隠す御曹司ヘクター。告白の直前、彼は事故により昏睡状態に陥った。恋人アリスの３年間の愛だけを道標に、彼は微かに意識の岸辺へと漕ぎ出す。だが、そこには巧妙に仕組まれた絶望の罠が…。指先でベルを鳴らすことしかできぬ彼が、全てを覆せるのか？——愛する者を守るため、電話一本に託された、予測不能の逆転劇を見届けよ。,4123874,37848,53,1,0,202931,6778,okyqikwgoj,1,男向けのドラマ|カムバックストーリー|モダン|身分を隠せ|とぼける|ロイヤル/貴族|ストロングウィル,Male|Comeback Story|Modern|Hidden Identity|Playing Dumb|Royalty/Nobility|Strong-Willed
681d6b64ac0e0dc6070023f0,681d6b64ac0e0dc6070023f0,140000000000000225,お兄ちゃんの親友と恋しちゃダメですか？,https://v-mps.crazymaplestudios.com/images/85046d80-2fa3-11f0-93de-cb0b88a6d7a9.jpg,1,1,1,大学進学を機に、高校時代からの彼氏と同棲を始めたケイトリン。ところが引っ越し初日、彼の浮気現場を目撃！家を飛び出した彼女が転がり込んだのは…実の兄のアパート。しかもそこにいたのは、ケイトリンが昔こっそり想いを寄せていた、兄のイケメン親友・コールだった！同居生活をきっかけに再燃する初恋。だけど2人の恋路には、元カレカノの執着・学内の意地悪女子、そして何より“兄バリア”が立ちはだかる――！,6943708,147404,53,1,0,189721,9334,8zes39prft,1,女性向けのドラマ|ヤングアダルト|モダン|初恋|学園ロマンス|年齢差|幼馴染みの恋人|学生,Female|Young Adult|Modern|First Love|Campus Romance|Age Gap|Childhood Sweetheart|Student
68ae5c47491efec5de075cac,68ae5c47491efec5de075cac,140000000000000315,裏切りと変身～お嬢様をナメるな！~,https://v-mps.crazymaplestudios.com/images/3d8eb1f0-87a9-11f0-a06b-bdb674869ea1.jpg,1,1,1,ベラ国一番の大富豪、ワトソン家の継承者でありながら、計算高い二世セレブ達に囲まれる日々に嫌気がさしていた。そんな中、彼女は同じぽっちゃり系のマークに恋を落ちた。彼がありのままのベラを愛していると信じた彼女は素性を隠して、彼の為に全てを捧げて、ハーバードへの入学さえ手配してあげた。しかし、裏切りは彼女を痛かった。ベラは、クラスメートのいじめっ子ジェシーと浮気をしていた。それだけでなく、マークはワトソンの跡継ぎと名乗り、学校の人気者になろうとしていた。ベラは自分の体型を受け入れて、きっぱりと彼と別れた。いじめっ子らに囲まれる中、ベラは見事に反撃できるだろうか？,205670,1339,53,1,0,6762,208,ptxuk1q47q,1,ヤングアダルト,Young Adult
68be3a3da32ea7a05705bebd,68be3a3da32ea7a05705bebd,140000000000000323,ファッション女王の帰還,https://v-mps.crazymaplestudios.com/images/2e1e9b00-9469-11f0-a06b-bdb674869ea1.jpg,1,1,1,かつて“レッドカーペットの女王”と呼ばれたイヴ・コルベルは、主婦としての新たな生活に満足していた。しかし、ファッションの祭典「グランド・メープル・ガラ」で起きた突然の裏切りが、彼女を自身のファッション帝国の中心へと引き戻すことになる。,52063,534,53,1,0,7351,251,e5i37jkug0,1,悪女ヒロイン,Strong Heroine
683fc11cd058c8ed04037e48,683fc11cd058c8ed04037e48,140000000000000247,嫌いだった、あの夏の人,https://v-mps.crazymaplestudios.com/images/162d01a0-44d0-11f0-b65a-27549cd2a91e.jpg,1,1,1,彼氏に突然、親友の結婚式へ向かう予定のロードトリップをキャンセルされたサマンサ・スマイルズ。仕方なく、5年間忘れようとしていた“あの男”と一緒にLAからNYCまで長旅をすることに。その男、トリスタン・モンゴメリー――親友の兄で、あの日ひと夏の秘密を共にした相手。サマンサは、忠義と再燃する感情の間で揺れ動く。彼と過ごす4日間で、彼女は自分の心に向き合い、ついに自分のために選択することを決めるのか？,5877620,81600,54,1,0,221319,6883,n0pwh3635n,1,女性向けのドラマ|ヤングアダルト|モダン|敵から恋人へ|隠された気持ち|初恋|運動選手,Female|Young Adult|Modern|Enemies to Lovers|Hidden Feelings|First Love|Athlete
685e0488f50af212e70d471c,685e0488f50af212e70d471c,140000000000000266,マザー・リベンジ 怒れる戦士の逆襲,https://v-mps.crazymaplestudios.com/images/e7574fc0-5640-11f0-b471-b9eef54adbd8.jpg,1,1,1,娘がレイプされ、人身売買組織に連れ去られた時、伝説の戦士であり元海軍特殊部隊提督のフィーニックス・ライアンは、静かな田舎町の食堂経営者としての平穏な日々を捨て、娘を救い出すため、そして彼女を奪ったナバロ麻薬組織を壊滅させるために再び立ち上がる——母として、戦士として。,88306,1085,54,1,0,8743,429,r0pja7flt0,1,悪女ヒロイン,Strong Heroine
665e319689ff5605bd06cf6b,665e319689ff5605bd06cf6b,140000000000000005,昏睡の夫と妻、 500万ドルの約束と命を賭けた愛,https://v-mps.crazymaplestudios.com/images/8f5f6e70-9826-11ef-a2d6-41216ff1602c.jpg,1,1,1,あなたはおじいちゃんの命を救うため、大物億万長者のエイドリアン・ルイスと代わりの花嫁として結婚することになります。あなたは500万ドルという高額の対価で、跡継ぎを産むという約束でルイス家に身を売りました。問題が 1 つだけあります…エイドリアン ルイスは昏睡状態にあります。,147563,653,55,1,0,40541,215,1s57e29din,1,結婚後の恋愛|契約の恋人|復讐|億万長者|無邪気な乙女|コンテンポラリー|スイート|女性向けのドラマ|Samantha Drews|Roman Chsherbakov,Love After Marriage|Contract Lovers|Revenge|Billionaire|Innocent Damsel|Contemporary|Sweet|Female|Samantha Drews|Roman Chsherbakov
665e381412ba0b4dd40fa20b,665e381412ba0b4dd40fa20b,140000000000000008,秘密の億万長者の子供と離婚するな,https://v-mps.crazymaplestudios.com/images/c89d35a0-9826-11ef-a2d6-41216ff1602c.jpg,1,1,1,トリスタン・ベケットと結婚し、彼の歩く血液銀行となって3年間を過ごした後、ジョイス・パウエルはついに彼と離婚した！トリスタンはジョイスをお金のためだけに結婚した虚しい女だと思っていましたが、彼女が秘密の億万長者相続人であることはほとんど知りませんでした。トリスタンはジョイスの心を取り戻すことができるでしょうか？それとも、彼女ははるかに若いかわいらしいパイ、ウィリアム・ポープに恋をするでしょうか？,101470,728,55,1,0,20484,329,p900ziwmr7,1,離婚後の愛|三角関係|身分を隠せ|億万長者|相続人/社会人|コンテンポラリー|悪女ヒロイン|女性向けのドラマ|John William DiCaro|Freddy Piazza|Candace Mizga,Love After Divorce|Love Triangle|Hidden Identity|Billionaire|Heiress/Socialite|Contemporary|Strong Heroine|Female|John William DiCaro|Freddy Piazza|Candace Mizga
67ea0b434d172962ba0bc029,67ea0b434d172962ba0bc029,140000000000000200,私と継母の戦争,https://v-mps.crazymaplestudios.com/images/d7db3e60-1060-11f0-a38f-0d66b56fc320.jpg,1,1,1,父の結婚式、それは娘にとって悪夢の始まりだった。美しき花嫁クロエは、現れた娘マーガレットを夫の愛人と誤認。燃え盛る嫉妬は狂気に変わり、継母は恐ろしい本性を現す。これは悲劇的な誤解なのか？ それとも富と愛を巡り、巧妙に仕組まれた罠なのか？ 華やかな仮面の下で、予想外の真実が暴かれる──衝撃のウェディング・サスペンス！,3737977,41688,55,1,0,191677,9411,dea6i55ctc,1,女性向けのドラマ|悪女ヒロイン|モダン|人違い|浮気|復讐|相続人/社会人|聖なる親族,Female|Strong Heroine|Modern|Mistaken Identity|Affair|Revenge|Heiress/Socialite|Saintly Parent
68085ab75a1ca0470205e2dc,68085ab75a1ca0470205e2dc,140000000000000216,逃げた花婿,https://v-mps.crazymaplestudios.com/images/ea81b5d0-23d9-11f0-a650-71056cbfe3ac.jpg,1,1,1,"父の高額な治療費を支払うため、修理工場の娘アイビーは、姉の代わりにわがまま御曹司バイロンとの政略結婚を受け入れる。
だが、結婚式当日、バイロンは式をすっぽかし、彼女に屈辱を味わわせた――。失意の中で始まった二人の結婚生活。「一年後に離婚する」という条件で結ばれたはずなのに、いつしかバイロンはアイビーに本気の想いを寄せ始める。揺れ動くアイビーの心。守るべきは、契約か、それとも……愛か？",2765323,60316,55,1,0,196386,8209,58u8tomear,1,女性向けのドラマ|スイート|モダン|結婚後の恋愛|契約の恋人|守る夫|ストロングウィル,Female|Sweet|Modern|Love After Marriage|Contract Lovers|Protective Husband|Strong-Willed
68197378ff3b4b3d760352f8,68197378ff3b4b3d760352f8,140000000000000227,初恋のクォーターバック,https://v-mps.crazymaplestudios.com/images/86f05060-3092-11f0-b65a-27549cd2a91e.jpg,1,1,1,"婚約者だったクォーターバックの裏切りにより、チアリーダーのマディの人生は崩れはじめた。そんな中、彼女はもう一人のフットボール選手、キャメロンに心を惹かれていく。どこか懐かしさを感じさせる彼の存在に戸惑いながらも、マディは新たな想いに向き合っていく。
しかし、彼女の前には次々と試練が立ちはだかる。元婚約者、チア部のキャプテン、そしてキャメロンの母親…
それぞれの思惑が、マディとキャメロンの関係を引き裂こうとしていた。",1888256,60447,55,1,0,194341,9037,p8ps9xg0q1,1,女性向けのドラマ|甘いロマンス|モダン|学園ロマンス|再会|運命の恋人|運動選手|学生,Female|Sweet Romance|Modern|Campus Romance|Reunion|Fated Lovers|Athlete|Student
68d61721090aaf7c6204f75f,68d61721090aaf7c6204f75f,140000000000000332,スターの夫をやめた日,https://v-mps.crazymaplestudios.com/images/8b92cd30-9c3c-11f0-a06b-bdb674869ea1.jpg,1,1,1,"ハリウッド女優を助けたことで、駆け出しの脚本家 ダニエル・ジョンソンの人生が一変する。それから10年、ダニエルはアメリカの恋人と呼ばれる大スター サブリナ・ドノヴァンと結婚し、専業主夫になる。しかし妻や子どもからはぞんざいに扱われる日々。
そんな中、サブリナを捨てた元カレが現れ、ダニエルをさらなる地獄に突き落とす。
耐えかねたダニエルは、ついに離婚を決意。
大切なものを失ったことに気づいたサブリナは…。",98338,865,55,1,0,7169,236,6c639cllrg,1,家族ドラマ,Family Drama
68fb5b527f3574da960ac057,68fb5b527f3574da960ac057,140000000000000348,うちのパパ、ホームレスで大富豪！？,https://v-mps.crazymaplestudios.com/images/2d419930-b62e-11f0-b4b4-bd031586a1b7.jpg,1,1,1,デイジーとアレクスは、かつて幸せな恋人同士だった。だが、アレクスは交通事故で重傷を負い、姿を消してしまう。一方、デイジーも出産時のショックで記憶を失っていた。五年後、娘のポピーを連れて戻ってきたデイジーは、ホームレスのような姿となり、事故の後遺症で記憶も知性も失ったアレクスと偶然再会する。デイジーはポピーと共に彼を家に迎え入れ、三人で暮らし始める。やがて、彼らは過去の誤解を解きながら、裏で糸を引いていた悪人たちに立ち向かうのだった。,103897,948,55,1,0,7710,284,akfqog5tej,1,甘いロマンス,Sweet Romance
673f0df3d136ee38300bfab3,673f0df3d136ee38300bfab3,140000000000000123,裏切りと正義～夫への復讐～,https://v-mps.crazymaplestudios.com/images/f277e0b0-ad56-11ef-a2d6-41216ff1602c.jpg,1,1,1,青年センターの崩壊で娘アリッサを失ったヘイゼルは、夫ジェイスが元恋人キャンディスとその娘を優先して救ったことに怒り、悲しみを慈善活動への原動力に変え、財団を設立した。一方、罪悪感に苦しむジェイスは自己放逐を選び、償いを模索する。最終的にヘイゼルは新たな恋を見つけ、ジェイスに自身の行動の責任と向き合わせることで前進していく。,331288,46563,56,1,0,20526,148,3hy855asam,1,女性向けのドラマ|家族ドラマ|コンテンポラリー|復讐|お涙ちょうだい|済度|インディペンデント・ウーマン,Female|Family Drama|Contemporary|Revenge|Tear-Jerker|Redemption|Independent Woman
67d783ef7a49169f06032a4a,67d783ef7a49169f06032a4a,140000000000000194,離婚後、私は億万長者の令嬢になりました,https://v-mps.crazymaplestudios.com/images/e0e12b40-091d-11f0-a38f-0d66b56fc320.jpg,1,1,1,超お金持ちかつ大手会社の社長であるクララは正体を隠して、自分の旦那の研究にこっそり資金をサポートしていた。しかしその旦那のミロはクララを裏切り、研究が完成に差し掛かったタイミングで浮気するのである。今までクララからのサポートを知らない旦那は離婚を迫り、クララを侮辱するのである。がっかりしたクララはそこで億万長者社長に戻ると決心し、旦那のミロに与えた支援をすべて取りやめた。しかし、旦那が真実に気づいた時は既に時遅し…,2367766,40115,56,1,0,201140,8729,cavy4orczj,1,女性向けのドラマ|悪女ヒロイン|モダン|身分を隠せ|ビジネス|浮気|億万長者|相続人/社会人,Female|Strong Heroine|Modern|Hidden Identity|Business|Affair|Billionaire|Heiress/Socialite
67e0c68111276a4cd60a758f,67e0c68111276a4cd60a758f,140000000000000195,億万長者に溺愛されて困ってます,https://v-mps.crazymaplestudios.com/images/c6abf4f0-0f6f-11f0-a38f-0d66b56fc320.jpg,1,1,1,大学生アメリアは恐ろしい罠からCEOのレオに救われ、一夜の過ちから妊娠。彼は彼女を「金目当て」と疑う中、元恋人が「息子」を連れて現れる。果たしてレオは、嘘を見破り、真実の愛を掴むことができるのか？,3354983,50336,56,1,0,183123,7673,dmrqx4ozex,1,女性向けのドラマ|甘いロマンス|モダン|偽りの恋人|三角関係|浮気|億万長者|学生,Female|Sweet Romance|Modern|Fake Relationship|Love Triangle|Affair|Billionaire|Student
680065d17b46cf427c03fa02,680065d17b46cf427c03fa02,140000000000000205,元カレの父に恋してしまった,https://v-mps.crazymaplestudios.com/images/4a293c30-1f4b-11f0-a650-71056cbfe3ac.jpg,1,1,1,婚約者の裏切りを知った夜、見知らぬ男性と過ごした一夜。それが婚約者の父だと知った時、全ては変わった。彼の導きで、禁断の扉を開いた私。支配と服従の世界で、新しい自分を見つけていく――,12148853,166690,56,1,0,194137,6581,wypksvxows,1,女性向けのドラマ|モダン|年齢差|タブー|億万長者|無邪気な乙女|イケオジ/ディルフ,Female|Modern|Age Gap|Taboo|Billionaire|Innocent Damsel|Hot Daddy/DILF
682c1f68ecb0d7ca860905d8,682c1f68ecb0d7ca860905d8,140000000000000230,オフィスで始まる恋の駆け引き,https://v-mps.crazymaplestudios.com/images/1baebb90-37c0-11f0-b65a-27549cd2a91e.jpg,1,1,1,社内不倫の濡れ衣で解雇されたオリヴィア。再就職先で彼女を待っていたのは、昨夜一夜を共にした男――新社長テオ・ワイルダーだった。仰天する彼女に、テオは「君を必ず恋に落とす」と挑発的に宣言。オフィスを舞台に始まるのは、甘く危険な誘惑ゲーム。果たしてオリヴィアは理性を貫けるのか、それとも禁断の愛に堕ちるのか――。,9163431,130062,56,1,0,215705,10634,k69werbgrr,1,女性向けのドラマ|甘いロマンス|モダン|オフィスラブ|再会,Female|Sweet Romance|Modern|Office Romance|Reunion
68be39a5003483579d0f9450,68be39a5003483579d0f9450,140000000000000320,逆転オーナー,https://v-mps.crazymaplestudios.com/images/4e8031b0-8f82-11f0-a06b-bdb674869ea1.jpg,1,1,1,これはジャック・パーカーの物語。妻と息子に深い愛情を注いでいるが、自分は無一文の孤児だから、妻の家族は常に軽蔑され、婚姻を破壊させた。しかし運命は一変、ジャックは世界有数の大手会社の相続人となった。妻の家族に大富豪の実力を証明できなければ、結婚は破綻し、娘は奪われ、やがては自身の命さえも危険に晒されることになる！,94116,757,56,1,0,6810,278,m8ds22c1tv,1,立身出世,Rags to Riches
69421d3aa16cee9b6f0db489,69421d3aa16cee9b6f0db489,140000000000002482,静かなるガーディアン,https://v-mps.crazymaplestudios.com/images/90febba0-df01-11f0-84ad-6b5693b490dc.jpg,1,1,1,"元特殊部隊兵士コール・スレイド コードネームリーパー。
戦死した親友の最期の願いを果たすため、身を隠して警備員として生きていた。
その願いとは妹のヴィクトリアを守ること。
だがヴィクトリアの結婚式当日、会場には誰もおらず、裏ですべて仕組まれていたことが発覚する。
ヴィクトリアは事態を乗り切るためコールに“偽装結婚”を強要。
コールはヴィクトリアを守るため、少しずつその力を見せていく。",11046,418,56,1,0,7377,364,fy8mvv4jjk,1,カムバックストーリー,Comeback Story
679733dcc433ee9b23087d65,679733dcc433ee9b23087d65,140000000000000171,恋はフルスロットル,https://v-mps.crazymaplestudios.com/images/675f9740-e535-11ef-a54e-99edf5fd5287.jpg,1,1,1,平凡なリリアンは結婚式で恋人が親友と浮気していたと知り、衝動的に居合わせた整備士ルーカの手を取り結婚を決意。だが彼は実は伝説のレーサー兼億万長者CEO「ハミルトン」だった。偽装から始まった夫婦生活は、甘い波乱を経て本物の愛へと加速する。,2887234,46014,57,1,0,219031,10141,g0aluq293w,1,女性向けのドラマ|スイート|コンテンポラリー|スピード婚|身分を隠せ|結婚後の恋愛|無邪気な乙女|億万長者,Female|Sweet|Contemporary|Flash Marriage|Hidden Identity|Love After Marriage|Innocent Damsel|Billionaire
68006607e3de3d92f00fa18a,68006607e3de3d92f00fa18a,140000000000000211,愛のすれ違い 〜7年後の再会〜,https://v-mps.crazymaplestudios.com/images/974ccd10-21b7-11f0-a650-71056cbfe3ac.jpg,1,1,1,愛する彼の未来を守るため、グロリアはわざと冷たく振る舞い、別れを選んだ。それから七年、政略結婚を強いられた彼女の前に現れた婚約者の叔父は、かつての恋人であり、今や成功を手にした男性だった。再び交差する視線、蘇る想い、そして明かされていく誤解と真実。すれ違い続けた二人に、もう一度愛し合うチャンスは訪れるのか。,3951754,66097,57,1,0,208552,7153,pc7wubiae2,1,女性向けのドラマ|二度目のチャンス|モダン|再会|三角関係|億万長者,Female|Second Chance|Modern|Reunion|Love Triangle|Billionaire
6805f017bb1ea9eaed08ae8f,6805f017bb1ea9eaed08ae8f,140000000000000208,悪魔に囚われた花嫁,https://v-mps.crazymaplestudios.com/images/035b2790-21b8-11f0-a650-71056cbfe3ac.jpg,1,1,1,"婚約者が命を懸けたロシアンルーレットに敗れた結婚式で、ミアは冷酷な武器商人にさらわれた。
拘束されながらも、男の危険な魅力に心を揺さぶられていく。道徳と欲望の狭間で揺れる彼女は、果たして自分自身を守り抜けるのか。",10194612,123133,57,1,0,176481,7589,tml3f3u96n,1,女性向けのドラマ|中毒性がある恋愛|マフィア|敵から恋人へ|復讐|愛憎,Female|Toxic Love|Mafia|Enemies to Lovers|Revenge|Love-Hate
683555e93faf19070b02fc9c,683555e93faf19070b02fc9c,140000000000000239,欲望に呑まれた夜の行方,https://v-mps.crazymaplestudios.com/images/0f9cfc50-d021-11f0-84ad-6b5693b490dc.jpg,1,1,1,男のイかせ方を知りたいの。アシュトン・レヴィーンは親友の弟で、絶対に手を出してはいけない相手――だったはずなのに…あの夜、バーのテーブルの下で理性を失った瞬間から、すべてが変わった。彼に“セックスの先生”を頼むルールはシンプル。キスしない。セックスしない。恋に落ちない。でも、レッスンをするたびに、体が素直になっていく。「友達」だけじゃ、もう足りない。彼との“すべて”を望むのは、欲張りすぎ？,1826807,59728,57,1,0,204461,6645,7l4cqfup6r,1,女性向けのドラマ|官能小説|モダン|友達から恋人へ|隠された気持ち|三角関係|相続人/社会人,Female|Erotica|Modern|Friends to Lovers|Hidden Feelings|Love Triangle|Heiress/Socialite
67d783d5af1655c2a60892af,67d783d5af1655c2a60892af,140000000000000189,お父さんの友人に恋して,https://v-mps.crazymaplestudios.com/images/9fccaa90-091c-11f0-a38f-0d66b56fc320.jpg,1,1,1,医学生のカイリーは、父の親友ジャクソンに抱く長年の思いを胸に秘めていた。二人がニューヨークで共に暮らし始めた日から、カイリーの大胆な誘惑が始まる。ジャクソンは理性と友情の狭間で揺れ動き、カイリーの情熱に心を奪われる。しかし、禁断の愛の先に待っているのは、誰も予想しなかった衝撃の展開。友情と裏切り、欲望と痛みが交錯する中、二人の関係は一線を越えて予想外の悲劇へと突き進んでいく。切なくも激しいラブストーリー、あなたは最後まで目が離せない。,2348765,38043,58,1,0,176464,7076,4b727oslyr,1,女性向けのドラマ|モダン|年齢差|タブー|幼馴染みの恋人|イケオジ/ディルフ|Julia Lynn Clarke,Female|Modern|Age Gap|Taboo|Childhood Sweetheart|Hot Daddy/DILF|Julia Lynn Clarke
6842619a92432df6a30b4f56,6842619a92432df6a30b4f56,140000000000000258,薔薇は棘を隠す,https://v-mps.crazymaplestudios.com/images/71e49050-d024-11f0-84ad-6b5693b490dc.jpg,1,1,1,王女―リィアは王室の生活より、自由を望んでいる。しかし、愛を選び、今までの生活を捨てたリィアは、裏切りに遭い捨てられる。でも、彼女は決して折れない。秘密を抱えた新たな運命の相手との出会いは全てを変える。リィアは権力闘争と欺瞞、そして転生の渦に巻き込まれる。もう従うつもりはない。今こそ王座を奪還し、愚弄した者たちに復讐する時だ！,434792,58207,58,1,0,221385,7527,ymiybisvic,1,女性向けのドラマ|悪女ヒロイン|ファンタジー|身分を隠せ|復讐|スピード婚|ロイヤル/貴族,Female|Strong Heroine|Fantasy|Hidden Identity|Revenge|Flash Marriage|Royalty/Nobility
68c8c9cd8e1f660f9f0e50c0,68c8c9cd8e1f660f9f0e50c0,140000000000000318,お嬢様には手を出すな,https://v-mps.crazymaplestudios.com/images/0caef810-9942-11f0-a06b-bdb674869ea1.jpg,1,1,1,彼氏の身代わりとなり、少年院に収監されたシエラ。出所後、彼女を待っていたのは、自分が国内有数の大富豪一族の“失踪した令嬢”であるという衝撃の事実だった。復学した彼女を待っていたのは、元カレと元親友の裏切り。さらに元親友は、シエラの正体を隠れ蓑に学園の女王として君臨していた。偽りの女王の座を奪い、すべてを取り戻すための壮絶な復讐劇が、今、幕を開ける。,147161,1196,58,1,0,7224,360,49fbq0wblu,1,ヤングアダルト,Young Adult
68c8c9e52ca71adaa90d321a,68c8c9e52ca71adaa90d321a,140000000000000328,家無し少女と大富豪,https://v-mps.crazymaplestudios.com/images/03943af0-9943-11f0-a06b-bdb674869ea1.jpg,1,1,1,"アデル・ムーアは一夜の過ちで妊娠してしまい、
子どもを産む決意をするが、父親に勘当され家を追い出される。
行き場を失ったアデルはホームレスとなり、厳しい境遇の中で必死に息子を育てていく。
ある日、アデルの息子ブラッド・ムーアは、大富豪ヘストン・デレオンと偶然出会う。
その出会いから、ヘストンはブラッドが自分の息子だと知る。
数々の誤解とすれ違いの末、アデルとヘストンは再び運命の糸に絡め取られていく！",324874,2081,58,1,0,7369,330,jquayvwnfl,1,甘いロマンス,Sweet Romance
66c2b1f7629adead4c0d1fc3,66c2b1f7629adead4c0d1fc3,140000000000000089,億万長者の夫と愛なき結婚、別れが去った,https://v-mps.crazymaplestudios.com/images/b58da30635b449ff.jpg,1,1,1,ジョイスは夫ヘンリーが硬くならないため離婚したいが、ヘンリーはセックスレスの結婚生活を捨てようとしない。彼の両親は、事業と財産を彼に譲るか弟に譲るかを決める前に、跡継ぎを要求するため、彼の相続財産は危機に瀕している。ヘンリーはジョイスが愛ではなくお金のために結婚したと確信している。ジョイスは彼が間違っていることを証明しようと決心するが、そんな時、母親ががんと診断され、どうしてもお金が必要になる…,3235302,56740,59,1,0,24380,332,t8wf1b0j6n,1,女性向けのドラマ|悪女ヒロイン|コンテンポラリー|離婚後の愛|フィール・グッド|タブー,Female|Strong Heroine|Contemporary|Love After Divorce|Feel-Good|Taboo
678a202609669df8c00d2713,678a202609669df8c00d2713,140000000000000162,クビになった後、 敵社で逆襲を誓う,https://v-mps.crazymaplestudios.com/images/0f1db370-d93a-11ef-a54e-99edf5fd5287.jpg,1,1,1,エリック、シリコンバレーで最も名高い技術者が、 CEO の息子ウィリアムに解雇された後、元会社のライバル企業の魅力的な CEO、イブリンと手を組む。これにより、彼の元勤務先の会社は倒産に追い込まれ、ウィリアムが自分が間違った人物を解雇したことに気づいたときには、もう手遅れだった……,6346249,88377,59,1,0,195374,7541,6q54fjisi6,1,男向けのドラマ|カムバックストーリー|コンテンポラリー|身分を隠せ|とぼける|ビジネス,Male|Comeback Story|Contemporary|Hidden Identity|Playing Dumb|Business
6823f978162b401cd40bcad1,6823f978162b401cd40bcad1,140000000000000244,別れの賭け、5年後に,https://v-mps.crazymaplestudios.com/images/8c5b2ce0-351b-11f0-b65a-27549cd2a91e.jpg,1,1,1,「5年後、お互いに独身だったら結婚しよう」――別れ際にそう約束したレイラとジョシュア。5年後、世界的シェフとして成功したジョシュアが、突然レイラの職場に料理長として現れる。彼は約束を果たそうとするが、レイラは体調への不安から「婚約している」と嘘をついてしまう。偽りの言葉、忘れられない想い。再び惹かれ合う二人の心は、時を越えて繋がるのか――。,2492338,62427,59,1,0,221869,10738,afeufyzwkn,1,女性向けのドラマ|二度目のチャンス|モダン|再会|三角関係|億万長者,Female|Second Chance|Modern|Reunion|Love Triangle|Billionaire
6891d57510c59713c307ea50,6891d57510c59713c307ea50,140000000000000296,クチュールの女王は黙らない,https://v-mps.crazymaplestudios.com/images/fb9d52b0-7678-11f0-a06b-bdb674869ea1.jpg,1,1,1,ダニーは地味で目立たないデザイナーだったが、パリ ファッションウィークのショーで会社を救う大逆転を成し遂げ。しかし、努力嫌いだがスタイリッシュなインターンのブリンに手柄を横取りされ、更に社長の野心むき出しの娘の策略で解雇されてしまう。転機はライバル企業からのスカウト、世紀の大変身を遂げたダニーは、真の才能を爆発させ、クチュールの女王としての王座を奪還することを誓う！,5802446,83993,59,1,0,236452,10971,dnajyf1o1r,1,悪女ヒロイン,Strong Heroine
68d204f8e247d35df0030a34,68d204f8e247d35df0030a34,140000000000000330,間違えられた番：ルナの後悔,https://v-mps.crazymaplestudios.com/images/0dc087b0-9a09-11f0-a06b-bdb674869ea1.jpg,1,1,1,アルファ・カスピアンの姉マリナがルナの戴冠式に駆けつける。だが、ルナのウィローは姉を愛人と勘違いする。嫉妬したウィローはマリナをいじめ、流産させてしまう。ブルックス兄姉は復讐を始める…,64095,730,59,1,0,7545,340,7byukgv5of,1,家族ドラマ,Family Drama
68d39741bad1adc73a03b6e5,68d39741bad1adc73a03b6e5,140000000000000329,あなただけ知らない私たちの子,https://v-mps.crazymaplestudios.com/images/d7538c00-9c32-11f0-a06b-bdb674869ea1.jpg,1,1,1,5年前にふくよかなウェイトレスのスカーレットはブランドンの命を救い、熱い夜を共に過すものの、直後に姿を消した。今、彼女は痩せて別人のようになり戻ってきた。一方、彼は孤立気味なCEOでありながら、未だ自分がスカーレットの娘の父だと知らない。,246021,2173,59,1,0,6473,317,j76jq7lad0,1,甘いロマンス,Sweet Romance
66a0749ac9afd408a10ecabe,66a0749ac9afd408a10ecabe,140000000000000011,禁断のアルファとの運命,https://v-mps.crazymaplestudios.com/images/94a20d6f1878534c.jpg,1,1,1,セリーンはブラッドムーンの群れの中で孤児となり無視されて育ちました。彼女の唯一の夢は、18歳になって虐待者たちから逃げること。しかし、上の月の女神は彼女に別の計画を持っていて、すぐにセリーンは自分の配偶者がブラッド・ムーンのアルファ・ジャクソンであることに気づきます。まさに彼女が嫌いで逃げたいと思っている男です...それとも彼ですか？もう一人のアルファも自分の仲間だと主張したらどうなるでしょうか?!,110581,589,60,1,0,24434,209,6c3uov5qns,1,運命の恋人|ファンタジー|身分を隠せ|狼男|スイート|女性向けのドラマ|Autumn Noel|無邪気な乙女|Kasey Esser|John William DiCaro,Fated Lovers|Fantasy|Hidden Identity|Werewolf|Sweet|Female|Autumn Noel|Innocent Damsel|Kasey Esser|John William DiCaro
6698e7d61fcec9e028016cde,6698e7d61fcec9e028016cde,140000000000000045,夫の二重生活〜 億万長者の正体を暴く！〜,https://v-mps.crazymaplestudios.com/images/091333c0-9825-11ef-a2d6-41216ff1602c.jpg,1,1,1,セバスチャン・クラインはクライン家の私生児だ。噂によれば、彼は刑務所から出所したばかりの、何の役にも立たない人生の負け組だ。ナタリー・クインに会うまでは、誰も彼と結婚したくなかった。でも実は…ナタリーがビリオネアと結婚していたのだ！真実を知ったとき、彼女はどうなるのか？それよりも、そもそもなぜセバスチャン・クラインは正体を隠しているのか？,258431,1324,60,1,0,23998,265,i7zw7gpy44,1,結婚後の恋愛|身分を隠せ|守る夫|億万長者|コンテンポラリー|スイート|女性向けのドラマ|無邪気な乙女,Love After Marriage|Hidden Identity|Protective Husband|Billionaire|Contemporary|Sweet|Female|Innocent Damsel
67a2ccccb426b10bd2025d08,67a2ccccb426b10bd2025d08,140000000000000166,友達から恋人に,https://v-mps.crazymaplestudios.com/images/61e46110-e841-11ef-a54e-99edf5fd5287.jpg,1,1,1,アリア・ウォーカーは親の決めた縁談から逃れるため、何としてでも夫が必要だった。長年の恋人が彼女の親友のために彼女と別れると告げた時、心が折れたアリアはかつての知り合いでフードトラックで働くノーマン・ヒルに助けを求める。だが、ノーマンには彼女がまだ知らない大きな秘密があった。彼は実は億万長者のCEOだったのだ。自分勝手な家族と恨みを持つ親友がアリアをことごとく邪魔しようとするが、ノーマンの支えにより、アリアの結婚生活は思わぬ形で確かなものとなっていく。,4169657,60081,60,1,0,224806,9959,sny86g2oyj,1,女性向けのドラマ|スイート|コンテンポラリー|スピード婚|身分を隠せ|結婚後の恋愛|億万長者|無邪気な乙女,Female|Sweet|Contemporary|Flash Marriage|Hidden Identity|Love After Marriage|Billionaire|Innocent Damsel
6823f925678252fdb0047488,6823f925678252fdb0047488,140000000000000222,親友の兄には絶対恋しちゃダメなのに,https://v-mps.crazymaplestudios.com/images/5d016640-351a-11f0-b65a-27549cd2a91e.jpg,1,1,1,家族を救うため、ハンプトンの夏で親友サムの「偽恋人」となったオリーブ。報酬は弟を奪還できるほどの大金――ただし条件は「サムの兄に恋しないこと」。だが一夜かぎりの情熱を忘れられない彼女は、その想い人がまさに件の兄であることに気づいてしまう。嘘で結ばれた契約と禁断の想いが交錯し、オリーブは家族への愛か真実の恋か、運命を揺るがす究極の選択を迫られる。,5082044,81017,60,1,0,213331,10091,masl8pckv3,1,女性向けのドラマ|ヤングアダルト|モダン|人違い|ワンナイトラブ|強烈な性的緊張|学生,Female|Young Adult|Modern|Mistaken Identity|One Night Stand|Intense Sexual Tension|Student
68634c72c214cb588806ff9d,68634c72c214cb588806ff9d,140000000000000269,ワスレナグサの君,https://v-mps.crazymaplestudios.com/images/0e54c700-5bc4-11f0-b471-b9eef54adbd8.jpg,1,1,1,愛する人の命を救うため、ロッティは彼のもとを去らざるを得なかった。数年後、二人は再会するが、彼はすでに莫大な資産を持つ敏腕弁護士となっていた。しかしそれだけではなく、彼はロッティに対して冷酷な復讐心を抱いていた……なぜなら、かつて彼を救うために、自らの手で彼を刺したのが、ロッティだったからだ。,65237,561,60,1,0,7734,316,s14hfoq3p8,1,中毒性がある恋愛,Toxic Love
6925593705bef17390057d66,6925593705bef17390057d66,140000000000002251,映画スターの落とし方,https://v-mps.crazymaplestudios.com/images/2fc666b0-cf45-11f0-84ad-6b5693b490dc.jpg,1,1,1,野心的なキャスティングアシスタントのクリオ・マーロウは、映画スターのブレイク・ワイルダーを出演させようと、自分の全てを賭ける。だが、彼が承諾するとは思わず、家を出入りする姿をパパラッチに撮られてしまう。寝て出世した噂を立てられたクリオは、ハリウッドの話題の的になる。評判が落ちる中、冷酷で無愛想なブレイクが予想外の形でクリオを支え始める。,45456,483,60,1,0,7302,221,fma1i5rxw2,1,甘いロマンス,Sweet Romance
692e52a9650e96242c087265,692e52a9650e96242c087265,140000000000002394,別れから始まる恋のおとぎ話,https://v-mps.crazymaplestudios.com/images/c1d1fbf0-d4c7-11f0-84ad-6b5693b490dc.jpg,1,1,1,誕生日に大学時代の恋人のエイデンに捨てられたミアは、衝動に駆られて、危険だけど魅力的なモレッティ犯罪一家の若きリーダーのカーソンに求婚する。現実からの一時の逃避のはずだった関係に、やがて情が芽生えていく。一方、執着と嫉妬に狂ったエイデンはミアを取り戻そうと、彼女の新しい人生を壊そうとする。だが、ミアは過去を振り返らず、カーソンと共に強く前進して、エイデンに失ったものの大きさを思い知らせようとしていた。,53953,558,60,1,0,8222,248,3kj49o5q37,1,悪女ヒロイン,Strong Heroine
67bc1a83b9b7d4768e0f984f,67bc1a83b9b7d4768e0f984f,140000000000000169,思わぬ運命の出会い,https://v-mps.crazymaplestudios.com/images/7708f880-f412-11ef-a38f-0d66b56fc320.jpg,1,1,1,仕事に生きる女社長は、婚約者の裏切りで人生が一変。最大の商談を失敗し、祖父のホテル会社から山奥の小さな宿を任されることに。そこには、人情を重んじるイケメンの共同経営者がいて、彼女と一緒にシャレーに住むことになる。恋と仕事、どちらを選ぶのか？,3875374,57901,61,1,0,202826,8580,7qshtxsr7t,1,女性向けのドラマ|甘いロマンス|コンテンポラリー|敵から恋人へ|人違い|ラブコメ|インディペンデント・ウーマン,Female|Sweet Romance|Contemporary|Enemies to Lovers|Mistaken Identity|Rom-Com|Independent Woman
67c548fa7a9797ef7d052515,67c548fa7a9797ef7d052515,140000000000000187,炎の中で出会った運命の人,https://v-mps.crazymaplestudios.com/images/b3366cc0-fb3d-11ef-a38f-0d66b56fc320.jpg,1,1,1,クロエの結婚式当日に火災が発生。その婚約者ケビンは、義理の妹レイチェルを救うためクロエを危険に晒したまま去り、炎の中から彼女を救出したのはレオだった。母親の遺産を取り戻すため、レオが億万長者のCEOだと知らないまま、クロエは衝動的に彼と結婚した。時が経つにつれ、レオは次第に本気で恋に落ち、クロエに己がすべてを捧げるようになった。,5087985,44654,61,1,0,185837,6690,io3rktxdml,1,女性向けのドラマ|甘いロマンス|モダン|スピード婚|身分を隠せ|億万長者|インディペンデント・ウーマン,Female|Sweet Romance|Modern|Flash Marriage|Hidden Identity|Billionaire|Independent Woman
67fe1a3f236e571ba20f4415,67fe1a3f236e571ba20f4415,140000000000000193,電撃結婚！妻は天才ハッカー！？,https://v-mps.crazymaplestudios.com/images/2ac8d2c0-1a77-11f0-a650-71056cbfe3ac.jpg,1,1,1,アリス・ブレスリンは、暴力男を振り切ろうと、とっさに社長のグラント・ベガにキスをしてしまう。ベガは彼女を連れ去り、そのまま二人は結婚。突然の結婚をきっかけに、二人は一緒に日を過ごすことで、お互いの気持ちを深めていく。ドラマチックな展開の中、グラントは、アリスが実は思いがけず、自分がずっと探し続けていた天才ハッカー「グリッチ」であることに気づくのだった。,10877217,121574,61,1,0,191772,9512,m3yj0u1u1v,1,女性向けのドラマ|トキシック|モダン|スピード婚|身分を隠せ|インディペンデント・ウーマン,Female|Toxic|Modern|Flash Marriage|Hidden Identity|Independent Woman
6836b7aef87c3e88af08a317,6836b7aef87c3e88af08a317,140000000000000245,アイスホッケーの王子様との別れ方,https://v-mps.crazymaplestudios.com/images/ff622450-42ae-11f0-b65a-27549cd2a91e.jpg,1,1,1,大財閥の令嬢という肩書きを捨て、一人の妻として、植物状態の夫の介護とNHL復帰を支え続けたレネ。全てを犠牲にしてきた彼女だったが、流産という悲劇が訪れたとき、残酷な真実と向き合うことになる――自分が命をかけて守ろうとしたその人は、最初から別の誰かを選んでいたのかもしれない。揺れる心の先に、彼女が選ぶ未来とは――。,425886,38888,61,1,0,233189,9188,4hapug0i2n,1,女性向けのドラマ|悪女ヒロイン|モダン|身分を隠せ|三角関係|インディペンデント・ウーマン|運動選手,Female|Strong Heroine|Modern|Hidden Identity|Love Triangle|Independent Woman|Athlete
686b665925c7d440c10864fc,686b665925c7d440c10864fc,140000000000000265,偽りの契約から真実の愛,https://v-mps.crazymaplestudios.com/images/12430da0-5bc3-11f0-b471-b9eef54adbd8.jpg,1,1,1,家族を失ったライラは、ウルフスベイン家に7年間囚われ、アルファ・ロランドから虐待を受け続けていた。ある脱走中、彼女はムーンシャドウ家の最強のアルファ・アルフレッドと一夜を共にし、妊娠した。アルフレッドはライラを救出し、自分の家族へ連れ帰る。彼女を守るため、二人は「契約結婚」を結んだ。,127055,994,61,1,0,7177,315,sp7w55kvxr,1,甘いロマンス,Sweet Romance
686b6674b9c494d2230aa39d,686b6674b9c494d2230aa39d,140000000000000278,悲しみはどこまでも,https://v-mps.crazymaplestudios.com/images/cbd2d9b0-620f-11f0-a06b-bdb674869ea1.jpg,1,1,1,シャーロット・ヘイスティングの人生は、夫の怠慢と美人社員への依怙贔屓がきっかけで娘が命を落としたことで、突如暗転した。夫には何を言っても信じてもらえず、娘を隠しているとさえ疑われ、地獄の日々を味わされ続ける。,83119,650,61,1,0,7239,311,4ov2qkuieg,1,家族ドラマ,Family Drama
68c8c93c37762610fd000639,68c8c93c37762610fd000639,140000000000000327,氷上のアルファと惹かれ合う,https://v-mps.crazymaplestudios.com/images/c5bcd850-9469-11f0-a06b-bdb674869ea1.jpg,1,1,1,ニーナは浮気された直後ホッケー主将エンツォと一夜を過ごすが、彼には同じ相手と二度寝たら死ぬ信条があった。だが、相手が運命の番ならセーフ。一方、ニーナは初体験を失ったことで自身のハイブリッドの側面が覚醒し、姉のセリーナと再会するも、彼女の陰謀でニーナはライカン王国へ拉致され、エンツォも宿敵とのホッケー試合に翻弄されつつ救出に向かう。ニーナとエンツォは結ばれ、彼女が運命の相手と判明し婚約して幸せを掴む。,49800,682,61,1,0,7394,362,nuurwnspwd,1,ダークロマンス,Dark Romance
68ca161dfa30bb8169087fc9,68ca161dfa30bb8169087fc9,140000000000000333,私の冷血父親がマフィアボス,https://v-mps.crazymaplestudios.com/images/eaed0040-9a05-11f0-a06b-bdb674869ea1.jpg,1,1,1,体外受精が成功した日に、エリーはフィアンセと親友の不倫を知った。絶望の中、彼女は一人で子供を育てることを決めた。しかし精子が取り違えられ、彼女が身ごもったのはマフィアのボスの子だった。それで、彼女は否応なくマフィアの後継者争いに巻き込まれた。お腹の中の子を守るため、彼女はマフィアボスとの契約結婚を受け入れた。でもまさか、二人がこの関係から本当の愛を見出すとは、誰もが予想しなかった。,77837,667,61,1,0,6651,236,c1tcyb0t2t,1,甘いロマンス,Sweet Romance
68fb5b144e77db12af061999,68fb5b144e77db12af061999,140000000000000352,令嬢は嘘をつかない,https://v-mps.crazymaplestudios.com/images/31305c60-d105-11f0-84ad-6b5693b490dc.jpg,1,1,1,家族に甘やかされて育った本物の令嬢エリは、濡れ衣を着せられ、少年院に入ってしまった。そこではなりすまし令嬢の指示によって、残酷な虐待を日々受けていた。三年間の少年院生活の末、ようやく釈放されたエリは心身ともに傷ついたが、家族は誰も分かってくれない。その義肢が取れた時、家族はようやくすべての真実を知るのである。,88626,704,61,1,0,8654,346,caifh6e80p,1,家族ドラマ,Family Drama
691c0c4b0371913d040a777f,691c0c4b0371913d040a777f,140000000000002210,反逆狼と禁じられた運命,https://v-mps.crazymaplestudios.com/images/6b4c1060-c9c6-11f0-84ad-6b5693b490dc.jpg,1,1,1,"両者の一族は互いに殺し合い、憎しみを誓い合っている…。それでも、2人の惹かれ合う心は止められない。
アルファのお姫様メイヴは、王国の過酷なルペリオム士官学校を生き抜くと決め、入学する。だが、まさか最強の狼で天敵でもあるサクソン・ブラックムーアとの運命の絆を結ぶことになるとは予期してなかった。
今、彼女が欲してはいけないはずのこの狼こそが、唯一彼女を救える存在かもしれない。",88563,774,61,1,0,7892,256,kftuod5hxu,1,甘いロマンス,Sweet Romance
6936363d3957871e2b03aeb7,6936363d3957871e2b03aeb7,140000000000000378,あなたが忘れても私は覚えている,https://v-mps.crazymaplestudios.com/images/fd4d0ff0-d95c-11f0-84ad-6b5693b490dc.jpg,1,1,1,濡れ衣を着せられ、一夜で自由と娘と最愛の人を失ったニコル。7年後、正体を隠して、かつて自分を破滅に追いやった家にシッターとして戻る。元婚約者のイーサンは彼女だと知らないまま惹かれていく。忘れられた記憶と奪われた娘ライラが、二人を再び結びつけようとする。彼の頭は思い出せないが、心は忘れていない愛の物語。,46042,572,61,1,0,7808,341,iugerq1o4a,1,二度目のチャンス,Second Chance
67108131fce9cf2f04089e13,67108131fce9cf2f04089e13,140000000000000108,マフィアの夫の帰還,https://v-mps.crazymaplestudios.com/images/c53d6a50-8f8a-11ef-a2d6-41216ff1602c.jpg,1,1,1,レオはマフィアの王様としての身分を隠し、オリヴィアという普通の少女とデートしていた。彼女に正体を明かそうとした矢先、交通事故に遭い、植物状態に陥った。オリヴィアは忠実に彼の側にいた。八年後、目覚めたレオの最初の行動はオリヴィアにプロポーズすることだった。オリヴィアの親戚や友人はレオがただ車椅子のかわいそうな奴だと思ってたが、実際にはドン・ガンビーノ－－世界最強のマフィア一族の後継者であることを知らなかった。,3771824,70366,62,1,0,552,331,ch2k0f90u4,1,男向けのドラマ|カムバックストーリー|マフィア|フィール・グッド|身分を隠せ|守る夫|犯罪組織の親玉,Male|Comeback Story|Mafia|Feel-Good|Hidden Identity|Protective Husband|Crime Lord
6791a53ee87cd3f0b401b270,6791a53ee87cd3f0b401b270,140000000000000158,愛と裏切り ～夫の代償～,https://v-mps.crazymaplestudios.com/images/7aee29a0-df24-11ef-a54e-99edf5fd5287.jpg,1,1,1,娘が瀕死の重傷を負ったにもかかわらず、医師である夫アーロンは、昔の恋人モニカの子どもを優先し、自分の娘を救わなかった。最愛の娘を喪ったウィニーは、真相を追究しようと決意するが、夫の不信とモニカの妨害が彼女を追い詰める。果たして、愛と裏切りが交錯する果てに待つ真実とは――？衝撃の運命が今、動き出す。,2682897,54262,62,1,0,146435,4408,icddinvqyf,1,女性向けのドラマ|家族ドラマ|コンテンポラリー|あまりに遅すぎる|復讐|お涙ちょうだい|ストロングウィル|外科医,Female|Family Drama|Contemporary|All-Too-Late|Revenge|Tear-Jerker|Strong-Willed|Surgeon
67c548d2d6b8e75bf00e11a8,67c548d2d6b8e75bf00e11a8,140000000000000183,見知らぬ夫に 再び恋に落ちる,https://v-mps.crazymaplestudios.com/images/dd8896e0-fb26-11ef-a38f-0d66b56fc320.jpg,1,1,1,初対面の旦那ベンジャミンと偶然寝てしまい、そこで彼が自分との離婚を望んでいることを知る。逃げようとしたが、お金に困っているスタジオに、たまたまベンジャミンから新居改修依頼が来て、逃げることを断念。正体を隠しながら仕事をしていく中で、お互い惹かれていくのである。,5266136,46646,62,1,0,198873,8432,fxazofolpx,1,女性向けのドラマ|二度目のチャンス|モダン|結婚後の恋愛|人違い|億万長者|インディペンデント・ウーマン,Female|Second Chance|Modern|Love After Marriage|Mistaken Identity|Billionaire|Independent Woman
6805f049115241b2cf0366e8,6805f049115241b2cf0366e8,140000000000000215,黄金の鍵を握った庭師,https://v-mps.crazymaplestudios.com/images/3f9eb4b0-21b8-11f0-a650-71056cbfe3ac.jpg,1,1,1,グレイソン・ロジャーズは、ただの庭師ではなかった。過去5年間、彼は五国集団の五人の幹部を一人ずつ葬り去り、彼らの黄金の鍵を奪い取っていた。それは権力の象徴であると同時に、組織の全財産が眠る金庫を開ける唯一の手段でもある。今、グレイソンはすべてを終わらせ、愛する妻に贅沢で平穏な人生を贈ろうとしていた。しかし、真実を打ち明けようとしたその矢先、彼は妻が集団の幹部イワンと密会している現場を目撃してしまう。イワンは庭師としてのグレイソンの権限を利用し、黄金の鍵で守られた金庫への侵入を画策していた。グレイソンは自らが真の集団の支配者であることを証明しつつ、イワンを罠にかけねばならない。しかし、周囲の誰もが彼を「ただの庭師」としか見ていない——,4409656,68415,62,1,0,182730,8954,kg655qyozg,1,男向けのドラマ|カムバックストーリー|人違い|復讐|犯罪組織の親玉|店員,Male|Comeback Story|Mistaken Identity|Revenge|Crime Lord|Server
682c1f999aea292b7d0cd0ea,682c1f999aea292b7d0cd0ea,140000000000000231,イケメン義兄と、秘密の同居生活,https://v-mps.crazymaplestudios.com/images/0bd13b10-37c2-11f0-b65a-27549cd2a91e.jpg,1,1,1,母の再婚をきっかけに、名門・聖マリア学園へ転入したアリス。  新生活の中で出会ったのは、学園で一番人気のジェームズ──  …そして彼は、まさかの義理の兄だった！  一つ屋根の下で始まる同居生活は、すれ違いと胸キュンの連続。  「家族」だからこそ許されない、この気持ちの行方は…？,13825098,165010,62,1,0,211770,7391,hdhuue6dlc,1,女性向けのドラマ|ヤングアダルト|モダン|義理の兄弟姉妹|済度|学園ロマンス|学生|学園ハンサム,Female|Young Adult|Modern|Step Siblings|Redemption|Campus Romance|Student|Jock
6836b7d05bff06fba908bd38,6836b7d05bff06fba908bd38,140000000000000246,CEO女王の帰還,https://v-mps.crazymaplestudios.com/images/554a37d0-42b0-11f0-b65a-27549cd2a91e.jpg,1,1,1,15年前に姿を消したマリーさんは、三人の子供を引き取って小さな町で静かに暮らしていたが、重病にかかって倒れてしまった。養女グレースは必死に母を救おうとするが、他の子供たちは冷酷な本性を現してきて、お金のためにグレースを市長の息子と結婚させようとしてた。そこでマリーさんの実の息子である現CEOが現れ、驚愕の真実が明かされる――,427912,26604,62,1,0,236419,7613,a9djdn4m7c,1,女性向けのドラマ|悪女ヒロイン|モダン|身分を隠せ|復讐|億万長者,Female|Strong Heroine|Modern|Hidden Identity|Revenge|Billionaire
68d20563edf71eba4705e1d8,68d20563edf71eba4705e1d8,140000000000000335,失われた令嬢の逆襲,https://v-mps.crazymaplestudios.com/images/868d0130-9a7e-11f0-a06b-bdb674869ea1.jpg,1,1,1,"実の家族と生き別れ、清掃員の娘としてバカにされてきたケイティ・ウォーカーだったが、マドックス家の兄たちが現れ、自身がその妹だと知る。しかしその座はスクールカーストトップのスローン・スターリングに奪われてしまう。
実の家族を取り戻すため、ケイティの逆転劇が始まる。",90334,636,62,1,0,6945,256,4dbhbquicg,1,ヤングアダルト,Young Adult
67a99346e6c45fb0700c74d4,67a99346e6c45fb0700c74d4,140000000000000167,運命のように君に落ちる,https://v-mps.crazymaplestudios.com/images/b6d81970-e9b6-11ef-a54e-99edf5fd5287.jpg,1,1,1,エミリは結婚式当日に婚約者ヘンリーに捨てられる。親友フィオナに唆され、偽装結婚を決意。相手を勘違いし、実は億万長者の社長ウィリアムと結婚してしまう。ウィリアムは身分を隠し、エミリは彼が借金まみれと誤解。デザインコンペの日、フィオナとヘンリーはエミリを陥れようとするが…。二人の偽りの結婚生活、その行方は？,5161936,60007,63,1,0,197903,7520,3xel5lmg46,1,女性向けのドラマ|スイート|コンテンポラリー|身分を隠せ|結婚後の恋愛|スピード婚|億万長者|ストロングウィル,Female|Sweet|Contemporary|Hidden Identity|Love After Marriage|Flash Marriage|Billionaire|Strong-Willed
67b29ae75855d9bbce0d0b2b,67b29ae75855d9bbce0d0b2b,140000000000000177,令嬢とボディーガード,https://v-mps.crazymaplestudios.com/images/59b5c690-ef72-11ef-a38f-0d66b56fc320.jpg,1,1,1,三年前、ジャック・ホーキンスは邪悪なストーカーから大富豪令嬢グレース・クリステンセンを救出。しかし、再会時の些細な誤解が二人の心を遠ざける。再びグレイスに危機が迫る中、彼女の父はジャックを専属護衛に任命。強制される毎日の中で、禁断の感情が静かに燃え上がる――果たして、二人は心の壁を乗り越えられるのか？,4118787,44956,63,1,0,192134,6552,tcoo7zqle6,1,女性向けのドラマ|甘いロマンス|モダン|敵から恋人へ|再会|年齢差|タブー,Female|Sweet Romance|Modern|Enemies to Lovers|Reunion|Age Gap|Taboo
67f3440b2dc8c4880a0c4a26,67f3440b2dc8c4880a0c4a26,140000000000000192,呪われたアルファの沈黙の花嫁,https://v-mps.crazymaplestudios.com/images/ea91eb60-1a76-11f0-a650-71056cbfe3ac.jpg,1,1,1,声も狼も持たないと虐げられる少女レン。彼女の前に現れたのは、危険な呪いを秘めた孤高のアルファ、ハンターだった。「君は俺の伴侶だ」――運命に導かれ惹かれ合う二人。しかし、レンの呪いが秘める残酷な真実、ハンターを蝕む獣性、そして嫉妬と陰謀が二人を引き裂こうとする。絶望の淵でレンの中に眠る未知の力が目覚めるとき、傷ついた二人の愛は呪われた運命を覆せるのか？激しく切ない再生の物語。,3860845,65766,63,1,0,188536,8955,5ff9huibwa,1,女性向けのドラマ|甘いロマンス|ファンタジー|運命の恋人|狼男|モブキャラ|無邪気な乙女,Female|Sweet Romance|Fantasy|Fated Lovers|Werewolf|Wallflower|Innocent Damsel
6805ef2510b12097a805a9d0,6805ef2510b12097a805a9d0,140000000000000214,偽りの婚約～失われた娘を探して～,https://v-mps.crazymaplestudios.com/images/bf409d60-21b7-11f0-a650-71056cbfe3ac.jpg,1,1,1,高級コールガールのロージー・ドロレスは、産まれたときに引き離された娘を探すため、大富豪の独身父親タド・ウィリアムズとの偽の婚約に同意する。実はタドの娘リリーこそが7年間必死に探し続けていた実の娘だった。,5451922,72057,63,1,0,196565,7528,ya6h3k1myt,1,女性向けのドラマ|悪女ヒロイン|モダン|天才ベビー|年齢差|偽りの恋人|インディペンデント・ウーマン,Female|Strong Heroine|Modern|Genius Babies|Age Gap|Fake Relationship|Independent Woman
6847a22f2333dba5790bbd95,6847a22f2333dba5790bbd95,140000000000000254,院内恋愛の手引書,https://v-mps.crazymaplestudios.com/images/1c5424a0-d021-11f0-84ad-6b5693b490dc.jpg,1,1,1,研修医のモリーは、見知らぬ男と一夜限りの関係を持った。彼女は一度きりの関係だと思っていたが、一か月後に二つの衝撃的な事実を知ることになる。それは、彼の子供を妊娠していること…そしてその見知らぬ男は、彼女の新しい上司のグラハム・ウェストン医師であること。モリーの秘密が明らかになるやいなや、嫉妬深い家族やグラハムの過去を知る人物など、ライバルたちが現れ、モリーとグラハムの中を引き裂こうとする。周囲の思惑が交差するなか、二人は混乱を乗り切り、その中で愛を見つけることができるのか？,619156,44223,63,1,0,208799,10440,f1tnd9wtzb,1,女性向けのドラマ|甘いロマンス|モダン|年齢差|タブー|ワンナイトラブ,Female|Sweet Romance|Modern|Age Gap|Taboo|One Night Stand
684a3b2d2efda0672f0fc1ae,684a3b2d2efda0672f0fc1ae,140000000000000260,女王は泣かない,https://v-mps.crazymaplestudios.com/images/f338b6a0-d104-11f0-84ad-6b5693b490dc.jpg,1,1,1,7年前、ニコールは愛する夫イーサンのために一族の莫大な財産を捨てた。幸せな妻であり母親だと信じていたが、夫と親友エレインの裏切りで投獄され、最愛の娘も奪われてしまう。真実を知った今、ニコールは令嬢としての地位を取り戻し、娘を取り返し、本物の女王とは何かを世間に示す決意をする。,1120757,39430,63,1,0,223861,10812,dpxeeqq96q,1,女性向けのドラマ|悪女ヒロイン|モダン|家庭主婦|浮気|三角関係|天才ベビー,Female|Strong Heroine|Modern|Housewife|Affair|Love Triangle|Genius Babies
684a3b45ec8c6e2bea08f201,684a3b45ec8c6e2bea08f201,140000000000000256,禁断の教授と一夜の果てに,https://v-mps.crazymaplestudios.com/images/21a1df20-c6a7-11f0-84ad-6b5693b490dc.jpg,1,1,1,新学期初日、エミリーは恋人の浮気現場を目撃してしまう。傷心のまま迎えた夜、彼女は見知らぬ男性チャールズと衝動的な一夜を過ごしてしまう。しかし翌日、大学で再会した二人は驚愕する。チャールズはなんと彼女の新しい教授だったのだ。二人は“教師と生徒”として距離を保とうとするが、消せない想いが心を揺さぶる。そんな中、エミリーはある事実を知る——自分が妊娠しているということを。,1004832,45383,63,1,0,221178,7785,qtn1en7trp,1,女性向けのドラマ|甘いロマンス|モダン|年齢差|タブー|ワンナイトラブ|学生,Female|Sweet Romance|Modern|Age Gap|Taboo|One Night Stand|Student
6854d016c1a594aac4051304,6854d016c1a594aac4051304,140000000000000261,マフィア王の秘密,https://v-mps.crazymaplestudios.com/images/3075cc90-d021-11f0-84ad-6b5693b490dc.jpg,1,1,1,借金返済のため卵子提供に出たヴァネッサ。医療ミスで妊娠し、浮気した彼氏と別れ出産を決意する。だが相手は冷酷非道なマフィア王、マルチェッロだった。襲撃から救われ強制的に屋敷へ攫われるヴァネッサは、敵や家族から守る彼に惹かれていくが…マルチェッロはプレイボーイで殺戮も厭わない男。ヴァネッサはマフィア帝国の女王となり、伴侶として彼を受け入れるのか？,179394,1375,63,1,0,8639,419,x2aqmwhdbx,1,官能小説,Erotica
6865ea9b646f994bf80df0e8,6865ea9b646f994bf80df0e8,140000000000000276,ホームレスの夫と出会うまで,https://v-mps.crazymaplestudios.com/images/869558e0-d024-11f0-84ad-6b5693b490dc.jpg,1,1,1,エララは婚約者ヴィクターが親友ヘレナと浮気していることを知り、深く傷つく。衝動的にホームレスのリアムと結婚したエララだが、実はリアムは人狼界の頂点に立つ億万長者のアルファだった！彼女の想像を超える愛と贅沢で、リアムはエララを溺愛する。運命に導かれた二人の愛の物語が今、幕を開ける——。,160530,1650,63,1,0,8114,257,4kk6nelik0,1,甘いロマンス,Sweet Romance
686f5bc3436e74281e0570e3,686f5bc3436e74281e0570e3,140000000000000268,私が消えても探さないで,https://v-mps.crazymaplestudios.com/images/70fc4260-d104-11f0-84ad-6b5693b490dc.jpg,1,1,1,両親を亡くした私は、代母であるサンドラおばさんの家に身を寄せた。彼女の二人の息子であるミラー兄弟と、一つ屋根の下で愛と優しさに包まれて暮らしていた。いつか彼らのどちらかと結ばれるとさえ思っていた。しかし、メイドの娘ローラが引っ越して来たことで、すべてが変わった。最愛のミラー兄弟は、私の心を粉々に打ち砕いた。そして私が家を出た後、二人は狂ったように私を探し始めた。,817062,7635,63,1,0,6799,222,ec92qq7mur,1,家族ドラマ,Family Drama
689c37d908c8421f9b0287b6,689c37d908c8421f9b0287b6,140000000000000295,女王と母とルール,https://v-mps.crazymaplestudios.com/images/bcb3f7b0-799e-11f0-a06b-bdb674869ea1.jpg,1,1,1,アテナは成功したCEOのはずなのに、両親の記念パーティーで、底辺の役立たず、贈ったダイヤも偽物だと言われ、パーティーから追い出されてしまう！,117313,1531,63,1,0,6194,224,tpk425967y,1,悪女ヒロイン,Strong Heroine
68ae5c9b8a154901600630ad,68ae5c9b8a154901600630ad,140000000000000310,独身大富豪の子供を妊娠,https://v-mps.crazymaplestudios.com/images/96a423d0-88ab-11f0-a06b-bdb674869ea1.jpg,1,1,1,45歳のメイドは、不妊の億万長者で魅力的な年配男性と一夜限りの関係を持った後、彼の双子を妊娠していることに気づく…彼は後継者を産むことで会社の遺産を守ろうとするが、二人は衝突する世界や予期せぬ感情を乗り越え、一緒に家庭を築けるかどうかを見極めなければならない。,134744,863,63,1,0,7096,216,rupi8kc7du,1,甘いロマンス,Sweet Romance
68f6f7b8794cc55960091d51,68f6f7b8794cc55960091d51,140000000000000346,妻に裏切られた後、俺の新生！,https://v-mps.crazymaplestudios.com/images/37d8ccf0-b558-11f0-a06b-bdb674869ea1.jpg,1,1,1,妻の裏切りにより財産を失い、落ちぶれた人生を送っていたケイン・ハンター。すべての希望を失ったその時、謎の大物、ドン・ルードヴィッヒが彼の前に現れた。ルードヴィッヒはケインに、試練を乗り越えれば、自らの後継者としてボーン・シンジケートの新たなゴッドファーザーになれると告げた。,118191,1333,63,1,0,8475,286,8cwky2qqfl,1,立身出世,Rags to Riches
69312ca9f4595c76860d8989,69312ca9f4595c76860d8989,140000000000002395,元カレの義父を惑わして,https://v-mps.crazymaplestudios.com/images/522704c0-d5ae-11f0-84ad-6b5693b490dc.jpg,1,1,1,元カレに振られたノラは、偶然にもライアン・ラーセンの腕の中に落ちる。彼は元カレの未来の義父であり、莫大な富と権力を握る男だった。娘との複雑な関係を知ったライアンは距離を置こうとするものの、ノラは彼のルールを次々と破り、危険な恋へと彼を引き込んでいく。,114995,853,63,1,0,7822,282,24nmne34gw,1,甘いロマンス,Sweet Romance
6932812bc9016563a801de80,6932812bc9016563a801de80,140000000000002396,アメリカン・スナイパー：最後の一弾,https://v-mps.crazymaplestudios.com/images/0e5eeae0-d5af-11f0-84ad-6b5693b490dc.jpg,1,1,1,かつて『銃王』と呼ばれ、スナイパーとして世界の頂点に立った男、カール・オリバー。彼は歴史的な世界記録を樹立した後、忽然と姿を消した。今は射撃場のしがない整備士として、その正体を誰も知る者はいない。だが、オーナー親子が経営する射撃場が乗っ取りの危機に瀕した時、愛する者たちを守るため、眠れる王は再び引き金に指をかける。放たれた神がかり的な一弾が、彼の謎に包まれた過去に再び光を当てることになる…,223563,3885,63,1,0,7568,372,9br3satwd0,1,カムバックストーリー,Comeback Story
675aa12ebd7b6cfdea03e948,675aa12ebd7b6cfdea03e948,140000000000000144,イケメンプレイボーイ、 突然パパになった!?,https://v-mps.crazymaplestudios.com/images/787cf910-be97-11ef-a2d6-41216ff1602c.jpg,1,1,1,大学のカリスマ男子ベンとの一夜の過ちが、ケルシーの人生を一変させる。妊娠が判明し、覚悟を決めて子どもを育てる決意をしたケルシー。しかし、ベンは軽薄なフラタニティ男子。彼は本気で向き合ってくれるのか？運命の子を巡る二人の未来は、予想を超える展開へ…。,3166204,33218,64,1,0,25981,186,v31npl0vwj,1,女性向けのドラマ|ヤングアダルト|キャンパス|妊娠|ワンナイトラブ|偽りの恋人|学園ハンサム|ストロングウィル,Female|Young Adult|Campus|Pregnancy|One Night Stand|Fake Relationship|Jock|Strong-Willed
67e0c64411276a4cd60a756f,67e0c64411276a4cd60a756f,140000000000000197,地味な清掃員実はCEO！？,https://v-mps.crazymaplestudios.com/images/311b7670-0ae4-11f0-a38f-0d66b56fc320.jpg,1,1,1,ハーバードMBAのオードリー・ロレンゾ・ブルームは名門企業ブルームコ初の女性＆非白人CEOとして企業改革に挑む。清掃員に変装し10年潜伏調査した彼女は就任披露宴前夜、婚約者に「不法滞在者」と誤解され、幹部たちは従兄弟への禅譲を画策。そして幼なじみの仇敵ライダー・マーロウとの意外な絆が明らかに…,5491189,40846,64,1,0,192569,6798,7l7kvoiulz,1,女性向けのドラマ|悪女ヒロイン|モダン|敵から恋人へ|身分を隠せ|初恋|相続人/社会人|億万長者,Female|Strong Heroine|Modern|Enemies to Lovers|Hidden Identity|First Love|Heiress/Socialite|Billionaire
680eea7e9107472fd50e3dd2,680eea7e9107472fd50e3dd2,140000000000000212,ボスの赤ちゃんを妊娠しました！？,https://v-mps.crazymaplestudios.com/images/42ffabe0-23da-11f0-a650-71056cbfe3ac.jpg,1,1,1,不妊に悩むレイアは、勤務中に精子提供者のサイトをこっそり閲覧しているところを上司のアレックに発見され、赤面する。やがて、慎重に選んだ精子提供者のもとで人工授精を受けるが、運命のいたずらで彼女が選んだのは、なんとアレックの提供だった。何も知らずに妊娠生活を送るレイアと、彼女に対して複雑な思いを抱くアレック、運命の勘違いが明らかになるのは、いつの日か？,10842239,165702,64,1,0,187194,7394,htwo6ccoyb,1,女性向けのドラマ|甘いロマンス|モダン|オフィスラブ|妊娠|身分を隠せ|三角関係,Female|Sweet Romance|Modern|Office Romance|Pregnancy|Hidden Identity|Love Triangle
680eee8833811101e60d4487,680eee8833811101e60d4487,140000000000000217,愛人と勘違いされた母,https://v-mps.crazymaplestudios.com/images/cb781870-2a49-11f0-93de-cb0b88a6d7a9.jpg,1,1,1,「あなたは息子の愛人でしょう？」婚約パーティーで放たれたその一言が、すべてを狂わせた。息子ノアの婚約者ミアに愛人扱いされた母ヴィヴィアン。祝福の場は一転、嘘と策略に満ちた地獄へ——。,4947021,71860,64,1,0,179676,7582,vxja3b4ukw,1,女性向けのドラマ|悪女ヒロイン|モダン|人違い|とぼける|億万長者|インディペンデント・ウーマン,Female|Strong Heroine|Modern|Mistaken Identity|Playing Dumb|Billionaire|Independent Woman
680eeea3b8f70328f80b6ce0,680eeea3b8f70328f80b6ce0,140000000000000218,愛のスピード違反 〜義兄との秘密の夜〜,https://v-mps.crazymaplestudios.com/images/d1a873b0-2af4-11f0-93de-cb0b88a6d7a9.jpg,1,1,1,闇レースのステージで出会った仮面の男。一夜を共にし、すべてを捧げた——その相手は、義兄だった。病気の母を支えるため、危険な夜の世界に足を踏み入れたエル。だがその先で知る、禁断の真実と、彼が背負う伝説。バレた瞬間、すべてを失う…この恋は、救いか破滅か？,5500884,113327,64,1,0,208424,9379,zt79650ltv,1,女性向けのドラマ|甘いロマンス|モダン|義理の兄弟姉妹|ダンサー|タブー|禁じられた,Female|Sweet Romance|Modern|Step Siblings|Dancer|Taboo|Forbidden
681d6bcc5de50814b60eaca2,681d6bcc5de50814b60eaca2,140000000000000226,処女の代理母、相手は億万長者,https://v-mps.crazymaplestudios.com/images/50c39ba0-3204-11f0-b65a-27549cd2a91e.jpg,1,1,1,代理出産を引き受けた女子大生が、依頼主に「自然な方法で子どもを作ろう」と提案したら——？父を救うため、ハーパーは若くして成功を収めた、危険なほど魅力的な億万長者ウィル・トレントンの子を宿す契約に応じる。住む世界の違いに戸惑いながらも、二人は少しずつ惹かれ合っていく。やがてハーパーの想いは本物になり始めるが——彼の心も同じ方向を向いているのか？,3931560,82742,64,1,0,195667,8903,knzn7hyv6x,1,女性向けのドラマ|甘いロマンス|モダン|三角関係|学生|億万長者,Female|Sweet Romance|Modern|Love Triangle|Student|Billionaire
6854d03628e76fc26100a6c3,6854d03628e76fc26100a6c3,140000000000000262,名を隠した公爵の復讐,https://v-mps.crazymaplestudios.com/images/08754470-d105-11f0-84ad-6b5693b490dc.jpg,1,1,1,幼い頃に誘拐されたアーサーは、長い歳月を経てマーシア公爵として村に戻ってきた。再会を果たした家族は、村人たちからひどい扱いを受けていた。身分を隠したまま、彼は家族のために復讐の道を歩み始める。,87651,839,64,1,0,8408,407,e3jf09m87h,1,家族ドラマ,Family Drama
6882ed3d7084837028003057,6882ed3d7084837028003057,140000000000000288,隠れたイーグル,https://v-mps.crazymaplestudios.com/images/312ee190-6c43-11f0-a06b-bdb674869ea1.jpg,1,1,1,ジャックは世界最大の軍需企業を率いた大金持ちの社長だった。引退後、学校の用務員として静かな暮らしを望んでいたが、息子夫婦に「孫の部屋が必要だ」と追い出される。ある日、偶然助けた若い女性から、彼女の母で冷酷な名門校の女校長エマを紹介され、契約結婚した。でも、学校の生活も平和じゃなく、欲望の渦に巻き込んでいる。ジャックは自分の手腕を駆使し、密かにエマをサポートし、危機を次々解決していく。ついにエマの解任が決まりかけた理事会の日、校庭にヘリが着陸した。そして、降り立ったジャックが正体を明らかにした！俺の妻に手を出すものは許さん！,182786,1412,64,1,0,6234,278,os91n2t2j6,1,カムバックストーリー,Comeback Story
68a808bc91fd992e62026605,68a808bc91fd992e62026605,140000000000000302,元嫁が天才外科医な件,https://v-mps.crazymaplestudios.com/images/effe78d0-8258-11f0-a06b-bdb674869ea1.jpg,1,1,1,妊娠8か月のアリッサは、夫に愛人と子のリリーを理由に捨てられてしまう。だが、彼女こそジェーン・ダヴェンポート医師、ダヴェンポート一家のご令嬢で、リリーを救える世界で唯一の心臓外科医だとは知る由もなかった…,187175,976,64,1,0,6769,223,p05pr9kf6w,1,悪女ヒロイン,Strong Heroine
68be396e6e4003f76d002194,68be396e6e4003f76d002194,140000000000000319,彼の心をコーチング,https://v-mps.crazymaplestudios.com/images/00842e20-8eb6-11f0-a06b-bdb674869ea1.jpg,1,1,1,ケイトとトムはワンナイトの後、誤解によって離れ離れになってしまう。一か月後、ケイトが男子ホッケーチームの助監督に就任し、トムが新キャプテンとしてチームに加わったことで二人は再会する。同じチームで顔を合わせる日々の中で、消えなかった情熱が再び燃え上がっていく。だがケイトには仕事を守るために隠さなければならない大きな秘密があった。彼女はトムの子を妊娠していたのだ。この秘密がすべてを変えてしまうかもしれない。,38522,436,64,1,0,6849,296,bc764pg6rc,1,甘いロマンス,Sweet Romance
68be39eafbfd69bc130699f1,68be39eafbfd69bc130699f1,140000000000000322,絶望からの逆襲,https://v-mps.crazymaplestudios.com/images/67e8fea0-92a4-11f0-a06b-bdb674869ea1.jpg,1,1,1,田舎の貧しい家庭で育ったテイラーは、名門大学に合格する。しかし、父と兄は合格通知書を破り捨て、金のために裕福な老人へ売り飛ばされるも、母と妹の助けでなんとか逃げ出す。7年後、テイラーは世界一の富豪となり、故郷へ戻った彼女が目にしたのは、暴力を振るわれた母と、兄によって売り飛ばされた妹の姿だった。怒りに燃えるテイラーは、正義の鉄槌を下すことができるのか！,89934,632,64,1,0,7502,232,fuwkv263t6,1,悪女ヒロイン,Strong Heroine
68ec5e59bfbb466c8f086522,68ec5e59bfbb466c8f086522,140000000000000341,元カレの兄は最強アルファ,https://v-mps.crazymaplestudios.com/images/be31db80-ab2a-11f0-a06b-bdb674869ea1.jpg,1,1,1,"狼族でありながら、狼の力を持たないエラ。それでも彼女には運命の相手であるベータのノア・グレイヴンズがいた。――しかし、ライバルのエヴァと彼が浮気している現場を目撃してしまう。
傷心のエラは、ノアの兄であるリアム・グレイヴンズの腕の中に倒れ込む。彼はクレセントパックに新しく戻ってきたアルファであり、幼い頃からエラを愛し、彼女こそが自分の運命の相手だと知っていた。
しかし、嫉妬深いライバル、恨みを抱く元恋人、そして二人を隔てる異なる世界が、彼らの前に立ちはだかる。エラとリアムは、運命づけられた愛を貫くことができるのだろうか？",193680,1425,64,1,0,7937,270,pyhvlrax6f,1,ヤングアダルト,Young Adult
6925123e7772e9e76403f61a,6925123e7772e9e76403f61a,140000000000002211,空に刻む名〜最弱パイロットの逆襲〜,https://v-mps.crazymaplestudios.com/images/d206ad60-cc23-11f0-84ad-6b5693b490dc.jpg,1,1,1,誰も達成できない任務を事務係のコール・サマがやり遂げたその瞬間、アメリカは気づくのである。第三次世界大戦を防げるのは彼しかいない。果たして彼は腐敗した政治家や劣悪な権力者に勝てるのか。,43113,638,64,1,0,7814,341,tq87d8m835,1,立身出世,Rags to Riches
67a2cc527a69d4c64908ab19,67a2cc527a69d4c64908ab19,140000000000000160,誰にも言えぬ恋のうた,https://v-mps.crazymaplestudios.com/images/8611a3f0-e395-11ef-a54e-99edf5fd5287.jpg,1,1,1,"双子の弟が重要なバンドリハーサル直前に声を失い、莫大な違約金を請求されそうに。音楽の才能もなく、女の子らしさが隠しきれないアストラが、弟の身代わりとして男装し、男子寮に潜り込むことに…！
予期せぬ恋、本物の友情、そして自分らしさを見つける感動の物語。",3237032,51201,65,1,0,154929,5686,kl9yq3dynu,1,女性向けのドラマ|甘いロマンス|モダン|身分を隠せ|三角関係|学園ロマンス,Female|Sweet Romance|Modern|Hidden Identity|Love Triangle|Campus Romance
67bc1a9e2e3827da9c0c0b10,67bc1a9e2e3827da9c0c0b10,140000000000000173,もう一度君に逢いたい,https://v-mps.crazymaplestudios.com/images/0e780840-f4ff-11ef-a38f-0d66b56fc320.jpg,1,1,1,敏腕マネージャーのモニカとトップスターのアドニスは、秘密の関係を3年間続けてきた。しかし、アドニスは一度も自分の気持ちを彼女に伝えることなく、モニカの心は片思いのまま。妊娠が発覚したモニカは、この実らぬ関係に別れを告げる決意をする。彼女が去った時、初めてアドニスは彼女の存在の大きさに気づく。数年後、二人の運命は再び交差する。モニカは評価の高い映画監督となっていた。この再会で、アドニスは失った愛を取り戻すことができるのだろうか？,2816898,66974,65,1,0,227424,7437,2e91r88zu6,1,女性向けのドラマ|トキシック|コンテンポラリー|三角関係|再会|妊娠|セレブリティー|インディペンデント・ウーマン,Female|Toxic|Contemporary|Love Triangle|Reunion|Pregnancy|Celebrity|Independent Woman
688c2948753130eef50a045f,688c2948753130eef50a045f,140000000000000292,イエスマンやめました,https://v-mps.crazymaplestudios.com/images/aa0697f0-7677-11f0-a06b-bdb674869ea1.jpg,1,1,1,さえないエンゾは、スクールカースト上位のステラにぞっこんで、なにもかも彼女の言いなり。本来は資産家クイン家の御曹司とお抱え運転手の娘という関係さえも、外では逆の立場で振舞っていた。ある夜、ステラが起こした人身事故の身代わりにされたエンゾは、財産を奪われたあげく、口封じのために命を狙われる。死の淵に立たされたその時、謎の力がエンゾを1か月前へとタイムリープさせていた。ステラの本性を知ったエンゾは「パシリ」を脱却し、ステラに相応の報いを受けさせることを決意する。,293569,2593,65,1,0,6102,275,k6dad5gcqy,1,カムバックストーリー,Comeback Story
68e866da957359dfea063a29,68e866da957359dfea063a29,140000000000000338,我が娘よ今一度愛と許しを,https://v-mps.crazymaplestudios.com/images/1b27d240-d024-11f0-84ad-6b5693b490dc.jpg,1,1,1,主人公の夫は初恋の相手に未練があり、娘アリアに自分を「パパ」と呼ばせない。夫は誕生日も無視して元恋人に求婚し、学芸会では愛人とその娘にアレルギーの苺ケーキを食べさせられ命を危険に晒されるも、二人を庇った。妻は離婚を決意し、自らが公爵家の娘である真実を明かす。母として娘のために戦い、最後に夫が土下座してもアリアは二度と彼を父と呼ぶことはなかった。,99043,650,65,1,0,7330,243,gzyfhh1fqv,1,家族ドラマ,Family Drama
68f6f7c7794cc55960091d8d,68f6f7c7794cc55960091d8d,140000000000000345,地上3万フィート命のタイムリミット,https://v-mps.crazymaplestudios.com/images/82d54070-d020-11f0-84ad-6b5693b490dc.jpg,1,1,1,"外科医ショーンに課せられた使命は、大富豪の命を繋ぐドナー腎臓を緊急空輸すること。
しかし、機内で乗り合わせた大富豪の孫の婚約者ジェシカの傲慢な振る舞いが、一刻を争うミッションの障害となる。ショーンがジェシカの母の命を救ったにもかかわらず、彼女はその荒療治を逆恨み。逆上したジェシカは、移植用のケースを叩き壊してしまう。
だが、砕け散ったケースから現れた名前に、彼女は凍りつく。
そこに刻まれていたのは、自分の婚約者の祖父――まさに腎臓を待つ大富豪の名前だったのだ。",2788305,60869,65,1,0,8322,310,smy9fxodfg,1,家族ドラマ,Family Drama
6912a7606b49c63c5b06f7b9,6912a7606b49c63c5b06f7b9,140000000000000365,お腹の子は、いくらなら許されますか？,https://v-mps.crazymaplestudios.com/images/e6a2cd00-c442-11f0-84ad-6b5693b490dc.jpg,1,1,1,"富豪の娘アイリスは、財産を捨てて貧しい一般人のドリアンと結婚した。3年後、第一子の誕生を間近に控えた彼女に、突如、姑のテッサが「入院費用が高すぎる」と猛反対。情けないマザコン夫のドリアンは、姑の言いなり。そればかりか、一緒になってアイリスをいびり始める始末。大きなお腹で耐え難い痛みに苦しみながらも、次々と突きつけられる理不尽な要求に、アイリスは必死に抵抗する。
もう限界…そう思った矢先、アイリスの父・アレクが孫への贈り物を手に現れる。
父は、娘をどう守るのか？そして、アイリスが夫と姑に反撃する日は来るのか？",46271,580,65,1,0,7028,318,bhmv1lppgq,1,悪女ヒロイン,Strong Heroine
69378475a7c8ebbfe0084dfe,69378475a7c8ebbfe0084dfe,140000000000002393,破檻の王,https://v-mps.crazymaplestudios.com/images/6ad298f0-d990-11f0-84ad-6b5693b490dc.jpg,1,1,1,"ジムのカリスマ会長とメイドとの間に生まれた子、ジャックス・カーターは、3人の師匠によって密かに鍛えられてきた。
そしてついに、10年に一度選ばれし精鋭だけが挑める究極のMMA試練場「ザ・クルーシブ」にエントリーする。
裏切り、屈辱、そして数千ポンドに及ぶ“隠された負荷トレーニング”
そのすべてを背負いながら、彼は戦わなければならない。
ライバルが立ちはだかり、家族が彼を潰そうとする中、ジャックスは自らが「闘うために造られた」のだと証明する。",29893,456,65,1,0,7782,268,5si6ibmn4g,1,カムバックストーリー,Comeback Story
66ab44a28e7f8ee39809943f,66ab44a28e7f8ee39809943f,140000000000000017,君がいないまま結婚しました,https://v-mps.crazymaplestudios.com/images/1b505ce0-9828-11ef-a2d6-41216ff1602c.jpg,1,1,1,ロザリンは3年間、アンドリュー・キングストンに盲目的に心を捧げた。他の誰かとの結婚式で、彼は彼女にこう告げた...彼女はずっと彼のすべてだった？,100879,560,66,1,0,26504,240,u68f2z7uyx,1,億万長者|お涙ちょうだい|二度目のチャンス|三角関係|コンテンポラリー|トキシック|女性向けのドラマ|Payton Morelli|Noam Sigler|無邪気な乙女,Billionaire|Tear-Jerker|Second Chance|Love Triangle|Contemporary|Toxic|Female|Payton Morelli|Noam Sigler|Innocent Damsel
6861fa22da9cd2d2240653ea,6861fa22da9cd2d2240653ea,140000000000000259,吸血鬼とキスする方法,https://v-mps.crazymaplestudios.com/images/21d58630-5641-11f0-b471-b9eef54adbd8.jpg,1,1,1,8年前、ヴィンセントに捨てられたエラは、今ではシングルマザーとして懸命に生きていた。そんなある日、彼女は屋上から突き落とされ、仮面をつけた“空飛ぶ男”に救われる。意識を取り戻すと、そばにいたのはかつての恋人・ヴィンセント。彼は「自分は仮面の男ではない」と言い張りながらも、「敵が君を狙っている」と、同居を強く迫ってくる。心を壊したはずの男が、今度は命の守り手？だが彼の態度はどこか人間離れしていて……。再び彼を信じてもいいのか、それとも——彼が隠しているのは“仮面”だけではないのか。,267012,2297,66,1,0,8645,311,2v5amuyi2u,1,二度目のチャンス,Second Chance
6879e94add19930919098cc4,6879e94add19930919098cc4,140000000000000294,奪われた絆と沈黙の悲鳴,https://v-mps.crazymaplestudios.com/images/ef7d7800-6838-11f0-a06b-bdb674869ea1.jpg,1,1,1,運命の残酷の悪戯により、アナベラ・ウォルトンの完璧な人生は崩壊した。10 年後、障碍者の養父を救うため、現在アメリアと名乗るアナベラは、再びウォルトン家に向き合うことを余儀なくされた。今度は、彼らの攻撃の標的として…。ウォルトン家は真実に気づくのだろうか？それとも、アメリアにとっては手遅れになるのだろうか？,70818,525,66,1,0,6828,253,edzrm2z3uf,1,ドラマ,Drama
68a2c10a804047a63e088a60,68a2c10a804047a63e088a60,140000000000000303,秘密を育てる家,https://v-mps.crazymaplestudios.com/images/5d8a21f0-d020-11f0-84ad-6b5693b490dc.jpg,1,1,1,刑務所から出たばかりのグレースは、ある日、ナニーの職を得た。雇い主は冷酷な大富豪アレックス・ヒル。彼にとって大切なのは一人娘だけ。しかし、グレースはアレックスの厳しい試練を乗り越え、次第に彼の冷たい心を溶かしていく。だが、彼女には全てを台無しにする「闇の秘密」が隠されていた…,2363699,26081,66,1,0,6914,344,cjkuntulg5,1,甘いロマンス,Sweet Romance
68f98f5eb0e2d12d59082127,68f98f5eb0e2d12d59082127,140000000000000344,牙無き支配者,https://v-mps.crazymaplestudios.com/images/a4a80e30-b0bd-11f0-a06b-bdb674869ea1.jpg,1,1,1,"ルカは、ナイトレイン群れでワーウルフになれない劣等種。虚勢を張るばかりで、誰からも見下されていた。
自身の群れから虐げられ、敵対する群れからは命を狙われるルカは、不本意ながらも、兄の親友であり群れの支配者でもあるアルファ、ダルトンに保護されることになる。
しかし、二人が群れの掟に背く「運命の番」となったことで、すべてが変わり始める。
迫りくる敵と、二人を引き裂こうとする伝統の中で、ルカとダルトンは命がけの禁断の恋と欲望に身を委ねるのか、決断を迫られる。",34996,512,66,1,0,7467,338,sp42htes4a,1,ヤングアダルト,Young Adult
690031380a49fd7125024149,690031380a49fd7125024149,140000000000000350,凍りゆく私を引き留めて,https://v-mps.crazymaplestudios.com/images/c563ac60-d020-11f0-84ad-6b5693b490dc.jpg,1,1,1,"絶対的支配者であるアルファの夫の裏切りを知ったスノー。
彼女が選んだのは、自らを生贄として捧げ、永遠に氷の中に閉ざされるという道だった。
彼女がこの世を去るその瞬間、二人の魂を結ぶ「メイトの絆」は断ち切られ、残された夫を永遠に苛むのは、氷のように冷たい「後悔」という名の、新しい伴侶。
だが、すべてを失ったアルファは、彼女を取り戻すために一体何を差し出すのか？",79529,829,66,1,0,8109,362,nyc6n6h7d8,1,復讐,Revenge
669ff9a461704e7f8e045c75,669ff9a461704e7f8e045c75,140000000000000081,億万長者の子を妊娠して,https://v-mps.crazymaplestudios.com/images/f92fa350-9827-11ef-a2d6-41216ff1602c.jpg,1,1,1,不運に見舞われたミア・ハーパーは、ある取り引きの一環として、裕福なCEOカーター・プレスコットと契約結婚をする。偽りの結婚はすぐに本物の愛へと変わるが、カーターの冷酷な元恋人リリーが復縁のためなら何でもする女だと分かり、2人の愛は試練を迎える。ミアはカーターの子を妊娠していることに気づき、さらにリリーが生き別れの姉だったという衝撃の真実が明らかになり、物語は加速していく…,154528,637,67,1,0,28155,167,s42cwxcmuk,1,スピード婚|身分を隠せ|ストロングウィル|守る夫|億万長者|女性向けのドラマ|スイート|コンテンポラリー,Flash Marriage|Hidden Identity|Strong-Willed|Protective Husband|Billionaire|Female|Sweet|Contemporary
67612acc9f9c24fe9404417a,67612acc9f9c24fe9404417a,140000000000000146,故郷へ帰る ～聖夜の贈り物～,https://v-mps.crazymaplestudios.com/images/319d9030-c1d1-11ef-a2d6-41216ff1602c.jpg,1,1,1,このクリスマスにエディは愛する妻の故郷に行き、ついに国で一番人気のスタートアップ企業の億万長者CEOであることを明らかにしました。しかし、金の亡者に溢れる家と町では、エディの到来はクリスマスプレゼントになるでしょうか、それとも石炭の塊のように落下するでしょうか?,46969,297,67,1,0,4413,143,686ccyxrxa,1,男向けのドラマ|カムバックストーリー|コンテンポラリー|身分を隠せ|再会|ラブコメ|婿,Male|Comeback Story|Contemporary|Hidden Identity|Reunion|Rom-Com|Son-in-Law
676cec6118b0ce74280ada1b,676cec6118b0ce74280ada1b,140000000000000147,ハートブレイカー ～寄り道の恋～,https://v-mps.crazymaplestudios.com/images/9a3dab40-c9ae-11ef-a2d6-41216ff1602c.jpg,1,1,1,真面目っ子のパールは片思い相手の目線をどう引けばいいのか分からず日々思い悩んでいた。ある日、学園一の女泣かせとも言われているエサン・ハートを助け、そのお礼にエサンはパールの片思いが成就するようにアドバイザーとなった。エサンのおかげで、確かにパールは片思いの相手とうまくいったが、だんだん恋は違う方へと進んでいく...,147444,751,67,1,0,3947,150,harziiayjx,1,女性向けのドラマ|ヤングアダルト|キャンパス|友達から恋人へ|ラブコメ|フィール・グッド|運動選手|モブキャラ,Female|Young Adult|Campus|Friends to Lovers|Rom-Com|Feel-Good|Athlete|Wallflower
677246ee8721f5193d0a584c,677246ee8721f5193d0a584c,140000000000000148,逃げないで ～愛の行方～,https://v-mps.crazymaplestudios.com/images/812085a0-ccd4-11ef-a2d6-41216ff1602c.jpg,1,1,1,医療ミスで億万長者カーター・ワッツとの間に妊娠したヴァイオレット。急な結婚後、彼は6年間姿を消し、ヴァイオレットは息子パトリックを一人で育てながら奮闘。しかし、ホテルの新オーナーがカーターだと知り、再会するも二人はお互いに気づかない…。運命の結末は？,2395948,59795,67,1,0,141653,6983,q9h5up1mqm,1,女性向けのドラマ|スイート|コンテンポラリー|スピード婚|天才ベビー|人違い|億万長者|インディペンデント・ウーマン,Female|Sweet|Contemporary|Flash Marriage|Genius Babies|Mistaken Identity|Billionaire|Independent Woman
678db48508c1c72033072cc3,678db48508c1c72033072cc3,140000000000000163,君は輝く月のように,https://v-mps.crazymaplestudios.com/images/873f1a10-dc87-11ef-a54e-99edf5fd5287.jpg,1,1,1,リリーは浮気した元彼とその愛人、両家の母親、新たに現れた王族の求婚者、真実の愛を追う女性たち、そして絶対的な姑までを相手に、あらゆる手段を駆使して勝利をつかもうとする。肩書や立場が交錯する波乱の中、リリーはすべてを打ち負かし、真の幸せを勝ち取れるのか？,4049861,48139,67,1,0,177673,6361,3v06rm1v16,1,女性向けのドラマ|悪女ヒロイン|コンテンポラリー|フィール・グッド|身分を隠せ|再会|億万長者|相続人/社会人,Female|Strong Heroine|Contemporary|Feel-Good|Hidden Identity|Reunion|Billionaire|Heiress/Socialite
681973553561cf51f30be34d,681973553561cf51f30be34d,140000000000000224,天才令嬢、降臨！,https://v-mps.crazymaplestudios.com/images/23638ad0-3092-11f0-b65a-27549cd2a91e.jpg,1,1,1,"田舎で育った21歳のイザベラ・パットンは、ある日突然、本来の裕福な生家に呼び戻される。やがて彼女は、年上でミステリアスなオリバー・ベイツと出会うが、彼は彼女が自分の婚約者だとは知らぬまま、激しく彼女を追い求め始める——。
一方、イザベラの従姉エリザは、かつてパットン家に娘として育てられており、自分の居場所を守るため、あの手この手で家族の心をイザベラから引き離そうとする。
だが運の尽き、イザベラは医療とテクノロジーの分野で天才的な才能を発揮し、エリザの計画をことごとく打ち砕いていく。その類まれなる頭脳と実力で、イザベラは次第に五人の兄たちや両親の信頼を勝ち取り、パットン家の至宝としての地位を確立していく。しかし彼女の心は、どこまでもオリバーの手の届かない場所にあった——",6325349,106413,67,1,0,217222,8754,wbkt9btdv2,1,女性向けのドラマ|悪女ヒロイン|モダン|年齢差|多重アイデンティティ|身分を隠せ|学生|医者,Female|Strong Heroine|Modern|Age Gap|Multiple Identities|Hidden Identity|Student|Doctor
6842617f90f27bf38d0b0692,6842617f90f27bf38d0b0692,140000000000000250,元夫の執着 〜終わったはずの契約婚〜,https://v-mps.crazymaplestudios.com/images/7f63e330-4833-11f0-860b-97fc2eb1c6d9.jpg,1,1,1,母の医療費のため、ナターシャはジャクソンの祖父からの契約結婚を受け入れる。幸せな日々も、イザベラの策略で彼は妻を疑い始める。金目当てだと思い込み離婚した彼が真実を知ったとき、二人はもう後には戻れなくなった。後悔の中、彼は彼女の心を取り戻せるのか。,404577,39738,67,1,0,236446,11137,p8stt0le9b,1,女性向けのドラマ|二度目のチャンス|モダン|億万長者|妊娠,Female|Second Chance|Modern|Billionaire|Pregnancy
6847a1f287b2a1d62503df16,6847a1f287b2a1d62503df16,140000000000000252,契約破棄！ ホッケー不良と秘密の恋,https://v-mps.crazymaplestudios.com/images/cd4ef9b0-4cd7-11f0-860b-97fc2eb1c6d9.jpg,1,1,1,ジェーン・ウェルシーには秘密があった——義理の兄ネイト・ダンカンに片想いをしていること。誰も知らない…はずが 最大の敵であるホッケーの不良ザック・ゲイツにばれていた。さらに悪いことに ネイトの新しい転校生ガールフレンドは ジェーンの高校時代のいじめっ子メリッサだと！メリッサがネイトをモデルにしたと疑われるジェーンの官能小説を発見し 詰め寄ってきた時 ザックは彼女をかばい「偽装恋人」を演じることに。秘密を守るため始まった偽りの関係の中で ジェーンは気づいていく——冷たい不良の仮面の下に 彼女の傷ついた心を癒し 共に立ち向かう温かく優しいザックの本当の姿に…,139523,1376,67,1,0,8481,414,v5i7saxb4a,1,女性向けのドラマ|ヤングアダルト|モダン|敵から恋人へ|偽りの恋人|運動選手|学生,Female|Young Adult|Modern|Enemies to Lovers|Fake Relationship|Athlete|Student
6861fa3ee54eb7bc9708c1cc,6861fa3ee54eb7bc9708c1cc,140000000000000267,マフィアボス高校復帰,https://v-mps.crazymaplestudios.com/images/ab222d40-d020-11f0-84ad-6b5693b490dc.jpg,1,1,1,高位のマフィアがいじめられっ子の高校生の体に転生し、再び高校を卒業するチャンスを得る。持ち前の裏社会の知恵で大学進学という夢を叶えられるのか、それともいじめっ子たちに再び退学へ追い込まれてしまうのか？,1358541,18516,67,1,0,7966,369,pvtcgsfa9u,1,ヤングアダルト,Young Adult
68d205846db8e4f2a80200db,68d205846db8e4f2a80200db,140000000000000336,人間よ、我と眠れ！,https://v-mps.crazymaplestudios.com/images/0f0a6930-9a7f-11f0-a06b-bdb674869ea1.jpg,1,1,1,"魔力の安定に必要な「男性的エネルギー」を求め、男女共学の学校にやってきた世間知らずの魔女アストリッド。そこで出会ったのは、呪いで盲目となったミステリアスな美少年ネイトだった。
彼の呪いを解く見返りに「一緒に寝てほしい」と取引を持ちかけるが、彼女はその言葉が持つ“本当の意味”を全く知らなかったのだ！勘違いから始まる二人の契約は、果たしてどんな運命を招くのか？",53581,536,67,1,0,6445,243,9f24dbmbe2,1,ヤングアダルト,Young Adult
66689ab19096bfc8a10e5a6c,66689ab19096bfc8a10e5a6c,140000000000000063,シャイニングスーツの騎士,https://v-mps.crazymaplestudios.com/images/a850d090-6ab8-11ef-838e-777d81c2a9c7.jpg,1,1,1,"""末期の脳腫瘍と診断されたライダー・ヴァン・ウッドセンは、一緒に過ごす相手を見つけるため、生涯最愛の人アストリッド・マリーを残酷に捨てる。数年後、 
これほど長く生きられるとは思っていなかったものの、未だに癌の症状と闘っている彼は、運命的に再びアストリッドに出会う。彼女は婚約者が浮気したと聞いて苦しんでいます 
彼と再会するほんの数分前に、彼女の義理の妹と一緒に彼女について話しました。しかし、問題は、彼女が彼を認識していないことです、そして今度は：ライダーは彼女に何かを提供します - 彼女なしで 
彼が本当は誰なのかを知ること。彼女の心を百万の粉々に砕き、その理由を彼女に決して語らなかった男。""",97000,521,68,1,0,27825,139,4m5dhbwe3w,1,二度目のチャンス|健忘症|身分を隠せ|億万長者|幼馴染みの恋人,Second Chance|Amnesia|Hidden Identity|Billionaire|Childhood Sweetheart
666baef34c30f415f501bd51,666baef34c30f415f501bd51,140000000000000060,すべての間違った理由,https://v-mps.crazymaplestudios.com/images/0f9fdbc6b62f01f6.jpg,1,1,1,アンドレアは経験がゼロであるという事実を考慮すると、セックスに関するアドバイスのコラムを書くべきではありません。しかし、彼女のクソ上司は動じません。自暴自棄になったアンドレアは、緊急の出会いを求めて地元のバーを訪ねるが、代わりに、セクシーな見知らぬ男性が魅惑的な提案を持ちかけてきた。それは、彼の見合い結婚を破棄する代わりに、誘惑のレッスンを受けるというものだった!?,111935,581,68,1,0,26072,179,trkspnnll4,1,Amantes Por Contrato|Amantes predestinados|Matrimonio relámpago|multimillonario|Damisela inocente,Amantes Por Contrato|Amantes predestinados|Matrimonio relámpago|multimillonario|Damisela inocente
66ab44e194638bce590605d1,66ab44e194638bce590605d1,140000000000000027,なんてこと！あなたが私の赤ちゃんのパパなの！？,https://v-mps.crazymaplestudios.com/images/361fc420-9828-11ef-a2d6-41216ff1602c.jpg,1,1,1,自分の婚約者が火事で死んでしまった後、アーリアは億万長者のキャスパー・ベネットとアーリアを自分の母親だと主張する6歳の息子レオとの思いがけないロマンスに巻き込まれる。キャスパーは本当に7年前のあの夜の男で、レオは本当に彼女の息子なのだろうか？,1091533,16965,68,1,0,27300,305,ltvvyw0dz9,1,天才ベビー|復讐|身分を隠せ|妊娠|億万長者,Genius Babies|Revenge|Hidden Identity|Pregnancy|Billionaire
669f99b93c3cd3dca60f120b,669f99b93c3cd3dca60f120b,140000000000000078,私のドラマクイーンの帰還,https://v-mps.crazymaplestudios.com/images/ec2970a0-9827-11ef-a2d6-41216ff1602c.jpg,1,1,1,処刑前夜、マリー・アントワネットは自分の人生を振り返り、二度目のチャンスを願う。断頭台が降りかかると、彼女は売れない女優アントニア・ラヴィーン・フォンテーヌの現代の現実で目を覚ます。そこで彼女は、過去の過ちを正し、時を超えて続く愛を見つけるという新たなチャンスを手にする…彼女につきまとう悪役たちがそうしなければまず彼女を殺さないでください。,82853,468,68,1,0,28004,191,zxrvh6pubr,1,タイムトラベル|二度目のチャンス|億万長者|インディペンデント・ウーマン|セレブリティー|女性向けのドラマ|スイート|コンテンポラリー,Time Travel|Second Chance|Billionaire|Independent Woman|Celebrity|Female|Sweet|Contemporary
67a2ccaba9176d7c5501b5b1,67a2ccaba9176d7c5501b5b1,140000000000000172,億万長者CEOの隠された欲望,https://v-mps.crazymaplestudios.com/images/da746a20-e77f-11ef-a54e-99edf5fd5287.jpg,1,1,1,リア・アンダーソン博士の平穏な日常は、魅惑的な億万長者ライアン・カーターとの出会いによって一変する。彼の熱烈な愛情はやがて執着へと変わり、その情熱が彼を危険な恋人へと変貌させる。二人の激しいロマンスは思わぬ方向へ進み、リアの周囲の男性が次々と謎の失踪を遂げる。深まる謎と危険が彼女を取り巻く中、リアはライアンの隠された秘密に迫り、自らの愛を根本から見つめ直すことになる。,4246991,60524,68,1,0,204985,6191,tr5q2210je,1,女性向けのドラマ|ダークロマンス|コンテンポラリー|浮気|スラング|タブー|億万長者|医者,Female|Dark Romance|Contemporary|Affair|Steamy|Taboo|Billionaire|Doctor
681973199ac7827c1e05b4f5,681973199ac7827c1e05b4f5,140000000000000223,セクシー農夫に救われて ー逃げた花嫁の恋の行方ー,https://v-mps.crazymaplestudios.com/images/484d3940-2c7d-11f0-93de-cb0b88a6d7a9.jpg,1,1,1,かつて名家の令嬢だったリリー・ホルトは、一家の没落により、冷酷で悪名高いブラック家の後継者・メイソンに売られてしまう。彼との偽りの結婚初夜、暴力的な本性に恐れをなした彼女は逃げ出し、偶然出会ったのは、優しくてセクシーな農夫・カル・フォスター。ひと目でリリーに惹かれたカルは、彼女が逃げてきた相手が自分の地主であり、長年の因縁の相手だと知ると、命を懸けて彼女を守る決意を固める――。,6702393,97137,68,1,0,207374,6843,m3wmewt4b2,1,初恋|三角関係|一目惚れ|相続人/社会人|無邪気な乙女|女性向けのドラマ|甘いロマンス|モダン,First Love|Love Triangle|Love at First Sight|Heiress/Socialite|Innocent Damsel|Female|Sweet Romance|Modern
6835557bdab47da985047269,6835557bdab47da985047269,140000000000000235,プロテクション・ルール ～傷だらけの愛～,https://v-mps.crazymaplestudios.com/images/ae6adf30-3c5d-11f0-b65a-27549cd2a91e.jpg,1,1,1,"戦争で片足を失ったエースは、婚約者エレナを思い浮気を演じ別れを選んだ。3年後、医療保険会社CEOとなったエレナのボディガードに指名されたのは、他でもない元婚約者のエース。
傷ついた二人は、過去を乗り越え失くした愛を取り戻せるのか？",6987215,81215,68,1,0,202774,7442,btggwc6nrk,1,女性向けのドラマ|二度目のチャンス|モダン|再会|三角関係|相続人/社会人,Female|Second Chance|Modern|Reunion|Love Triangle|Heiress/Socialite
686b662f058f814e1402b9d0,686b662f058f814e1402b9d0,140000000000000277,オリアナ・リベンジ  ~宝石の涙は復讐の輝きに~,https://v-mps.crazymaplestudios.com/images/3dbef340-5bc3-11f0-b471-b9eef54adbd8.jpg,1,1,1,オリアナは6歳の時に母親を亡くし、継母にトレーラーパークに捨てられた。12歳の時、彼女が世界一の富豪マレー・モレルを救い、その孫娘として引き取られる。2年後、彼女の3人の実の兄が彼女を見つけ、オリアナは実家に戻ることを決めた。兄たちのプライドを考慮し、オリアナは自身の富を隠したが、密かに兄たちが学業で成功できるよう助け続けた。しかし、兄たちはあくどい義理の姉に騙され、オリアナをいじめ始めた。オリアナをほぼ死に至るほどに殴りかかって、家から追い出した。養祖父に救出された後、兄たちの本性をようやく見抜いたオリアナは、彼らと縁を断ち、与えたもの全てを取り戻す計画を立てた。罰を受けた兄たちは、ついにオリアナこそが本当の家族だったと気づき、許しを請うために土下座で懇願した。,116105,799,68,1,0,7219,360,9odn302tdg,1,ヤングアダルト,Young Adult
689950fae8d4d64a25005ffd,689950fae8d4d64a25005ffd,140000000000000299,秘密と一夜の絆,https://v-mps.crazymaplestudios.com/images/4545e4d0-7bde-11f0-a06b-bdb674869ea1.jpg,1,1,1,ヴィヨレは父の手術費を稼ぐため、処女を売ることを決意した。だが、彼女の電話を受けた良心的な医師は、彼女を絶境から引き戻そうと決めていた。ところが、激しくて忘れがたい一夜を共に過ごした後、ダックスはヴィヨレがただの金目当ての女だと思いながらも、彼女にどっぷりはまってしまった。二人の最も暗い秘密が明らかにされたとき、この脆い関係は生き延びることができるのだろうか？,1115342,10316,68,1,0,6362,315,myiznr61b8,1,甘いロマンス,Sweet Romance
689c352687586ecdf400defd,689c352687586ecdf400defd,140000000000000300,ノヴァのコントラクト,https://v-mps.crazymaplestudios.com/images/af868430-7bde-11f0-a06b-bdb674869ea1.jpg,1,1,1,天才科学者エル・ヴァンダービルトは秘密裏に「ドクター・ノヴァ」として、業界をリードしていた。しかし、自分の夫に研究データを盗まれ、替え玉と入れ替えられ、離婚を強要されるという裏切りに遭った。失意のどん底で出会ったのは、ハンサムな富豪ロイ・グラント。勢いで結婚したエルは、彼が元夫の最大のライバルであることを知り衝撃を受ける。「目的が同じなら、手を組まない？」奪われた栄光を取り戻すため、エルとロイは偽装夫婦として、協力関係を結んでいた。元夫と偽ドクターの野望を阻むため、偽装夫婦は世界最大のテック契約を巡る戦いに挑む。,112296,655,68,1,0,6385,197,rdlvoz5nf4,1,悪女ヒロイン,Strong Heroine
68fb5b8130eaa4c6d90dd189,68fb5b8130eaa4c6d90dd189,140000000000000349,ハッカー令嬢の逆襲,https://v-mps.crazymaplestudios.com/images/a5c67930-b952-11f0-b4b4-bd031586a1b7.jpg,1,1,1,"天才ハッカーとして名を馳せた令嬢エミリー。しかし、偽りの令嬢オリビアの策略により、盗作の汚名を着せられ全てを失う。信じていた家族にまで裏切られ、ついにはオリビアの手によって命を奪われた彼女は…奇跡的に二度目の人生を手に入れる。
今度の人生では、もう誰にも騙されない。真実から目を背ける愚かな家族と決別し、偽りの仮面を被ったオリビアへ、最も鮮やかな復讐劇の幕を開ける！",116131,915,68,1,0,8310,354,h7bgyt2xuz,1,悪女ヒロイン,Strong Heroine
6912a741a243495b7d09acf6,6912a741a243495b7d09acf6,140000000000000362,イケオジの堕とし方,https://v-mps.crazymaplestudios.com/images/25795680-c442-11f0-84ad-6b5693b490dc.jpg,1,1,1,"インターンにすぎなかったソフィー。彼女が上司に抱く禁断の妄想が、一本の誤送信メールで社内に暴露されるまでは。
屈辱と失恋に打ちのめされながらも、彼への想いは断ち切れない。新しい人生を歩もうとした矢先、彼女を危険から救ったのは、皮肉にもその上司ジェシーだった。
こうして始まった、予期せぬ同居生活。
深夜の視線が、甘く危険な秘密へと変わっていく。
彼は、親友の父親。
彼女は、決して求めてはいけない男。
この誘惑は、計画にはなかったはずなのに。",4051605,46572,68,1,0,8189,366,h0017zscd3,1,官能小説,Erotica
691a84c7dd83c165e202f23e,691a84c7dd83c165e202f23e,140000000000002204,私のロミオへ、愛をこめて,https://v-mps.crazymaplestudios.com/images/6dc70600-c9c7-11f0-84ad-6b5693b490dc.jpg,1,1,1,幼馴染だったペニーとメイソン。密かに育んできた想いが通じ合い、初めて結ばれた夜。しかし、その幸せの絶頂で彼女に告げられたのは、残酷すぎる運命だった。彼を失う悲しみから守るため、彼女はたった一つの決断をする──愛する人を、その手で突き放すことを。,46809,565,68,1,0,7904,318,p8s3kd9a52,1,ヤングアダルト,Young Adult
692950044d62339cf8050ec5,692950044d62339cf8050ec5,140000000000002341,聖夜に仕掛けられた甘い罠,https://v-mps.crazymaplestudios.com/images/a4d84f00-d1c4-11f0-84ad-6b5693b490dc.jpg,1,1,1,6年前、深く愛し合い、双子の娘を授かったウィニーとローガン。しかし、ある誤解が二人を冷たく引き裂いた。そして6年後、双子の娘たちが仕掛けた入れ替わり作戦が、止まっていたはずの運命の歯車を、再び動かし始める…,77852,771,68,1,0,7540,377,uyzjjvknls,1,二度目のチャンス,Second Chance
673d78a2eaef6c1d35094ab1,673d78a2eaef6c1d35094ab1,140000000000000122,義理の弟は元カレですか?!,https://v-mps.crazymaplestudios.com/images/ab3283f0-ab07-11ef-a2d6-41216ff1602c.jpg,1,1,1,4年前、ちょっとした誤解で心がすれ違い、ハンナ・ハートとディーン・デュモンの恋は終わりを迎えた。「もう二度と彼には会わない！」と誓ったハンナ。しかし運命のいたずらか、ハンナの父親がディーンの母親と再婚！なんと二人は義兄妹に…でも、どちらもまだその事実を知らない！果たしてこの新しい家族関係はどうなるのか？笑いとドキドキが詰まったラブコメディ。,3565191,57329,69,1,0,206,123,oxfo5r9fr6,1,女性向けのドラマ|スイート|コンテンポラリー|身分を隠せ|二度目のチャンス|タブー|幼馴染みの恋人|無邪気な乙女,Female|Sweet|Contemporary|Hidden Identity|Second Chance|Taboo|Childhood Sweetheart|Innocent Damsel
679733c1428bff0dba0a6e8e,679733c1428bff0dba0a6e8e,140000000000000159,知られざる私と教授のヒミツ,https://v-mps.crazymaplestudios.com/images/c0eaac20-e3b7-11ef-a54e-99edf5fd5287.jpg,1,1,1,大学生のシルビア・パーカーは、一番望んではいけない男ーーローレンス・カルフーンと危険な恋をしていることに気付きました。彼はカッコよくて厳しいですーー彼は彼女の教授です。残酷なキャンパスと毒のある家庭で生き延びるためにもがいたシルビアは、自分のヒーローが冷酷で厳しく、セクシーなカルフーン教授だとは思いもしませんでした。二人の絆が深まるにつれて、禁断のロマンスが開花し、バレると全てが壊されてしまいます…,4933313,64134,69,1,0,160304,5466,pqeqvuorai,1,女性向けのドラマ|コンテンポラリー|タブー|スラング|年齢差|無邪気な乙女,Female|Contemporary|Taboo|Steamy|Age Gap|Innocent Damsel
68be3a03196594104407ecd7,68be3a03196594104407ecd7,140000000000000326,運命の一夜,https://v-mps.crazymaplestudios.com/images/78fb2730-92a5-11f0-a06b-bdb674869ea1.jpg,1,1,1,デイジーは学費を稼ぐため、懸命に倉庫で働いていたのに、彼女の父に貯金を盗まれてしまう。生活に困った彼女は、なんとか家計を支えようとストリップクラブで追加の仕事を得る。そこで、彼女は大富豪のマーカスと一夜を共にした。その後、デイジーは自分が三つ子を妊娠していることに気づく…,538430,4856,69,1,0,6625,242,lmltta33wr,1,甘いロマンス,Sweet Romance
66567b25efdfce641c08d57f,66567b25efdfce641c08d57f,140000000000000057,アルファの運命,https://v-mps.crazymaplestudios.com/images/23a7c920-6ab8-11ef-838e-777d81c2a9c7.jpg,1,1,1,いじめと虐待を受けてきた女子高生は、オオカミを飼っていなかったために前の群れから追放されてしまいます。新しい群れに入ると、彼女は勇敢な男に出会い、彼女に恋をします。ただし、この男は彼女の上司であるアルファであり、彼女の死を望んでいる一人の男の甥です。,147099,841,70,1,0,27804,184,nyvwouoif9,1,運命の恋人|スーパーパワー|学園ロマンス|狼男|無邪気な乙女|スイート|ファンタジー|Noah Fearnley|Maria Barseghian,Fated Lovers|Super Power|Campus Romance|Werewolf|Innocent Damsel|Sweet|Fantasy|Noah Fearnley|Maria Barseghian
665e4b42c93ee5e8790b03d3,665e4b42c93ee5e8790b03d3,140000000000000041,億万長者相続人の二重生活,https://v-mps.crazymaplestudios.com/images/2d3f1e60-6ab9-11ef-838e-777d81c2a9c7.jpg,1,1,1,結婚して 3 年が経ち、CEO のウェス・スターリングは、妻のキラが不正金を掘っていると確信しています。ウェスの告発と虐待にうんざりしたキラは、ついに彼と離婚し、自分の本当のアイデンティティ、つまり億万長者の相続人を再び受け入れます。人生最大の間違いを犯したと気づいたとき、ウェスはどうするでしょうか？キラは彼にお金を支払わせることができるでしょうか...それとももう一度彼に恋をしてしまうのでしょうか?,784908,7317,70,1,0,27690,306,ad0pz66lc6,1,離婚後の愛|身分を隠せ|億万長者|相続人/社会人,Love After Divorce|Hidden Identity|Billionaire|Heiress/Socialite
66996eb3edbf48944f029b07,66996eb3edbf48944f029b07,140000000000000067,氷上の再会,https://v-mps.crazymaplestudios.com/images/fa1eb2d0-6ab7-11ef-838e-777d81c2a9c7.jpg,1,1,1,シングルマザーのキャロラインは、8年前に初恋のイーストン・ブラックと別れた…でも彼に妊娠のことは伝えなかった！今や彼はNHLの人気ホッケースターで、キャロラインの上司！再び一緒に働くことになった二人。キャロラインは真実を告げるのか、それとも幸せな結末には遅すぎるのか？,7134438,37517,70,1,0,27301,261,z587gg8ff6,1,二度目のチャンス|ラブコメ|幼馴染みの恋人|インディペンデント・ウーマン|女性向けのドラマ|スイート|コンテンポラリー,Second Chance|Rom-Com|Childhood Sweetheart|Independent Woman|Female|Sweet|Contemporary
670c8680416d00529c05d7a0,670c8680416d00529c05d7a0,140000000000000115,運命の出会い,https://v-mps.crazymaplestudios.com/images/f42a2960-8d3d-11ef-a2d6-41216ff1602c.jpg,1,1,1,父親に母親の医療費を払い続けさせるため、エマは腹違いの妹の代わりに結婚することを余儀なくされました。誰もが老けて醜く金持ちの男性と結婚したと思っていましたがアンダーソン家の厄介者－－ハンサムなトミーでした。トミーはエマに好意を持って、陰で彼女の事業を支え、必要な時に彼女を守り続けました。しかし、トミーがエマとの結婚に同意した理由が明らかになったとき、エマは自分のプライドを選ぶか、それとも母親の病院の請求書を支払うために経済的安定を選ぶでしょうか？,3501065,50388,70,1,0,408,245,mn71yglqnf,1,女性向けのドラマ|スイート|コンテンポラリー|スピード婚|億万長者|無邪気な乙女,Female|Sweet|Contemporary|Flash Marriage|Billionaire|Innocent Damsel
6723216c8c7190680009bb54,6723216c8c7190680009bb54,140000000000000114,妊娠して映画スターと結婚,https://v-mps.crazymaplestudios.com/images/588e3840-9cf9-11ef-a2d6-41216ff1602c.jpg,1,1,1,お金に困っていたバーテンダーのレイシー。そんな彼女に、恋愛には縁遠い映画スターのクリス・パウエルから「婚約者のふりをしてほしい」とまさかの依頼が！でも、お互いに知らない秘密がひとつ。実はお腹の中の赤ちゃん、彼の子かもしれない…!?,3022614,56456,70,1,0,241,144,agowsdhekc,1,女性向けのドラマ|スイート|コンテンポラリー|ワンナイトラブ|人違い|妊娠|セレブリティー|楽天的,Female|Sweet|Contemporary|One Night Stand|Mistaken Identity|Pregnancy|Celebrity|Happy-Go-Lucky
672386f915f2befb570866a4,672386f915f2befb570866a4,140000000000000119,リョード氏への抵抗: 年齢差のロマンス,https://v-mps.crazymaplestudios.com/images/f4385c70-9d9f-11ef-a2d6-41216ff1602c.jpg,1,1,1,家族から大学を辞めて結婚するよう圧力をかけられているクラリスは、詐欺に遭ったオースティンの祖母を助けたことをきっかけに、ロイドグループのCEOである彼と出会った。彼女の悩みを知ったオースティンは、祖母の願いを叶えるために偽装結婚を提案し、資金援助も申し出った。こうして二人は予想外の協力関係を築いたが、オースティンはなぜか、自分の正体を彼女に隠し続けることにした……,1020799,48581,70,1,0,27061,329,e4sjj54n74,1,女性向けのドラマ|スイート|コンテンポラリー|年齢差|身分を隠せ|ラブコメ|億万長者|無邪気な乙女,Female|Sweet|Contemporary|Age Gap|Hidden Identity|Rom-Com|Billionaire|Innocent Damsel
674858d5e2ad136fca0ae51d,674858d5e2ad136fca0ae51d,140000000000000135,女社長は私の娘だった?!,https://v-mps.crazymaplestudios.com/images/ec7a7370-b2d9-11ef-a2d6-41216ff1602c.jpg,1,1,1,マチルダの娘エロディは、警察に誘拐犯から救出され、里親に出された後、二度と姿を現さなかった。マチルダと息子カーソンは、エロディを探し続け、ポスターや探偵調査にすべての金銭を費やした。だが、20年後、エロディは億万長者のCEO、アトキンス氏となった。だが、その会社が彼女を育った家を壊そうとしている。それが家族を再び結びつける唯一の手がかりだった。,319463,38024,70,1,0,255,153,nh7xj9enfi,1,女性向けのドラマ|家族ドラマ|コンテンポラリー|お涙ちょうだい|フィール・グッド|再会|億万長者|相続人/社会人,Female|Family Drama|Contemporary|Tear-Jerker|Feel-Good|Reunion|Billionaire|Heiress/Socialite
6768c472c0f8a8c96b0361b5,6768c472c0f8a8c96b0361b5,140000000000000151,白いクリスマスの白い嘘,https://v-mps.crazymaplestudios.com/images/88ab50b0-c8b1-11ef-a2d6-41216ff1602c.jpg,1,1,1,世界最強の軍産グループのCEOであるダミアンは、月給3000ドルの貧しい営業マンと勘違いされた。意外なことに、早速とある会社の社長アイリスと契約結婚を結んだ。クリスマス・ディナーを楽しむためにアイリスと一緒に故郷へと向かうダミアンは、そこでアイリスの親戚からの非難とその求婚者からの嘲笑に直面する。ダミアンは逆転を繰り返し、自分の力と地位を証明し、最終的にアイリスと真の愛を見つける。,6678387,42053,70,1,0,5406,190,sxm1pex6w0,1,男向けのドラマ|カムバックストーリー|コンテンポラリー|身分を隠せ|人違い|とぼける|億万長者|婿,Male|Comeback Story|Contemporary|Hidden Identity|Mistaken Identity|Playing Dumb|Billionaire|Son-in-Law
67c54a1cf4e1eb173400f0ed,67c54a1cf4e1eb173400f0ed,140000000000000182,ママ、泣かないで,https://v-mps.crazymaplestudios.com/images/68ca0710-fd7b-11ef-a38f-0d66b56fc320.jpg,1,1,1,"""愛する妻シエナの死を知らされた日、ウェインの世界は崩れ落ちた――彼は深い悲しみの中、娘を守ることだけを誓う。しかし、狡猾なアリソンの罠により、彼が家へ連れ帰ったのは“偽りの娘”だった。だが、ウェインはまだ知らない。シエナは死んではいなかったのだ。
精神病院で味わった絶望が、彼女の心を塗り替えた。新たな人格・スカーレットとして生まれ変わったシエナは、もはやかつての優しい妻ではない。冷酷な眼差しでアリソンの欺瞞を暴き、奪われた娘のために復讐を誓う。母の慟哭が、血塗られた裁きへと変わるとき、真実を知るのは誰か？
偽りに満ちた家族の物語が、やがて衝撃の結末へと突き進んでいく——。""",2412289,42968,70,1,0,192217,6920,54cswuyqfx,1,女性向けのドラマ|家族ドラマ|モダン|あまりに遅すぎる|身分を隠せ|事業主|セレブリティー|医者,Female|Family Drama|Modern|All-Too-Late|Hidden Identity|Business Owner|Celebrity|Doctor
6865ea672f0df18fba012beb,6865ea672f0df18fba012beb,140000000000000275,ママ、子守唄を歌って,https://v-mps.crazymaplestudios.com/images/ef99a6a0-5bc3-11f0-b471-b9eef54adbd8.jpg,1,1,1,"シングルマザーのトレイシーは、女手一つで双子を育てるために懸命に働いている。 末っ子のヘンリーは家族を嫌い、心臓病を患う兄のローガンを負担に感じている。そんな矢先、ローガンが交通事故に遭い、裕福な男性に養子として引き取られ、彼の人生は一変する。
時は経ち、トレイシーは清掃員として数々の雑用を続けていた。トレイシーとローガンはお互いを見つけることを決して諦めず、再会した瞬間、社長となったローガンはトレイシーと強い繋がりを感じる。
一方、トレイシーの無私の献身はヘンリーには届かなかった。彼は母を恥じ、知り合いだと認めることすら拒み、時には冷酷にいじめた。
そして、ヘンリーの結婚式で、彼がトレイシーにワインのボトルを叩きつけようとしたその時、ローガンにDNA検査の結果が届く。ステージで晒し者にされているその女性は、彼の母親だった！",76158,881,70,0,0,7998,397,sb12ayek54,1,ドラマ,Drama
688b4454adc678b5a80f9701,688b4454adc678b5a80f9701,140000000000000286,隠された真実と再び築く愛,https://v-mps.crazymaplestudios.com/images/154fbdf0-71a7-11f0-a06b-bdb674869ea1.jpg,1,1,1,"""エリス・グレーは、結婚式の日に祖国に仕えるよう召集され、軍用の最先端戦闘機開発に従事した。彼女はまた、世界最大の宇宙航空・軍事防衛請負業者「ラプターグループ」社を設立し、億万長者となった。
4年後、彼女は夫のケイトが夢に描いていた結婚式を、サプライズで挙げるために自分の正体を隠して帰郷した。しかし、彼女を待ち受けていたのはトラブルだった——ビアトリスが執拗にケイトを追いかけ、二人の結婚を破壊しようと企んでいた。ケイトの家族、特に母親ステイシーも、ケイトがビアトリスと結婚できるよう、エリスに離婚を迫り、彼女を辱めようとした。ケイトの揺るぎない忠誠心とエリスへの誠実な愛が、彼女に最後まで戦い抜く力を与えた。エリスはどんな代償を払っても、自分の結婚を守り、誇りを取り戻そうとした。""",51769,459,70,1,0,6224,233,psizfx5sny,1,悪女ヒロイン,Strong Heroine
691a84f32be4b20ee1060b51,691a84f32be4b20ee1060b51,140000000000002209,さよならを言えなかったゴーストへ,https://v-mps.crazymaplestudios.com/images/abe22ec0-c9c6-11f0-84ad-6b5693b490dc.jpg,1,1,1,戦地にいることを妻に隠し、戦死してしまった夫、ライアン。彼はゴーストとなって愛する妻アリスの元へ還る。しかし、夫の死を知らないアリスは、突然連絡を絶った彼を「浮気している」と誤解。当てつけに別の男との結婚を決意する。そして結婚式当日、ウエディングカーがすれ違ったのは、誰にも看取られることのない、夫の葬列だった…この世で最も悲しいすれ違いが、今、始まる。,44722,587,70,1,0,7475,352,lsqjiz068x,1,カムバックストーリー,Comeback Story
693b7e790689bf264e00488d,693b7e790689bf264e00488d,140000000000000406,レンタル旦那様は億万長者,https://v-mps.crazymaplestudios.com/images/8cf8d2e0-da63-11f0-84ad-6b5693b490dc.jpg,1,1,1,7年越しの再会は、偽りの結婚から始まった。隣にいる優しい彼はまだ知らない。私たちが本当の家族であるという秘密を。この嘘は、いつまで続くの？,77884,667,70,1,0,8170,259,o9dve21xm3,1,甘いロマンス,Sweet Romance
66cd9c441b070bf29c081e4e,66cd9c441b070bf29c081e4e,140000000000000084,覚悟はいいか　そこのベイビー,https://v-mps.crazymaplestudios.com/images/c3c9e799a7662d69.jpg,1,1,1,夢の男性と結婚することが、アイビー・ドナヒューにとって幸せな人生への鍵となるはずだった。しかし、それは終わりなき悲惨と心痛の始まりに過ぎなかった。だが、夫が一線を越えたとき、アイビーはただの主婦ではないことを明かす。彼女は億万長者の相続人であり、夫に必ず報いを受けさせると決意する。,6649694,78965,71,1,0,522,313,0i8x01oq4t,1,女性向けのドラマ|悪女ヒロイン|コンテンポラリー|復讐|身分を隠せ|浮気|億万長者|相続人/社会人,Female|Strong Heroine|Contemporary|Revenge|Hidden Identity|Affair|Billionaire|Heiress/Socialite
66ec225fef7ad1fd7506f866,66ec225fef7ad1fd7506f866,140000000000000102,二人の夫人、揺れる王座,https://v-mps.crazymaplestudios.com/images/69c48800-7b37-11ef-a2d6-41216ff1602c.jpg,1,1,1,フレヤ・ドロールは、アメリカで最も裕福な女性として称賛されています。大企業のCEOと結婚し、別名で最も人気のあるジュエリーを制作しているからです。彼女が夫の代わりにオフィスに行くと、別の女性が彼女の名前を名乗り、彼女の私生活や仕事に混乱を引き起こしていることに気付きます。,797317,60254,71,1,0,373,224,m7gu5i37h5,1,女性向けのドラマ|悪女ヒロイン|コンテンポラリー|ビジネス|人違い|身分を隠せ|億万長者|相続人/社会人,Female|Strong Heroine|Contemporary|Business|Mistaken Identity|Hidden Identity|Billionaire|Heiress/Socialite
674d4de6295664b76d0f80bd,674d4de6295664b76d0f80bd,140000000000000121,過保護な三兄弟,https://v-mps.crazymaplestudios.com/images/213c1330-b60d-11ef-a2d6-41216ff1602c.jpg,1,1,1,長く行方不明になってたランカスター家の女性相続人であるナンシーは、彼女の身分を盗もうとする恋人のアランと愛人のミアの裏切りと戦います。いつになったら自分の正体を確立し、周りから認められるのでしょうか？,2380262,59004,71,1,0,327,196,orovvzekpo,1,女性向けのドラマ|スイート|コンテンポラリー|スピード婚|妊娠|イケオジ/ディルフ|億万長者|楽天的,Female|Sweet|Contemporary|Flash Marriage|Pregnancy|Hot Daddy/DILF|Billionaire|Happy-Go-Lucky
676a8dd8655889f45308d211,676a8dd8655889f45308d211,140000000000000142,ホームレスの夫が実は大富豪 ～クリスマスの奇跡～,https://v-mps.crazymaplestudios.com/images/3031f2d0-c722-11ef-a2d6-41216ff1602c.jpg,1,1,1,"婚約者の裏切りに傷ついたビクトリア。面目を保つため、ホームレスの男性との結婚を決意するが...彼の正体は国内最大企業のCEOだった！？
 偽装結婚から始まる波乱の恋。 テキサスを舞台に、元婚約者との対決も勃発！失われた誇りを取り戻す、 胸キュンのラブストーリー！",16492037,281882,71,1,0,145478,5295,bc2k23cf0s,1,女性向けのドラマ|スイート|コンテンポラリー|運命の恋人|身分を隠せ|ラブコメ|億万長者|ストロングウィル,Female|Sweet|Contemporary|Fated Lovers|Hidden Identity|Rom-Com|Billionaire|Strong-Willed
67f34430d31415f3850d62f5,67f34430d31415f3850d62f5,140000000000000202,絶対に落ちてはいけない恋の罠,https://v-mps.crazymaplestudios.com/images/22f12450-1a75-11f0-a650-71056cbfe3ac.jpg,1,1,1,"大学生のハーパーは、ある夜の帰り道、チンピラに襲われ絶体絶命のピンチに、そこに現れたのは、父の親友であり凄腕ボディーガードのクリス。彼に救われたことをきっかけに、次第に惹かれていく二人。しかし、クリスの裏の顔と元カレの執着が、二人の恋の行方を危うくする――。
果たして、父の親友との禁断の恋の結末は？愛と欲望が渦巻くラブサスペンス。",6819459,96864,71,1,0,183939,6530,qpk62tgi7q,1,女性向けのドラマ|ヤングアダルト|モダン|年齢差|敵から恋人へ|タブー|犯罪組織の親玉|学生,Female|Young Adult|Modern|Age Gap|Enemies to Lovers|Taboo|Crime Lord|Student
6847a2132f920100bf07a7e3,6847a2132f920100bf07a7e3,140000000000000253,アルファに囚われた花嫁,https://v-mps.crazymaplestudios.com/images/ee9817f0-4cd7-11f0-860b-97fc2eb1c6d9.jpg,1,1,1,「狼を持たない」のエヴリンは、非情なアルファであるドミニクを意図せず救ってしまい、彼に運命の番として主張されているが、彼女既にハリソンという選んだ相手がおり、ドミニクの強引な要求に抵抗します。彼はエヴリンを誘拐し、自分のものだと主張しますが、彼女が抗えば抗うほど、二人の間の欲望は激しく燃え上がります。,440924,60532,71,1,0,217671,10318,86aam5nw0e,1,女性向けのドラマ|ダークロマンス|ファンタジー|三角関係|敵から恋人へ|運命の恋人|狼男,Female|Dark Romance|Fantasy|Love Triangle|Enemies to Lovers|Fated Lovers|Werewolf
692cf5f7ca39c4a4cd00ba16,692cf5f7ca39c4a4cd00ba16,140000000000002339,種族の掟～愛の結晶が死を招く～,https://v-mps.crazymaplestudios.com/images/e1d2ab30-cf62-11f0-84ad-6b5693b490dc.jpg,1,1,1,アルファであるサイラスの子を妊娠したアリー・ジョーンズの命を救えるのは、神聖な生命の木がつける果実だけ。しかし彼女が愛するサイラスは、別の狼女エマにしか興味がないようだ。アリーの身体が弱っていく中、サイラスは彼女を選ぶのだろうか？,37446,595,71,1,0,8031,375,q5drwm1h9b,1,甘いロマンス|ドラマ|トキシック,Sweet Romance|Drama|Toxic
693b7e4105035850120bfc5f,693b7e4105035850120bfc5f,140000000000000411,宿敵の王子様とキスした！,https://v-mps.crazymaplestudios.com/images/85a9ca80-da63-11f0-84ad-6b5693b490dc.jpg,1,1,1,"街の不良ルーカス（通称：黒いジャッカル）と高貴なニコラス王太子は、最初は犬猿の仲だった。しかしケンカから始まった関係は、いつしか複雑な友情へ、そして危険な恋心へと変わっていく。
視線が絡み合うたび、偶然触れ合う手が熱を帯びるたび、二人は抗えない引力に引き寄せられる。だがニコラスは王室の義務と、かつて「敵」と呼んだ少年への想いの間で揺れ動く。
全校生徒の前でのキス、秘密の逢瀬、そして王室からの圧力——隠し続けることができない瞬間が、ついに訪れる。",31074,580,71,1,0,8177,370,9xt1spw18c,1,ヤングアダルト,Young Adult
66b49c895f6461440a03aef9,66b49c895f6461440a03aef9,140000000000000079,私を狙う三人のタフガイ,https://v-mps.crazymaplestudios.com/images/955b30f0-9828-11ef-a2d6-41216ff1602c.jpg,1,1,1,浮気した旦那に捨てられたあなた。しかし彼は知らない…あなたが実はイギリス王室の血筋だなんて！そこで父親が用意したのは、元旦那を見返すための、個性豊かで魅力的な婚約者候補３人！ だけど、期限はたったの７日間！あなたは一体誰を選ぶ？それとも…３人全員！？,6402148,75152,72,1,0,595,357,iv3i129416,1,女性向けのドラマ|スイート|コンテンポラリー|逆ハーレム|身分を隠せ|フィール・グッド|億万長者|相続人/社会人,Female|Sweet|Contemporary|Reverse Harem|Hidden Identity|Feel-Good|Billionaire|Heiress/Socialite
66bb21ee8a271cd3740c3a09,66bb21ee8a271cd3740c3a09,140000000000000082,秘密の夫は上司,https://v-mps.crazymaplestudios.com/images/6fed6f40-9828-11ef-a2d6-41216ff1602c.jpg,1,1,1,ケイトは遺産を相続するために、会ったこともない男と結婚した。2年後、離婚するため戻って来たが、ハンサムで億万長者の上司で、憧れのジャック・タウンゼントが実は秘密の夫だとは知らない。,8003078,115005,72,1,0,294,176,zycycmcsh0,1,女性向けのドラマ|スイート|コンテンポラリー|人違い|オフィスラブ|ラブコメ|億万長者|無邪気な乙女,Female|Sweet|Contemporary|Mistaken Identity|Office Romance|Rom-Com|Billionaire|Innocent Damsel
67847b5178242cc6b70acfd1,67847b5178242cc6b70acfd1,140000000000000156,君は私の運命のアルファ,https://v-mps.crazymaplestudios.com/images/2a553310-d49f-11ef-9487-233a2ec55662.jpg,1,1,1,狼の力に目覚めたマヤは、彼女のパックを統べるアルファであるリアムこそが、運命に結ばれた魂の番だと知る。一方、闇の世界を支配せんとする邪悪なローグキングの影が忍び寄る。彼が探し求めているのは、その力を完成させる真なるルナ。その真なるルナであるマヤの人生は、更なる激動の渦に飲み込まれていく。,4981565,70025,72,1,0,168829,6939,66sl9guuxq,1,ヤングアダルト|スイート|ファンタジー|運命の恋人|スーパーパワー|三角関係|狼男|ストロングウィル,Young Adult|Sweet|Fantasy|Fated Lovers|Super Power|Love Triangle|Werewolf|Strong-Willed
67ac0b4a7dd0ceeadc0e45a0,67ac0b4a7dd0ceeadc0e45a0,140000000000000168,見知らぬ旦那様へ,https://v-mps.crazymaplestudios.com/images/d2607790-ef34-11ef-a38f-0d66b56fc320.jpg,1,1,1,母親の高額医薬費のために、妹の身代わりとして、昏睡状態中の億万長者、サーマルテレントと結婚するようことになったヘリー。だが、予定よりも早く意識を取り戻したサーマルは自分が見ず知らずの女と結婚したことに気づくのである。,2741704,73360,72,1,0,224093,8314,n4tk33n5i2,1,女性向けのドラマ|コンテンポラリー|契約の恋人|結婚後の恋愛|フィール・グッド|億万長者|無邪気な乙女,Female|Contemporary|Contract Lovers|Love After Marriage|Feel-Good|Billionaire|Innocent Damsel
67ce8278fd10571b0a0f8b84,67ce8278fd10571b0a0f8b84,140000000000000191,私のパパは負け犬なんか じゃないよ!,https://v-mps.crazymaplestudios.com/images/f1470960-007a-11f0-a38f-0d66b56fc320.jpg,1,1,1,娘のキャシーの助けを借りて、ベテランのイーサンとオズボーン・グループのCEOであるリーンは、勢いで結婚します。友人や家族からの非難にもかかわらず、リーンはイーサンを支え、彼は優れたスキルを使って様々な脅威から家族を守ります。脱走兵や金目当てと不当に呼ばれたイーサンは、最終的に秘密の正義団体「GUARDIAN FORCE」のリーダーである本当の姿を明かします。彼は裏切り者を見つけ出し、悪の組織を壊滅させるために身元を隠しながら、献身的な夫であり父親でもあります。,3386058,30570,72,1,0,184599,7587,1zscw40tap,1,男向けのドラマ|カムバックストーリー|コンテンポラリー|スーパーウォーリアー|とぼける|天才ベビー|シングルファーザー|相続人/社会人,Male|Comeback Story|Contemporary|Super Warrior|Playing Dumb|Genius Babies|Single Dad|Heiress/Socialite
67fe1a80f47e356ffa0fb9d7,67fe1a80f47e356ffa0fb9d7,140000000000000209,愛の交差点,https://v-mps.crazymaplestudios.com/images/1afa7930-1a94-11f0-a650-71056cbfe3ac.jpg,1,1,1,秘密の関係8年。彼の心を掴んだと思った瞬間、マーカスが本当に愛するのは初恋の人・ゾイだと知るヘイゼル。絶望の中で別れを決意した時、彼女の体には新しい命が宿っていた————,7571643,92335,72,1,0,178594,6626,m5p2j4okt3,1,女性向けのドラマ|二度目のチャンス|モダン|三角関係|運動選手|医者|再会|妊娠,Female|Second Chance|Modern|Love Triangle|Athlete|Doctor|Reunion|Pregnancy
680f434dbf36ce5cde068eef,680f434dbf36ce5cde068eef,140000000000000221,恋は嵐のように,https://v-mps.crazymaplestudios.com/images/efcd87d0-2bb3-11f0-93de-cb0b88a6d7a9.jpg,1,1,1,田舎町で暮らすエミリは、病気の母の治療費を払うため、元カレのケビンに借金を取り立てようと都会へ出てくる。ところがケビンは今、年上の富豪ローズに養われるヒモ男になっていて、二人から恥をかかされてしまう。絶望のどん底にいたエミリは、ひょんなことからルカスという男性と出会い、誤解がきっかけで彼の「契約妻」になることに…,380496,21822,72,1,0,185426,7028,unh63es1x4,1,女性向けのドラマ|スイート|モダン|運命の恋人|契約の恋人,Female|Sweet|Modern|Fated Lovers|Contract Lovers
682c1fcd68618ee6560e3ced,682c1fcd68618ee6560e3ced,140000000000000232,運命の番 ～アルファ狼と人間の禁断の恋～,https://v-mps.crazymaplestudios.com/images/6d59c1a0-37c1-11f0-b65a-27549cd2a91e.jpg,1,1,1,彼氏の浮気を目撃したシェイは、一夜の相手を求めてアルファ狼のマルと出会う。しかし彼の接近は呪いを解くためと知り、シェイは深い傷を負う。マルは彼女を番にしなければ命が危ない。拒絶と葛藤の中で育まれる本当の愛。シェイは彼を救うため、運命の番になる決意ができるのか。,8137687,104243,72,1,0,211208,9230,2fri25u7rb,1,女性向けのドラマ|甘いロマンス|ファンタジー|運命の恋人|妊娠|初恋|復讐|狼男,Female|Sweet Romance|Fantasy|Fated Lovers|Pregnancy|First Love|Revenge|Werewolf
682c1fdfff51895e220df6fc,682c1fdfff51895e220df6fc,140000000000000233,離婚した彼は後悔している,https://v-mps.crazymaplestudios.com/images/9c88cec0-37c2-11f0-b65a-27549cd2a91e.jpg,1,1,1,オードリーは、夫コーネルのプライドを守るため、自分がCEOであることを隠し、裏方として彼を支え続けていた。彼が大型ホテルプロジェクトを獲得し、ホテルのCEOとしての地位を築くために、影で力を尽くす日々。しかし、彼の初恋の相手セシリアが6年ぶりに現れ、二人の関係は揺らぎ始める。その一方でオードリーは、周囲や夫自身からのプレッシャーに日々押し潰されそうになっていく。幾度もの屈辱、報われない献身の中で、彼女はようやく気づく――「私は、間違った相手に尽くしていた」。失われた自信を取り戻し、オードリーは離婚という決断を下す。そしてもう一度、自らの力でCEOの座を取り戻す道を歩み始める。,6837245,86524,72,1,0,223202,11048,u3iq2h6701,1,女性向けのドラマ|悪女ヒロイン|モダン|人違い|とぼける|相続人/社会人,Female|Strong Heroine|Modern|Mistaken Identity|Playing Dumb|Heiress/Socialite
683fc0e642aaa4a3c201afd4,683fc0e642aaa4a3c201afd4,140000000000000240,聞こえぬ令嬢の秘密,https://v-mps.crazymaplestudios.com/images/57c73b30-42af-11f0-b65a-27549cd2a91e.jpg,1,1,1,名家に生まれ、聴覚を失った令嬢が、ある日こっそりとその「音」を取り戻す。だが、耳にしたのは――信じていた人たちの裏切りだった。回復を隠したまま、彼女は「聞こえないふり」をして、静かに反撃を始める。過去の事件の真相、家族の裏の顔、そして仕組まれた罠。偽りの沈黙の中で、彼女はすべてを暴き、奪われた人生を取り戻すために戦う。,8439086,92349,72,1,0,220203,8940,g5d51vlfyc,1,女性向けのドラマ|悪女ヒロイン|モダン|復讐|浮気|とぼける|ストロングウィル,Female|Strong Heroine|Modern|Revenge|Affair|Playing Dumb|Strong-Willed
6879e9a3dbe19b233304e789,6879e9a3dbe19b233304e789,140000000000000285,私の父親、私のヒーロー,https://v-mps.crazymaplestudios.com/images/335e3a20-6c42-11f0-a06b-bdb674869ea1.jpg,1,1,1,海に溺れて記憶を失った後、かつて有力な社長だったウォーレン・デイビスは、自らが創業したホテルだと知らないまま、そこで荷物係として働くことに。従業員や実の息子から召使いとして扱われ、屈辱に耐える日々。しかし、ついに彼は自分が何者であるかを思い出す。,54165,622,72,1,0,7042,336,u96lrzq3dv,1,家族ドラマ,Family Drama
68be3932afbd1f964b0d9b7b,68be3932afbd1f964b0d9b7b,140000000000000316,彼女の影、彼の災い,https://v-mps.crazymaplestudios.com/images/e47eebf0-8e26-11f0-a06b-bdb674869ea1.jpg,1,1,1,幼い頃に引き離された一卵性の双子、エリンとエリース。20年後、エリースは親友セレネと愛する夫ダミアンに裏切られ、拷問を受けた末に崖から突き落とされ、行方不明に。死んだとみなされる。深い悲しみに沈んだエリンは国外から戻り、妹の人生を引き継いで復讐を誓う。しかし彼女の行動は常に疑念にさらされ、ダミアンと共謀者たちは彼女の失敗を待ち構えていた。誰にも知られぬまま、エリースは生き延びていた。顔は砕け、記憶の鍵を失い、整形手術に耐えながら、本物の愛を信じて帰還を目指す。だが彼女が帰った先には、自分の人生を生きる偽物がいた。その女こそエリン、彼女の記憶から消えた双子の姉。妹の帰還は、姉の復讐計画を崩壊させる。悪辣なダミアンとセレネの策略によって、姉妹の絆はさらに引き裂かれ、エリースはエリンを敵とみなす。ついにエリースが姉を思い出したとき、二人の絆を取り戻し、幸せを掴むには…もう手遅れなのだろうか？,60737,710,72,1,0,7126,336,wh5w5k1gys,1,悪女ヒロイン,Strong Heroine
68e86725de5cd24c9f0dda8a,68e86725de5cd24c9f0dda8a,140000000000000331,まさかの親友と電撃結婚!?,https://v-mps.crazymaplestudios.com/images/3e6dc810-a7fa-11f0-a06b-bdb674869ea1.jpg,1,1,1,長年親友のクロエとマテオだったが、ある夜に誤って一夜を共にし、勢いで結婚してしまう！実はマテオが以前からクロエを愛していて、彼女の友達以上恋人未満の枠から進展したいという秘めた想いは告白するのか？一方のクロエも、マテオが実は大富豪のCEOだと知った時、どう反応するのか？ドキドキの愛の物語が開幕する。,150481,1023,72,1,0,7183,249,nu5jf5xt8j,1,甘いロマンス,Sweet Romance
691698e39d31f12dd603e146,691698e39d31f12dd603e146,140000000000002182,ひれ伏せ、俺が金融王だ,https://v-mps.crazymaplestudios.com/images/6e1bf030-c60b-11f0-84ad-6b5693b490dc.jpg,1,1,1,正体を隠し、世界一の金融帝国を築いた俺のコードネームは「S氏」。6年の時を経て、愛する彼女イザベラにプロポーズするためだけに帰国した…だが、「貧乏なあなたじゃ役不足よ」と一蹴される。彼女の唯一の憧れが、俺の仮の姿「S氏」であるとも知らずに…。失意の中、俺は訳あってメディア企業の美人社長フレイヤと電撃結婚。元カノの就任パーティーで屈辱の限りを尽くされる中、ついに俺は決意する。俺が与えたもの、そして俺から奪われたもの、その全てを取り戻すと。,60498,584,72,1,0,7113,254,pagwb0royl,1,カムバックストーリー,Comeback Story
6743eb297868e769a0002012,6743eb297868e769a0002012,140000000000000133,復讐の女神～妻の真実～,https://v-mps.crazymaplestudios.com/images/4f14b5e0-b11d-11ef-a2d6-41216ff1602c.jpg,1,1,1,控えめなアーティスト、コーラは億万長者ブランドン・ピアソンの妻。彼が出張中、彼のギャラリーを任されることになったが、そこに現れたのは大学時代の同級生アシュリー。誤解から妻という立場が危うくなり、同僚たちからも冷笑されてしまう。果たしてコーラは自分の価値を証明し、奪われた立場を取り戻せるのか？,1727084,45398,73,1,0,452,271,x7bbz6wffk,1,女性向けのドラマ|悪女ヒロイン|コンテンポラリー|人違い|守る夫|億万長者|相続人/社会人,Female|Strong Heroine|Contemporary|Mistaken Identity|Protective Husband|Billionaire|Heiress/Socialite
67c549f6100d6f35b406a337,67c549f6100d6f35b406a337,140000000000000178,アルファとの禁断の絆,https://v-mps.crazymaplestudios.com/images/b64cdce0-fb2f-11ef-a38f-0d66b56fc320.jpg,1,1,1,デイジー・ストームは生誕時から、<呪われた十字架>を背負っていた。なぜ変身(シフト)不能なのか？ なぜ狼の刻印を血肉に刻まれないのか？ 一族から爪弾きにされても、ただひとつ、アルファである運命の契(メイト)との絆が救いだった――それが18歳の誕生日、無慈悲に断ち切られ、最大の敵が<新月神権>を掌握する祭司長の座につく屈辱を味わう。涙の逃亡から半年後、母の不可解な死をきっかけに、彼女が真の黒幕と確信する新たなアルファ、ノーラン・フェンリルの鉄鉤のような手で故郷へ引き摺り込まれる。絶対に許さないと呪いながらも、ノーランに抗いがたい磁力を感じ、冷たい表皮の下で狼血が滾りだし、禁断の共鳴が脊椎を駆け上がる...まさか、第二の刻印(メイト)が？ 憎悪の焔の中で結ばれるというのか？,3549649,54424,73,1,0,224282,10878,ycphncxhuz,1,女性向けのドラマ|ヤングアダルト|ファンタジー|敵から恋人へ|ハートフェルト|不可思議|狼男|無邪気な乙女,Female|Young Adult|Fantasy|Enemies to Lovers|Heartfelt|Mystery|Werewolf|Innocent Damsel
6854cfcaf7baf6f9a60bfa81,6854cfcaf7baf6f9a60bfa81,140000000000000251,社長、会社が爆発寸前です！,https://v-mps.crazymaplestudios.com/images/f626af00-5235-11f0-860b-97fc2eb1c6d9.jpg,1,1,1,職場で冷遇されている中年のセールスマン、クライド。ある日、彼は人がいつ、どのように死ぬかを見ることができる超能力に目覚める。何人かの命を救おうとするが、誰も彼の言うことを信じようとしない。数日後、クライドはその能力により、会社で爆発が起こり、ビルにいる全員が死ぬ運命にある事を知る。全員を救うためには、爆弾を仕掛けた犯人を突き止め、それを阻止しなければならない。,54663,721,73,1,0,8377,415,b0mlgfiw0e,1,立身出世,Rags to Riches
687f662f7122d7d446064100,687f662f7122d7d446064100,140000000000000287,父のボスとの禁断の支配関係,https://v-mps.crazymaplestudios.com/images/d7f64e10-6c42-11f0-a06b-bdb674869ea1.jpg,1,1,1,"ジェーン・ターナーはボンデージパーティーで出会った男性にドミナトリクス指導を依頼。彼が父親を家族企業から追放する任を帯びた人物とは知らずに。一夜限りの教育が継続的な秘密関係へと発展した。
関係発覚のリスクを抱えながらも、ジェーンの映画撮影での成功はドムの指導の賜物だった。しかし、亡き母イングリッド・ハートに関する脅迫メッセージが届き始めると、ドムは彼女を守る決意を固める。果たして二人はどんな結末を迎えるのか？",306099,2148,73,1,0,6146,293,hjaqtdakrc,1,官能小説,Erotica
6901b1e1e12f46f83f050231,6901b1e1e12f46f83f050231,140000000000000359,忘れたアナタと2度目の恋,https://v-mps.crazymaplestudios.com/images/f5b4db20-b953-11f0-b4b4-bd031586a1b7.jpg,1,1,1,七年前のクリスマスはラフェルにとって忘れられないくらい辛いだった。しかし今彼は意外な人を目にするのである。亡くなったと思った最愛な妻ルシ。しかし今やルシは動くことも声を発することもできず、ラフェルのことをもすべて忘れてしまっている。果たして、真実の愛は困難を乗り越えて実を結べるのか。,102730,802,73,1,0,8038,387,4r0rm35unk,1,家族ドラマ,Family Drama
69042343a8ab73b6a205717d,69042343a8ab73b6a205717d,140000000000000358,愛するなと言って,https://v-mps.crazymaplestudios.com/images/7aed49f0-bbc8-11f0-b4b4-bd031586a1b7.jpg,1,1,1,"ブリーは、テディの家で働く召使いの娘。
母親とともにその屋敷で育ち、幼い頃からテディと一緒に過ごしてきた。
やがてお互いに惹かれ合うようになるが、身分の差があるせいでブリーは自信を持てず、距離を置こうとする。
一方テディは、そんな彼女の心を必死に開かせようとする。
何度もぶつかり、すれ違いながらもブリーはついに、自分の本当の気持ちを認めるのだった。",257252,2199,73,1,0,8297,337,pl5h2nvs87,1,ヤングアダルト,Young Adult
6696524ab962e1c45c062c42,6696524ab962e1c45c062c42,140000000000000044,女性継承者の守護者,https://v-mps.crazymaplestudios.com/images/96741070-9827-11ef-a2d6-41216ff1602c.jpg,1,1,1,セリーナの婚約者が彼女を捨てた後、彼女の親友は彼女を警護を呼んだ。しかし、運命的には、セリーナは間違った部屋に入り、魅力的な億万長者のceoジェシー・ロスと一夜を共にすることになる。,156850,722,74,1,0,29328,203,z0avy4sqs1,1,ラブコメ|身分を隠せ|契約の恋人|億万長者|相続人/社会人|コンテンポラリー|スイート|女性向けのドラマ|Ashley Michelle Grant|Noah Fearnley,Rom-Com|Hidden Identity|Contract Lovers|Billionaire|Heiress/Socialite|Contemporary|Sweet|Female|Ashley Michelle Grant|Noah Fearnley
6704c748b3c32634a40d0b0f,6704c748b3c32634a40d0b0f,140000000000000106,偽装結婚のレシピ,https://v-mps.crazymaplestudios.com/images/ae4c2180-8c72-11ef-a2d6-41216ff1602c.jpg,1,1,1,控えめなパン職人エヴァリーは、億万長者でシングルファザーのジュリアンから、娘の親権を守るために「偽装結婚」を持ちかけられる。仕方なく始まった嘘の結婚生活が、いつの間にか本物の愛へと変わっていく二人。嫉妬深いライバルやストーカーの元婚約者、さらには二人を引き裂こうとする狂気じみた元妻と戦いながら、彼らは自分たちの本当の気持ちを見つけ出すことができるのだろうか…？,157571,47667,74,1,0,562,337,vgjh25yktm,1,女性向けのドラマ|スイート|コンテンポラリー|契約の恋人|スピード婚|ラブコメ|シングルファーザー|無邪気な乙女,Female|Sweet|Contemporary|Contract Lovers|Flash Marriage|Rom-Com|Single Dad|Innocent Damsel
67344a3775873724620e46a8,67344a3775873724620e46a8,140000000000000120,リベンジ アルファ狼の女王,https://v-mps.crazymaplestudios.com/images/87603c80-a5a6-11ef-a2d6-41216ff1602c.jpg,1,1,1,狼の女王であるジェシカは戦争と血に疲れ果て、森で普通の治療師として身を隠した。娘に普通で幸せな人生を送らせるために、娘をルッソの群れに送ったが、そこに待っているのは生き地獄だと気づいていなかった。自分の過ちに気付いたジェシカは、娘を救い、そして娘を苦しめた者たちに報復することを決意した。,1917976,51287,74,1,0,29157,201,0x0kuou9h3,1,女性向けのドラマ|悪女ヒロイン|ファンタジー|多重アイデンティティ|復讐|聖なる親族|狼男|インディペンデント・ウーマン,Female|Strong Heroine|Fantasy|Multiple Identities|Revenge|Saintly Parent|Werewolf|Independent Woman
67a2ccf00f68f677220d6216,67a2ccf00f68f677220d6216,140000000000000174,偽装恋愛計画,https://v-mps.crazymaplestudios.com/images/6a9d8610-e918-11ef-a54e-99edf5fd5287.jpg,1,1,1,シレナとハリソンはある朝、お互いの隣で目を覚まし、インスタグラムで婚約を発表してしまったことに気づいた。二人の会社の評判を守るため、シレナとハリソンは公の場で関係を偽ることに決めた。,1524536,46987,74,1,0,211410,8478,pgd76un6ea,1,女性向けのドラマ|甘いロマンス|モダン|偽りの恋人|ビジネス|スピード婚|相続人/社会人|億万長者,Female|Sweet Romance|Modern|Fake Relationship|Business|Flash Marriage|Heiress/Socialite|Billionaire
67bc1a6484be371f2f04f1d3,67bc1a6484be371f2f04f1d3,140000000000000181,フィーリング ～禁断の契約～,https://v-mps.crazymaplestudios.com/images/0ec7fac0-f343-11ef-a38f-0d66b56fc320.jpg,1,1,1,妹が悪質なクラブオーナーに脅されているダコタ・ジェームズは、謎めいた大富豪ジャクソン・ショーに契約関係を持ちかける。今までの恋人たちに触れることはなかったジャクソンだったが、ダコタに触れた瞬間に感情を取り戻し始める。しかし、ダコタは自分が余命わずかだと知り、ジャクソンを傷つけないよう別れを選ぶ。クラブオーナーのトラブルに巻き込まれたとき、仮面の男「ハデス」—実はジャクソン—が彼女を救う。だが、二人の時間は残り少ない。ジャクソンはダコタの命を救えるのか？それとも、二人を引き裂く力によって、その愛は散ってしまうのか。,4845881,42862,74,1,0,190404,6436,34tbelrtcb,1,女性向けのドラマ|中毒性がある恋愛|モダン|あまりに遅すぎる|契約の恋人|医者|億万長者|無邪気な乙女,Female|Toxic Love|Modern|All-Too-Late|Contract Lovers|Doctor|Billionaire|Innocent Damsel
67ce82b6112ffc4423073148,67ce82b6112ffc4423073148,140000000000000190,王の帰還,https://v-mps.crazymaplestudios.com/images/c2e752d0-007c-11f0-a38f-0d66b56fc320.jpg,1,1,1,キングズリーはキングズ株式会社の隠された王であり、世界一の大富豪。戦場から帰還するも、幼馴染の恋人に「道化」と見下され、容赦なく捨てられる。しかし彼は本物の王。果たして、彼女に後悔させる方法とは？最強の男が運命を覆す、逆転劇が今始まる！,10107555,147308,74,1,0,198847,6801,enl17g17r9,1,男向けのドラマ|カムバックストーリー|モダン|身分を隠せ|スピード婚|億万長者|ロイヤル/貴族|インディペンデント・ウーマン,Male|Comeback Story|Modern|Hidden Identity|Flash Marriage|Billionaire|Royalty/Nobility|Independent Woman
683555628549d2410409aed3,683555628549d2410409aed3,140000000000000242,プライドと偏見 そして恋,https://v-mps.crazymaplestudios.com/images/77e5d4a0-3b87-11f0-b65a-27549cd2a91e.jpg,1,1,1,結婚がすべてとされる世間の空気の中で、ベネット家の次女・リジーは独身主義を貫こうとしていた。しかし、父の病が悪化し、家族を救うため、彼女は望まぬ良縁探しの世界へと足を踏み入れる。そんな中、出会ったのは、無愛想で謎めいた若き富豪ダーシー。家族のために自分の想いを押し殺すのか、それとも、すべてを捨てて恋に落ちるのか——揺れる心と、階級の壁の中で、リジーが選ぶ運命とは。,4871552,61544,74,0,0,216550,7081,4baoq9su0a,1,女性向けのドラマ|甘いロマンス|時代劇|敵から恋人へ|初恋|三角関係|ロイヤル/貴族|無邪気な乙女,Female|Sweet Romance|Period Drama|Enemies to Lovers|First Love|Love Triangle|Royalty/Nobility|Innocent Damsel
6891d594806cd63a63046be2,6891d594806cd63a63046be2,140000000000000297,振られた世界一大富豪の逆襲,https://v-mps.crazymaplestudios.com/images/8e811530-7679-11f0-a06b-bdb674869ea1.jpg,1,1,1,アイアンマリンと称されるトビー・スタークは、国家を救った後、実家に戻った。その時の彼は、スタークグループを引き継いで、地球上で一番のお金持ちとなったが、五年も付き合っていた恋人のダニエラがそれを知らなかった。トビーの支援のおかげで博士号を取って、全国一のAI企業に入ったにもかかわらず、彼女はトビアスに再会した途端、別れる話を切り出した。トビアスはどのようにして彼女に反撃するだろう？,132783,939,74,1,0,6192,248,wbzygdlt4s,1,カムバックストーリー,Comeback Story
691143e715eb7aded30eaefc,691143e715eb7aded30eaefc,140000000000000353,裏切られたアルファ女王、甦る,https://v-mps.crazymaplestudios.com/images/8160ea30-c11d-11f0-84ad-6b5693b490dc.jpg,1,1,1,秘密の狼の女王ネッサは運命の番のブレイズと駆け落ちするために、狼の力を封印する。しかし、息子のアザを浮気の証と誤解され、母子は奴隷扱いされる羽目に…。息子の命が危険に晒された時、ブレイズは真相に気づくことができるのか？,40779,478,74,1,0,7467,288,nffjkmlglb,1,悪女ヒロイン,Strong Heroine
6912a7d80f5968315e0b4348,6912a7d80f5968315e0b4348,140000000000000364,なぜ騙した、我がままな我が恋人よ！,https://v-mps.crazymaplestudios.com/images/546d6220-c522-11f0-84ad-6b5693b490dc.jpg,1,1,1,エリザ・スペンサー、自力で億万長者となった彼女は、家族に襲われたが生き延びて、記憶喪失状態に陥った。車椅子に乗った、ハンサムな見知らぬ男性、ジャスティン・パットンに助けられ、彼と結婚したが、ジャスティンは自分の花嫁が億万長者であることを知らなかった。やがて記憶が戻ったが、彼女は自分の正体を隠し、欲深い家族から自分の会社を取り戻そうとした。それと、ジャスティンを守る為に、人でなしの彼の異母兄弟と継母と戦い続けていた。,77114,596,74,1,0,8168,271,eimaqcq1nx,1,甘いロマンス,Sweet Romance
693a62b2565020ea3c05d109,693a62b2565020ea3c05d109,140000000000000404,愛の舞は波瀾万丈,https://v-mps.crazymaplestudios.com/images/ff626800-daf4-11f0-84ad-6b5693b490dc.jpg,1,1,1,名門ハグローブバレエ団のプリマになるために、田舎育ちのバレリーナ ハンナは母が生前残してくれた婚約を使ってハグローブ家に嫁ぐ予定だった。しかし思いもよらないことに、彼女は世界最凶の暗殺者ジャックと運命的に出会うのである。怯えながらも何かと危機的状況において助けてくれるジャックに惹かれていき、ハンナは恋に落ちるのである。二人で暗殺の危機を潜り抜け、ようやく結ばれるのである。真実の愛を無駄にするほど、人生は長くないのだ。,41114,521,74,1,0,7221,287,ea2u3u97gp,1,甘いロマンス,Sweet Romance
666cf9ddd3747408ba08f932,666cf9ddd3747408ba08f932,140000000000000058,離婚弁護士に恋して,https://v-mps.crazymaplestudios.com/images/82c43c00-6b57-11ef-838e-777d81c2a9c7.jpg,1,1,1,イヴィーは虐待的で浮気をする夫から逃げたいと思っていますが、夫は彼女を手放すことを拒否します。彼女はハンターと出会うまで、自分が一文無しでホームレスであることに気づきました。ハンターは、イーヴィーが勝たせるより死ぬのを見たいという危険なクソ夫から逃れるために必要な命綱となることができるだろうか？,83751,510,75,1,0,30838,296,pltxxdqyzi,1,Amor después del divorcio|romance de oficina|El embarazo|Damisela inocente|multimillonario,Amor después del divorcio|romance de oficina|El embarazo|Damisela inocente|multimillonario
668480b252032ccba7065611,668480b252032ccba7065611,140000000000000077,彼女が二度と愛した男,https://v-mps.crazymaplestudios.com/images/98b92820-6ab9-11ef-838e-777d81c2a9c7.jpg,1,1,1,レイラ・リードは、ぎくぎくした結婚生活と予期せぬ遺産相続という、秘密と嘘の渦中に巻き込まれている。彼女の生活が崩壊していく中、彼女は魅惑的な謎の男に出会う。男の真意は闇に包まれたままだ。欺瞞の網に絡め取られた彼女は、予想外の展開と驚くべき変化に翻弄される。混沌の中でレイラは慰めを見つけることができるのか、それとも自分の欲望の犠牲者となるのか？,195847,988,75,1,0,29647,258,qunas2jsfe,1,ワンナイトラブ|身分を隠せ|ラブコメ|億万長者|インディペンデント・ウーマン|コンテンポラリー|甘いロマンス,One Night Stand|Hidden Identity|Rom-Com|Billionaire|Independent Woman|Contemporary|Sweet Romance
66978b082758614c370ea752,66978b082758614c370ea752,140000000000000066,億万長者を夫にゲット！,https://v-mps.crazymaplestudios.com/images/aa1bf480-9827-11ef-a2d6-41216ff1602c.jpg,1,1,1,コーラは、家族が破産したため、婚約者の裏切り者によって婚約破棄された。慰めを求めてバーへ行った彼女は、街で一番裕福な男、しかもなんと裏切り者の叔父と寝てしまった！,161901,848,75,1,0,31526,357,grhtz5hp2l,1,ワンナイトラブ|タブー|守る夫|億万長者|無邪気な乙女|コンテンポラリー|スイート|女性向けのドラマ|Grace Swanson|Jarred Harper,One Night Stand|Taboo|Protective Husband|Billionaire|Innocent Damsel|Contemporary|Sweet|Female|Grace Swanson|Jarred Harper
66e5265654f2af4f8f0d03fa,66e5265654f2af4f8f0d03fa,140000000000000095,元彼の嫉妬と再会のワイン～隠された真実～,https://v-mps.crazymaplestudios.com/images/73f52e70-7974-11ef-a2d6-41216ff1602c.jpg,1,1,1,広告戦略家のグレイスの新しいクライアントは、ヨーロッパ貴族のオースティン・ビュッフォイ。彼は数十億ドル規模のワイナリーの後継者であるだけでなく、一年前に彼女を振った元カレでもある！ 元カレと再び関わりたくなかったグレイスだが、突然、彼女を冷たく振ったその彼が、今度はまるで忠実な犬のように彼女に付き従ってくる。オースティンは、グレイスが新しい恋人に夢中だと勘違いして、嫉妬で狂いそうになっているが、実はその「新しい恋人」とは彼女のゲイの親友！ グレイスは誤解を解くつもりはなかったが、元カレは執拗に復縁を求めてくる。どうやら一年前の別れには、表向きには見えない事情があり、彼がそれ以降にしたすべてのことは、実は彼女のためだった…,168393,62395,75,1,0,30283,130,flpabhfvd3,1,女性向けのドラマ|スイート|コンテンポラリー|再会|運命の恋人|ラブコメ|億万長者|インディペンデント・ウーマン,Female|Sweet|Contemporary|Reunion|Fated Lovers|Rom-Com|Billionaire|Independent Woman
672078719d5bdfcb080fbd57,672078719d5bdfcb080fbd57,140000000000000113,私の盗まれた億万長者人生,https://v-mps.crazymaplestudios.com/images/8df5c0c0-9aa1-11ef-a2d6-41216ff1602c.jpg,1,1,1,生まれてすぐに入れ替わったアリーは、ザンダー・マドックスに恋をするまで、自分が何者なのか分からなかった。DNA鑑定結果が出たあの時、ザンダーを失うリスクを負って、彼に自分の父親が誰なのかを告白するか、愛する男に嘘をつくか悩んでいる…,5560373,75027,75,1,0,232,139,cfcy4r61g7,1,女性向けのドラマ|スイート|コンテンポラリー|友達から恋人へ|オフィスラブ|ラブコメ|億万長者|無邪気な乙女,Female|Sweet|Contemporary|Friends to Lovers|Office Romance|Rom-Com|Billionaire|Innocent Damsel
67344a1f9642cdaabb03c097,67344a1f9642cdaabb03c097,140000000000000116,実はお姫様でした！ 平民王女は三人の王子様に溺爱,https://v-mps.crazymaplestudios.com/images/ea0a5520-a5a4-11ef-a2d6-41216ff1602c.jpg,1,1,1,路上で物売りをして暮らすエリンは、婚約者と親友に裏切られていた。そんな彼女の正体は、実は行方不明の王女様だった。三人の王子たちが手がかりを見つけ、エリンが王家に戻れるはずだった矢先、親友が自分こそが本物の王女だと名乗り出る。そんな中で、何度も守ってくれるチャールズ王子のことを、エリンは「兄」とは違う意味で意識し始める。,4309367,69954,75,1,0,30436,358,k74zyn89tc,1,女性向けのドラマ|スイート|コンテンポラリー|人違い|グループのお気に入り|身分を隠せ|ロイヤル/貴族|ストロングウィル,Female|Sweet|Contemporary|Mistaken Identity|Group Favorite|Hidden Identity|Royalty/Nobility|Strong-Willed
673d78b9e6653846c50953d6,673d78b9e6653846c50953d6,140000000000000131,新しい家族は超リッチ！ ～私の隠された運命～,https://v-mps.crazymaplestudios.com/images/6fe239e0-ac9b-11ef-a2d6-41216ff1602c.jpg,1,1,1,"出生時に取り違えられていたことを知り、贅沢な生活を捨て去り、一見貧しそうな実家、リンカーン家に帰るライナ・""スミス""・リンカーン。本当は大金持ち家族の末娘であることを知らされずにいたライナだったが、新しい家族を心から受け入れ、同じように愛されていった。一方、スミス家とその娘はライナを陥れようと企むが、ライナの本当の家族と、超セレブで超イケメンな億万長者テオ・ジョーンズは、彼女を守るためならどんな手段も厭わない。",1958248,40662,75,1,0,210,126,xak41sv7tl,1,女性向けのドラマ|家族ドラマ|コンテンポラリー|グループのお気に入り|フィール・グッド|身分を隠せ|億万長者|楽天的,Female|Family Drama|Contemporary|Group Favorite|Feel-Good|Hidden Identity|Billionaire|Happy-Go-Lucky
67f343d089656fe38202684b,67f343d089656fe38202684b,140000000000000204,愛という名の罪に囚われて,https://v-mps.crazymaplestudios.com/images/eb0d7260-16a4-11f0-a38f-0d66b56fc320.jpg,1,1,1,牧師の娘エリー、その清らかな世界は、不良アッシャー・キングとの出逢いで一変する。禁断の恋に燃え上がり、身ごもった小さな命。だが、それは敬虔な父と、アッシャーが属する非情なギャング「赤蛇組」が決して許さぬ裏切りだった。引き裂かれ、未来さえ奪われようとする二人。すべてを敵に回しても、アッシャーは誓う――「この愛、命懸けで守り抜く」。過酷な運命に、二人は抗うことができるのか？,6567747,61966,75,1,0,191976,6662,v4kdlw4p7b,1,女性向けのドラマ|ヤングアダルト|モダン|学園ロマンス|妊娠|済度|プレイボーイ,Female|Young Adult|Modern|Campus Romance|Pregnancy|Redemption|Playboy
683555c2dab4868c7a0ce224,683555c2dab4868c7a0ce224,140000000000000237,逆転の証明式,https://v-mps.crazymaplestudios.com/images/9ffa0380-3c5e-11f0-b65a-27549cd2a91e.jpg,1,1,1,貧しい孤児のゾーシャは農場で働きながら、名門アイビーリーグの富裕学生に嘲笑されていた。しかし彼女にはずば抜けた数学の才能がある。誰も期待しない数学コンテストで、ゾーシャは偏見と格差を打ち砕き、自分の価値を証明していく――勝負は「ガールズマス」の舞台で始まる。,2654221,43909,75,1,0,190780,7536,9uvtrwkdyp,1,女性向けのドラマ|悪女ヒロイン|モダン|学生|聖なる親族,Female|Strong Heroine|Modern|Student|Saintly Parent
687dd9b8ab3d98dc8108a78a,687dd9b8ab3d98dc8108a78a,140000000000000293,逃げた花嫁と天才CEO,https://v-mps.crazymaplestudios.com/images/8d16fa20-6c42-11f0-a06b-bdb674869ea1.jpg,1,1,1,婚約者に裏切られ、結婚式から逃げ出したスカーレット。偶然出会った男性レオとの契約結婚が、彼女の人生を変えていく。しかし彼の正体と隠された想いが明かされた時、二人の運命は大きく動き出す。,175366,945,75,1,0,6447,208,0erazu80ch,1,甘いロマンス,Sweet Romance
689f08a158be64dc7c05ec67,689f08a158be64dc7c05ec67,140000000000000307,失くしてから気づいた愛,https://v-mps.crazymaplestudios.com/images/b46b3470-7d6c-11f0-a06b-bdb674869ea1.jpg,1,1,1,恩人への義理で始まった5年間の契約結婚。初恋の傷を癒やすため、ケイラはニールと偽りの夫婦になる。優しく献身的なニールに対し、ケイラの心には今もサイモンしかいない。契約終了と共に離婚を告げられたケイラは、ニールの本当の愛にようやく気づく。しかし時はすでに遅く、彼は新たな人生へと歩み去っていた。愛に気づいた時、もう手の届かない場所にいる。,2739074,35710,75,1,0,6536,218,uqv28emyd9,1,カムバックストーリー,Comeback Story
6913e9539fd74652e3052911,6913e9539fd74652e3052911,140000000000000366,教授との禁断の子,https://v-mps.crazymaplestudios.com/images/da8b1060-c4ef-11f0-84ad-6b5693b490dc.jpg,1,1,1,医学生のコーラが街一番の億万長者で新任教授のデイモンの子をまさか妊娠してしまう。子供を秘密裏に育てようとするコーラを他所に、デイモンは熱烈なアプローチを仕掛け、ついにコーラはプロポーズを受ける。しかし、一時の恋のはずが、深い愛へと変わる中、裏切りと血筋の秘密が明らかになり、コーラは家族と幸福の真実に向き合うことになる。,99427,871,75,1,0,7349,347,i1cik1ektc,1,甘いロマンス,Sweet Romance
665e45989dd1c5dc1902cbe5,665e45989dd1c5dc1902cbe5,140000000000000043,姉のために、 億万長者の妻に,https://v-mps.crazymaplestudios.com/images/dfc69f50-9826-11ef-a2d6-41216ff1602c.jpg,1,1,1,アメリア・ハートの目標は 1 つ、妹のアビーの命を救うことです。アビーの医療費が高騰し、彼らの世界が崩壊する中、アメリアは絶望的になり、ロサンゼルス最大のエスコートサービスのオーナーであるマダムXに辿り着く。解決策は、億万長者のCEO、ネイサン・リードとの一か八かの出会いにあります。妹の命を救うために、アメリア・ハートは命を差し出さなければなりません。彼女はネイサン・リードと結婚して赤ちゃんを産まなければなりません！,258064,1168,76,1,0,31145,321,1d28uash4e,1,妊娠|契約の恋人|億万長者|楽天的|コンテンポラリー|スイート|女性向けのドラマ|Daniela Couso|Richard Sharrah,Pregnancy|Contract Lovers|Billionaire|Happy-Go-Lucky|Contemporary|Sweet|Female|Daniela Couso|Richard Sharrah
66d861cd876b5b2016006019,66d861cd876b5b2016006019,140000000000000097,富豪と偽りの花嫁〜命懸けの賭け,https://v-mps.crazymaplestudios.com/images/3ffc6370-7732-11ef-a2d6-41216ff1602c.jpg,1,1,1,死にかけている母親を救おうと躍起になっているシンディ・パークスは、ボスの娘ニッキ・ジェンキンスと取引を結ぶ。ニッキに成りすまし、億万長者のチャールズ・ケインに処女を捧げるというのだ。ニッキはチャールズを騙して結婚するためにこの計画を利用するが、彼女が病気になったため、シンディは再び仮装を強いられ、代理の花嫁として結婚式に出席する。,1174906,6145,76,1,0,32326,286,fsslyhwze6,1,女性向けのドラマ|トキシック|コンテンポラリー|人違い|妊娠|契約の恋人|億万長者|ストロングウィル,Female|Toxic|Contemporary|Mistaken Identity|Pregnancy|Contract Lovers|Billionaire|Strong-Willed
6704c6c596f329c9b3088ddd,6704c6c596f329c9b3088ddd,140000000000000105,億万長者アルファとの契約結婚：運命の妊娠,https://v-mps.crazymaplestudios.com/images/e4be12d0-8b93-11ef-a2d6-41216ff1602c.jpg,1,1,1,エラは狼人間を極度に恐れているが、今はその子供を妊娠している。億万長者であるアルファのドミニク・ムーンとの契約結婚を強いられ、彼女は生き残るために自分の正体を隠さなければならない,7999885,85478,76,1,0,253,151,9gnq3ib9qy,1,女性向けのドラマ|悪女ヒロイン|ファンタジー|契約の恋人|身分を隠せ|妊娠|狼男|インディペンデント・ウーマン,Female|Strong Heroine|Fantasy|Contract Lovers|Hidden Identity|Pregnancy|Werewolf|Independent Woman
673d7889e07eaea53d085595,673d7889e07eaea53d085595,140000000000000124,億万長者の家政夫を雇った,https://v-mps.crazymaplestudios.com/images/bb7b2970-aba1-11ef-a2d6-41216ff1602c.jpg,1,1,1,5年前、シエナとダミアンはワンナイトラブをした。今は娘のポピーちゃんを連れ帰って、ロサンゼルスの大手製作会社の最高経営責任者をしている。彼女たちと再び連絡を取り合うため、ダミアンは億万長者であることを隠し、ポピーちゃんの家政夫になった。彼らは世界と戦い、新しい家庭を作るかな？,3666628,56182,76,1,0,564,338,dxc08rjqx1,1,女性向けのドラマ|甘いロマンス|天才ベビー|身分を隠せ|億万長者|インディペンデント・ウーマン|再会,Female|Sweet Romance|Genius Babies|Hidden Identity|Billionaire|Independent Woman|Reunion
6743eb1427a8c5ef7a07cdd9,6743eb1427a8c5ef7a07cdd9,140000000000000134,契約結婚から愛へ、再会の奇跡,https://v-mps.crazymaplestudios.com/images/28859500-b075-11ef-a2d6-41216ff1602c.jpg,1,1,1,看護師のアリア・ブラウンは、重病の母親の手術費用を集めるために億万長者のCEOメーソン・アダムスと結婚した。単なる契約上の約束で、二人は役所で顔を合わせたことはなかった。三年後、アリアの職場のオーナーであるメーソンと、メーソンの祖父の命を救った看護師のアリアと再会した。お互いに知らない二人だが、一緒にいればいるほど、惹かれあってきた。祖父の看護師に惚れ込んだメーソンは、妻と離婚することを決意したが、知らないのは、恋に落ちた相手がまさに自分の妻であった。,3644686,44504,76,1,0,487,292,t0jv315b6j,1,女性向けのドラマ|スイート|コンテンポラリー|結婚後の恋愛|人違い|億万長者|インディペンデント・ウーマン,Female|Sweet|Contemporary|Love After Marriage|Mistaken Identity|Billionaire|Independent Woman
675003b3693bb77b1505ee71,675003b3693bb77b1505ee71,140000000000000136,復讐令嬢の二度目の人生,https://v-mps.crazymaplestudios.com/images/ee7ef1b0-b94a-11ef-a2d6-41216ff1602c.jpg,1,1,1,失ったものを取り戻すため、ソフィアは復讐を誓った。冤罪で命を奪われた赤ちゃん、裏切り者ライアンとラナ。真実の令嬢として秘密を抱え、復讐の牙を研ぐ彼女に、ライアンは後悔し心を悩ませる。愛と復讐が交錯する衝撃の展開！,2244845,48988,76,1,0,252,151,9q6w8nsmlm,1,女性向けのドラマ|悪女ヒロイン|コンテンポラリー|離婚後の愛|人違い|復讐|億万長者|相続人/社会人,Female|Strong Heroine|Contemporary|Love After Divorce|Mistaken Identity|Revenge|Billionaire|Heiress/Socialite
6775fafcdafc82e8b1025669,6775fafcdafc82e8b1025669,140000000000000150,デスティニー 〜見知らぬ恋人〜,https://v-mps.crazymaplestudios.com/images/dca3d4e0-ce73-11ef-9487-233a2ec55662.jpg,1,1,1,政略結婚を避けるため、ワトソン家の令嬢エマはアンダーソン社でインターンを始める。同時に、アンダーソン家の後継者イーサンがCEOとして就任。お互いの素性を隠しながら評価し合う中、二人は一目惚れしてしまう。しかし、他人がエマの身分を偽り、彼女は別の男性を「婚約者」だと勘違い。二人はそれぞれ婚約を解消しようと決意するが、実は探している相手がすぐそばにいることに気付けるのか？,4438137,61513,76,1,0,140183,5285,q2ehn6tre7,1,女性向けのドラマ|スイート|コンテンポラリー|多重アイデンティティ|人違い|ラブコメ|億万長者|相続人/社会人,Female|Sweet|Contemporary|Multiple Identities|Mistaken Identity|Rom-Com|Billionaire|Heiress/Socialite
67b29b20ed30be3a3e04787b,67b29b20ed30be3a3e04787b,140000000000000179,最初で最後の離婚,https://v-mps.crazymaplestudios.com/images/1487ec90-f320-11ef-a38f-0d66b56fc320.jpg,1,1,1,成功を収めたニューヨークの社長、ハリー・ビルドナーは、大富豪政治家との婚約中にもかかわらず、高校時代の恋人が離婚届を提出していないと知る。過去を清算しようと故郷へ戻った彼女を待っていたのは、元恋人が隠す衝撃の真実、そして二人の間にいた7歳の娘だった。揺れ動く想いに、ハリーは選択を迫られる――。,1742398,32684,76,1,0,199374,7796,1ggknr0xdo,1,女性向けのドラマ|二度目のチャンス|モダン|天才ベビー|隠された気持ち|イケオジ/ディルフ|インディペンデント・ウーマン,Female|Second Chance|Modern|Genius Babies|Hidden Feelings|Hot Daddy/DILF|Independent Woman
68ec5e3911a4efbd960bbd85,68ec5e3911a4efbd960bbd85,140000000000000340,愛が終わりを告げたとき,https://v-mps.crazymaplestudios.com/images/479dc910-d105-11f0-84ad-6b5693b490dc.jpg,1,1,1,エイドリアンは、昔の恋人ステイシーとその息子ルーカスと過ごす間、自分の娘エスターを車の中に置き去りにする。真夏の日差しの下、車はオーバーヒートしてエンジンが停止する。エアコンが作動しなくなったことで、熱中症の危険にさらされたエスターは、意識を失いそうになる。助けを求めてエイドリアンに電話するが、彼は彼女の話も聞かずに電話を切ってしまう。タブレットの充電が切れる直前、エスターは母親に電話し、必死に助けを求める。しかし、居場所を伝える前にタブレットの電池が切れてしまったため、クレアは慌てて娘を探しに出る。最悪の事態が起こる前に、クレアは無事に娘を見つけ出し、救出することができるのか？,283943,2531,76,1,0,7994,362,qiqlbumnrc,1,家族ドラマ,Family Drama
68ef062e5361504cbd08d3c0,68ef062e5361504cbd08d3c0,140000000000000343,声なき者の王国,https://v-mps.crazymaplestudios.com/images/b86d5830-d020-11f0-84ad-6b5693b490dc.jpg,1,1,1,"奇跡的に一命を取り留めたものの、声と身分、そして築き上げたすべてを失ってしまう。無一文になったライアンは、ソフィアという心優しい口のきけない女性に助けられ、彼女の家族が営む小さなレストランで働くことになる。
ソフィアの意地悪な継母ダイアンからの執拗ないじめを受けながらも、ライアンとソフィアは次第に惹かれ合い、恋に落ちる。そんな中、ソフィアの父ジェームズが重病に倒れ、ライアンは一家を救うために立ち上がることを決意する。
一方、ミアは婚姻届を偽造し、ライアンが築いた数十億ドル規模の帝国を乗っ取ろうと画策していた。ライアンの忠実な部下トーマスは、すべてを賭けて主人の財産を守ろうとする。
やがて、継母ダイアンがライアンの正体を知りながらも、ジェームズの治療への協力を拒んだことをきっかけに、ライアンはついにトーマスに連絡を取る。
奪われたすべてを取り戻すため、彼は再び戦場へと舞い戻る準備を整えたのだった。",172079,1158,76,1,0,8221,354,6bd4s51h0x,1,カムバックストーリー,Comeback Story
66979d7c371fc60eab02d8a7,66979d7c371fc60eab02d8a7,140000000000000076,注意！可愛い赤ちゃんが来た！,https://v-mps.crazymaplestudios.com/images/57b6bb14cbcc5f5c.jpg,1,1,1,スカーレットは出産時に子供を亡くしてから5年後、気まぐれでボビー・クラークと結婚する。ボビーのかわいい息子チャーリーは彼女のことを 「ママ 」と呼ぶ。ボビーはいつ自分が億万長者のCEOであることを明かすのか？チャーリーの母親だと名乗る謎の女性の正体は？これは単なるおとぎ話なのか、それともスカーレットはしあわせをつかむことができるのか？,203295,1082,77,1,0,30829,354,6qr2jlu4ig,1,結婚後の恋愛|身分を隠せ|守る夫|億万長者|楽天的|女性向けのドラマ|スイート|コンテンポラリー,Love After Marriage|Hidden Identity|Protective Husband|Billionaire|Happy-Go-Lucky|Female|Sweet|Contemporary
66c54cb30ddb9eea4a0ab8c0,66c54cb30ddb9eea4a0ab8c0,140000000000000083,座って、謙虚に,https://v-mps.crazymaplestudios.com/images/88fa6600-9828-11ef-a2d6-41216ff1602c.jpg,1,1,1,スティシ・ワン・ネスはナパ・バレー最大のワイナリーの後継者。ピート・デビスと一緒にいるために、スティシは自分の正体を隠していたが、無情にも捨てられてしまう。そこでスティシは自分の正体、国で一番の富豪の後継者であることを世間に示すことを決意するが…誰も信じてくれない？,5675729,75378,77,1,0,30626,237,yaxn0ad7fn,1,女性向けのドラマ|悪女ヒロイン|コンテンポラリー|身分を隠せ|結婚後の恋愛|フィール・グッド|億万長者|相続人/社会人,Female|Strong Heroine|Contemporary|Hidden Identity|Love After Marriage|Feel-Good|Billionaire|Heiress/Socialite
67161513947dd3e2a6065bae,67161513947dd3e2a6065bae,140000000000000110,腹黒CEOの虜になった私,https://v-mps.crazymaplestudios.com/images/a0ea0d80-9515-11ef-a2d6-41216ff1602c.jpg,1,1,1,母親の日々の介護に追われているエマは、恋愛なんて考える余裕がない。ましてや、誰もが恐れるバッドボーイCEO、オーガスト・ヒューズとの恋なんて。しかし、エマは知らない。オーガストが密かにずっと彼女の心を掴むチャンスを探していたことを。二人の運命が交わるとき、エマは彼を信じる勇気を持てるのか？それとも、幸せへのチャンスを逃してしまうのか？,4062605,48623,77,1,0,470,282,if83e18umr,1,女性向けのドラマ|スイート|コンテンポラリー|ワンナイトラブ|オフィスラブ|三角関係|億万長者|インディペンデント・ウーマン,Female|Sweet|Contemporary|One Night Stand|Office Romance|Love Triangle|Billionaire|Independent Woman
675aa1521adaafa73a028f9a,675aa1521adaafa73a028f9a,140000000000000140,失われた愛を求めて,https://v-mps.crazymaplestudios.com/images/485648b0-be9a-11ef-a2d6-41216ff1602c.jpg,1,1,1,リアムとアニーは若いカップルであった。ある日アニーは襲われ、リアムは彼女を救うために犯人に重傷を負わせて投獄されてしまった。そこでお金持ちのホランド家の当主は、リアムがその跡継ぎだと明かし、リアムの元を離れば彼を救うとアニーに約束し、アニーが妊娠したと知りながらもその実行を強要した。六年後、跡を継いだリアムはまだ彼女を愛し、様々な事情がありながらも、彼女と再び愛し合うために慎重に働き始めた。,101272,440,77,1,0,3156,120,qm40jnn5o1,1,女性向けのドラマ|二度目のチャンス|コンテンポラリー|再会|守る夫|天才ベビー|億万長者|ストロングウィル,Female|Second Chance|Contemporary|Reunion|Protective Husband|Genius Babies|Billionaire|Strong-Willed
68882cb4bbabb958e4021a30,68882cb4bbabb958e4021a30,140000000000000289,運命のすり替わり,https://v-mps.crazymaplestudios.com/images/7aad6d00-6c43-11f0-a06b-bdb674869ea1.jpg,1,1,1,NFL伝説のクォーターバックのトレント・ブラッドショーと元ミスのクリスタの息子アッシャーが火災事故で行方不明になった日、狂信的ファンのドニー・ルイスはこの機に乗じ、自分の息子ワイアットとすり替えた。12年後、二人はフットボールの試合で再会した。アッシャーはワイアットを圧倒的な実力で凌駕したが、ブラッドショー夫婦は実の子を気づかず、ワイアットに唆されるまま、アッシャーに精神的・肉体的な苛めを繰り返す。だが衝撃の真実が明らかに！アッシャーこそが本当の息子だったと知った夫婦は必死で許しを請うが、ワイアットとドニーは復讐を画策し始める…,61766,472,77,1,0,5903,198,x0zps96f5t,1,家族ドラマ,Family Drama
689c3546307dbbd5a503e83b,689c3546307dbbd5a503e83b,140000000000000306,田舎娘と社長の都会婚,https://v-mps.crazymaplestudios.com/images/3359ec20-7bdf-11f0-a06b-bdb674869ea1.jpg,1,1,1,"田舎育ちの少女デイジーは、メディア企業「スミス・メディア」のオーナーであるハミルトン・スミスと電撃結婚する。
しかし、二人の仲を引き裂こうとするスミスの幼馴染 ビアンカの陰謀によって、二人の関係は崩壊の危機に――。",138796,789,77,1,0,6949,302,ikfqcj9s61,1,甘いロマンス,Sweet Romance
68d8aa6ac59b5236980abaf7,68d8aa6ac59b5236980abaf7,140000000000000304,不倫夫の筆を折る,https://v-mps.crazymaplestudios.com/images/962cba90-9cdb-11f0-a06b-bdb674869ea1.jpg,1,1,1,結婚25周年の記念日、アンはベストセラー作家である夫のジョナサンがずっと不倫をしていたことを知る。失望したアンは離婚を決意、出版社の社長に就任予定のジョナサンは即座にアンを追い出す、深く傷ついたアンはジョナサンへの復讐を誓う。路頭に迷うかと思われた彼女は大手出版社の会長の座に復帰し、ジョナサンを解任する。ジョナサンはやっと気づいた。25年間専業主婦だったアンは、実は資産家の令嬢だったのだ...,190398,1477,77,1,0,6544,290,rxrqxn8ytw,1,悪女ヒロイン,Strong Heroine
665f888cb7cdeb47470de332,665f888cb7cdeb47470de332,140000000000000071,パリで出会ったコールボーイ,https://v-mps.crazymaplestudios.com/images/1a04c930-6ab9-11ef-838e-777d81c2a9c7.jpg,1,1,1,ソフィーは7年前にジャスティンに会ったが、彼が誰なのか覚えていない。運命の定めか、彼らは一夜限りの関係を経て7年後に再会する。彼女は彼をコールボーイと間違え、偽装結婚を頼むが、彼女はほとんど知らない…彼が億万長者だ！,1821810,32585,78,1,0,31816,150,tnhvkoqay9,1,身分を隠せ|ラブコメ|億万長者|インディペンデント・ウーマン|結婚後の恋愛,Hidden Identity|Rom-Com|Billionaire|Independent Woman|Love After Marriage
66eb87077b476740ca03bc7e,66eb87077b476740ca03bc7e,140000000000000096,恋人たちの嘘,https://v-mps.crazymaplestudios.com/images/e574e4b0-7a45-11ef-a2d6-41216ff1602c.jpg,1,1,1,サラは、苦境にある家族の盲目の後継者ノア・デンプシーと、義理の妹キャシーの代わりに結婚することを強いられる。サラはノアを知るうちに彼に恋をするが、実はノアは視力が完璧で、重要な不動産コングロマリットを率いていることを発見する。最終的に、ノアはサラがずっと探し求めていた夢の女性だと気づく,3136831,68605,78,1,0,347,208,nw48smoqy7,1,女性向けのドラマ|スイート|コンテンポラリー|結婚後の恋愛|スピード婚|ラブコメ|億万長者|インディペンデント・ウーマン,Female|Sweet|Contemporary|Love After Marriage|Flash Marriage|Rom-Com|Billionaire|Independent Woman
677b395d38a8c0e1930eebde,677b395d38a8c0e1930eebde,140000000000000153,甘く危険な香り ~マフィアと復讐者~,https://v-mps.crazymaplestudios.com/images/bcb4aec0-d24c-11ef-9487-233a2ec55662.jpg,1,1,1,母の復讐のため、デイジーはダンサーに扮してマフィアのボス、ホーガンに近づく。デイジーの意図を疑いながらも、ホーガンは彼女の危険な魅力に抗えない。デイジーは無事に復讐を遂げられるのか、それともホーガンとの情熱的な愛に溺れていくのか——。,2642890,61755,78,1,0,131435,6177,kmbmmrmmhh,1,女性向けのドラマ|悪女ヒロイン|コンテンポラリー|復讐|身分を隠せ|フィール・グッド|犯罪組織の親玉|インディペンデント・ウーマン,Female|Strong Heroine|Contemporary|Revenge|Hidden Identity|Feel-Good|Crime Lord|Independent Woman
67847b1bb3aac975970db3a9,67847b1bb3aac975970db3a9,140000000000000155,恋しちゃいけない人に恋した,https://v-mps.crazymaplestudios.com/images/9266eca0-d7a1-11ef-a54e-99edf5fd5287.jpg,1,1,1,ケイティの妹のガンが悪化したとき、彼女は謎の億万長者に跡継ぎを産むという契約を結んでいることに気付きました。しかし、CEOの祖父に彼らの関係を証明するのが予想以上に困難であることが判明した時、ケイティとブラントは、この契約に唯一のルール――「恋に落ちるな」があるにもかかわらず、なんとお互いに仲良くなりました。,2964761,66753,78,1,0,137202,4967,xpijc6i96s,1,女性向けのドラマ|スイート|コンテンポラリー|結婚後の恋愛|妊娠|契約の恋人|億万長者|インディペンデント・ウーマン,Female|Sweet|Contemporary|Love After Marriage|Pregnancy|Contract Lovers|Billionaire|Independent Woman
67ce829a40c980ab260ba850,67ce829a40c980ab260ba850,140000000000000188,リベンジ·ウエディング ～デブ妻の逆襲～,https://v-mps.crazymaplestudios.com/images/3460ddb0-0081-11f0-a38f-0d66b56fc320.jpg,1,1,1,ハリソン家の後継ぎデクランは、家の都合で大富豪の娘クレアと結婚する。しかし、初めて会った彼女は体重130キロのふくよかな女性だった。結婚式で笑い者にされたデクランは、見た目を気にするあまり、クレアの愛を受け入れられず、冷たく接する。彼の心ない言葉に深く傷ついたクレアは、見返すためにダイエットを決意。やがて彼女は美しく変貌を遂げ、デクランの後悔とともに、真実の愛の価値を問う物語が始まる――。,6642023,45769,78,1,0,196244,6947,w48dz6gghs,1,女性向けのドラマ|悪女ヒロイン|コンテンポラリー|ラブコメ|結婚後の恋愛|フィール・グッド|億万長者|相続人/社会人,Female|Strong Heroine|Contemporary|Rom-Com|Love After Marriage|Feel-Good|Billionaire|Heiress/Socialite
689c3575339146e93d02e8a9,689c3575339146e93d02e8a9,140000000000000301,黄石牧場：モンタナの王,https://v-mps.crazymaplestudios.com/images/9d958270-7bdf-11f0-a06b-bdb674869ea1.jpg,1,1,1,伝説的な黄石牧場の創設者であり、モンタナの王と呼ばれたヘンリー・コンラッドは、その正体を隠し、学校の用務員として暮らしていた。そして十年の歳月を経て、ついに王座へ戻る時が来る。しかし、その身分を明かす前に、彼の息子がいじめに遭い、殴られ、屈辱を受けてしまう。ヘンリーは息子を守り、いじめっ子たちに報いを与え、この谷に蔓延る不正を、真の王として正すことを誓う。,46942,530,78,1,0,6896,262,eqaxajmpes,1,カムバックストーリー,Comeback Story
68ae5bdfb1390e5dc208c3ae,68ae5bdfb1390e5dc208c3ae,140000000000000308,嘘から始まるチュートリアル,https://v-mps.crazymaplestudios.com/images/19e7b870-87a7-11f0-a06b-bdb674869ea1.jpg,1,1,1,"名門ロックウッド学園のホッケースター、ブレイディ・ワイルダー。
そして、目立たないけれど成績優秀なハーパー・ハーニー。

ひょんなことからブレイディの化学の家庭教師を引き受けることになったハーパーは、条件として「彼の恋人役を演じる」という契約を交わす。さらにブレイディは「恋愛指導」までしてくれるという…。

しかし、次第に二人の間に生まれる“本当の化学反応”は、契約を大きく揺るがしていく。

偽りから始まった関係の行方は…？",261338,1715,78,1,0,7049,339,hpvshuzcdq,1,ヤングアダルト,Young Adult
68be39c37bf19d56b90c4be0,68be39c37bf19d56b90c4be0,140000000000000321,君が狂わせる,https://v-mps.crazymaplestudios.com/images/a5578c50-92a6-11f0-a06b-bdb674869ea1.jpg,1,1,1,"6年前、自動車修理工のヤスミンは薬を盛られ、二度と会うことはないと思っていたハンサムなホームレスの男性と情熱的な一夜を過ごす。そして、彼の子を身ごもっていることに気づく。
現在、5歳になる息子を救うため、彼女は元レーシングドライバーでマーズモーターグループのCEOであるトリステン・マーズの秘書として働くことになる。何年も探し続けてきた夜の相手の正体は一体……",139432,1123,78,1,0,7733,350,x8jghbvoya,1,甘いロマンス,Sweet Romance
690c0e34f83a46c04400cd81,690c0e34f83a46c04400cd81,140000000000000361,銀の血涙：その愛、本物ですか？,https://v-mps.crazymaplestudios.com/images/81422eb0-c37a-11f0-84ad-6b5693b490dc.jpg,1,1,1,裏切りにより二大ウルフパックが壊滅した後、少女アン・リードは敵であり、恩人でもあるアルファ、デーン・モンタギューとの婚姻を強いられる。彼は、アンが家族を殺したと信じ、3年間にもわたり彼女を心身ともに虐げ続けた。ある夜、ついに彼女を抱きながらも、デーンは再びアンを突き放す。心を踏み躙られたアンは、魔術的な魂の繋がりを断ち切り、一枚のクレジットカードと、まだ自身も知らない”ある秘密”だけを残して姿を消した。5年後、彼女はヨーロッパの王族の後継者”オーロラ・ムーン”として、富と権力、そして秘密をその身に纏い、彼の前に帰ってくる。目的はただ一つ、我が子を守り、すべてを奪い返すこと。「二度と彼とは関わらない」そう誓ったにもかかわらず、運命の歯車は狂い始める。かつて憎んだはずの伴侶に抗えぬほど惹かれていくデーン。過去の裏切りと、彼らの絆に隠された真実が暴かれようとした時、本当の脅威が目を覚ます。彼女は、所有されるために戻ってきたのではない。すべてを支配するために、帰ってきたのだ。,48147,618,78,1,0,7273,343,aq8knqkcck,1,ダークロマンス,Dark Romance
6656170fd2838d4e7e09a00a,6656170fd2838d4e7e09a00a,140000000000000070,あなたは私のものです,https://v-mps.crazymaplestudios.com/images/1f05ab816a51d436.jpg,1,1,1,ヘンリー・ロックウッドと出会った前、クリスティン・ウィルソンは正しいことをしていた。しかしここ数年間、完璧な彼女として婚約者に浮気をされたり、すてきな娘として家族にののしられたりしている。これらのことにクリスティンはもううんざりしている！自分を不当に扱った人々に復讐するために、彼女は大胆な行動をとってしまった。ロックウッド家の財産の相続人兼浮気をした婚約者のおじさんのヘンリーを誘惑することにした…,280633,1259,79,1,0,32257,327,plkyq3r1zi,1,タブー|年齢差|億万長者|インディペンデント・ウーマン,Taboo|Age Gap|Billionaire|Independent Woman
66b1c87820c48c174407b7fd,66b1c87820c48c174407b7fd,140000000000000080,億万長者のマスカレード,https://v-mps.crazymaplestudios.com/images/6053c070-9828-11ef-a2d6-41216ff1602c.jpg,1,1,1,マルディグラの華やかな仮面の下、軍曹のシェリー・トルドーと大富豪グリフィン・ロイは、互いにすべてを解き放つ夜を共にする。3年後、追い詰められたシェリーはホームレスの男性と結婚するが、彼がグリフィンだとは気づいていない。彼にはそうせざるを得ない理由があり、貧しいふりを続けることを選ぶ。 赤の他人同士…そうではなかった2人は、やがて心の仮面舞踏劇に巻き込まれていく。,5468498,79976,79,1,0,464,278,gtfnwh3n3k,1,契約の恋人|スピード婚|ラブコメ|億万長者|悪女ヒロイン,Contract Lovers|Flash Marriage|Rom-Com|Billionaire|Strong Heroine
678db4994c70d53dd1016660,678db4994c70d53dd1016660,140000000000000165,君と私の美味しい関係,https://v-mps.crazymaplestudios.com/images/18fb61a0-dc8a-11ef-a54e-99edf5fd5287.jpg,1,1,1,"家族に裏切られ、祖母の治療費のために卑劣なプロデューサーとの取引を強いられたスカイラー。しかし運命はクライングループのCEO・マクスウェルとの一夜をもたらす。結果として彼女は身籠るが、海外へと追いやられてしまう。
6年後、息子を連れて帰国したスカイラーはレストランをオープン。そして運命は再び二人を引き合わせる...",2557140,42685,79,1,0,205603,9417,xxuqx8oud3,1,女性向けのドラマ|スイート|コンテンポラリー|人違い|天才ベビー|億万長者|インディペンデント・ウーマン,Female|Sweet|Contemporary|Mistaken Identity|Genius Babies|Billionaire|Independent Woman
679733f8a471cb3d0003f7bf,679733f8a471cb3d0003f7bf,140000000000000170,謎と恋の坂道、 犯人はどこだ？！,https://v-mps.crazymaplestudios.com/images/4da3f370-e394-11ef-a54e-99edf5fd5287.jpg,1,1,1,イザベルとアリは15年ぶりの再会でかつての情熱を取り戻し、激しい恋に落ちる。警官であるイザベルは、昇進を狙い謎の天才盗賊を追っていたが、捜査に協力する恋人こそがその正体だとは知らない。愛と正義が交錯する危険な駆け引きの行方は――？,2070343,49176,79,1,0,223305,9848,52y74qknic,1,女性向けのドラマ|甘いロマンス|モダン|浮気|身分を隠せ|再会|幼馴染みの恋人|犯罪組織の親玉,Female|Sweet Romance|Modern|Affair|Hidden Identity|Reunion|Childhood Sweetheart|Crime Lord
67a993ce113795dc5b06729f,67a993ce113795dc5b06729f,140000000000000175,冷徹なCEOが私を溺愛してくる,https://v-mps.crazymaplestudios.com/images/abc56fb0-eda3-11ef-a54e-99edf5fd5287.jpg,1,1,1,弟に母の治療費を勝手に使われて、貧困生活を送るヒロイン・オーロラ。そんな彼女を助けたのは、大手企業のCEO・カレブだった。バーでアルバイトを始めた彼女は、偶然にもカレブと再会。治療費の援助を申し出る彼との一夜の過ちで、双子を妊娠してしまう。思いがけない妊娠に戸惑いながらも、彼の屋敷で新しい生活を始めることになったオーロラは、周囲の人々に愛される存在となっていく。,3914382,75273,79,1,0,205495,7706,45eueth3nm,1,女性向けのドラマ|甘いロマンス|モダン|妊娠|グループのお気に入り,Female|Sweet Romance|Modern|Pregnancy|Group Favorite
67ea0b7b55b111208c09f20c,67ea0b7b55b111208c09f20c,140000000000000201,建設作業員の夫が実は億万長者！？,https://v-mps.crazymaplestudios.com/images/2223a5f0-14f5-11f0-a38f-0d66b56fc320.jpg,1,1,1,もう恋を諦めた中年のレイは建設作業員のふりをして、家を追い出されたメイドジョセリンと電撃結婚をしたのである。夢のような幸せな新婚生活が始まるが、ジョセリンは嫁一家にいじめられており、苦しんでいた。そんなジョセリンを何度もレイが助け、自分の正体が実は億万長者だったとジョセリンに明かした。その後二人は裕福な暮らしをしていくが、レイの元妻が二人の仲を引き裂こうとやってくる。レイを困らせたくないジョセリンは自分からいなくなろうとしたが、レイはマスコミの前で大きなサプライズをジョセリンにするのである…,2266681,34404,79,1,0,197128,8319,fnu6e42odi,1,女性向けのドラマ|甘いロマンス|モダン|スピード婚|多重アイデンティティ|億万長者,Female|Sweet Romance|Modern|Flash Marriage|Multiple Identities|Billionaire
682c1ffddf989458320f5159,682c1ffddf989458320f5159,140000000000000234,氷上のスターと仮面の彼女,https://v-mps.crazymaplestudios.com/images/062d6c20-39fb-11f0-b65a-27549cd2a91e.jpg,1,1,1,ジェンナは、昼は地味な女子学生、夜は妹の治療費を稼ぐためにクラブで踊るストリッパー「エンジェル」という、二重生活を送っている。ある晩、傲慢で学園のホッケーエース・キャスパーが彼女の前に現れる。ダンサーとしての彼女に惹かれていくキャスパーだが、その正体が、日頃学校で言い争っているジェンナだとは知る由もなかった――。やがて心を通わせ始めた二人。しかし、互いの“秘密”が明かされた時、彼らの関係はどうなるのか？,386810,49446,79,1,0,206335,7779,50lkoyjs58,1,女性向けのドラマ|ヤングアダルト|モダン|学園ロマンス|敵から恋人へ|運動選手|ダンサー,Female|Young Adult|Modern|Campus Romance|Enemies to Lovers|Athlete|Dancer
66d86186e420d7a19608d85e,66d86186e420d7a19608d85e,140000000000000086,運命の再会～偽りの愛と秘密～,https://v-mps.crazymaplestudios.com/images/a4c0e3c0-7684-11ef-a2d6-41216ff1602c.jpg,1,1,1,愛と裏切りの嵐の中で、ルーシー・ティーグとフェリックス・ヤングのロマンスは、残酷な誤解によって粉々に壊れてしまう。ルーシーはフェリックスを危険から守ろうと必死で愛を犠牲にするが、数年後に再会するのは、億万長者のCEOになったフェリックス... しかも彼の新しい上司として！二人の間には秘密と嘘が交錯し、ルーシーはフェリックスの監視の下で新しい仕事に取り組みながら、フェリックスの腕にいる新しい女の子、陰謀を巡らせる妹エレナの苦悩に耐えつつ、二人を再び結びつけるか、永遠に破壊するかの真実を隠さなければならない。,3188436,76109,80,1,0,33510,303,kdb2lmrxpe,1,女性向けのドラマ|トキシック|コンテンポラリー|二度目のチャンス|再会|オフィスラブ|億万長者|インディペンデント・ウーマン,Female|Toxic|Contemporary|Second Chance|Reunion|Office Romance|Billionaire|Independent Woman
671b0b5d4c2513f2b1097c9c,671b0b5d4c2513f2b1097c9c,140000000000000112,唯一無二の愛,https://v-mps.crazymaplestudios.com/images/2379b750-9836-11ef-a2d6-41216ff1602c.jpg,1,1,1,"ライラは幼い頃から自分が他人とは違うと感じ、自分に劣等感を抱いていた。親のプレッシャーに押され、仕方なく仕事をしてお金を稼いでいたが、働く先ではいつも虐待されていた。そうした日々を送りながら、22歳の誕生日を迎えた彼女は、「真実の愛」を見つけたいと強く願った。
ある日、アルバイト中の彼女は偶然にも大企業の社長であるレオを助け、その後はまさか自分が妊娠していることが判明した。レオはそんな彼女を自分のもとに迎え入れ、二人は一緒に過ごすうちに、次第に互いの愛を確かめ合っていた。しかし、ライラの出自に関するある秘密が明らかになるにつれ、二人は陰謀と邪悪が渦巻く危険な運命に巻き込まれることに……
ライラは二人の愛を守り抜けるか？運命の女神が微笑む未来に、彼女とレオが迎える結末は、果たしてーー",2915875,69771,80,1,0,424,254,j7jj5cm780,1,女性向けのドラマ|スイート|コンテンポラリー|スピード婚|妊娠|イケオジ/ディルフ|億万長者|楽天的,Female|Sweet|Contemporary|Flash Marriage|Pregnancy|Hot Daddy/DILF|Billionaire|Happy-Go-Lucky
6728b01eaef520d84d06c232,6728b01eaef520d84d06c232,140000000000000117,カジノの女王 ラスベガスの闇を裁け,https://v-mps.crazymaplestudios.com/images/70cff7e0-9ffb-11ef-a2d6-41216ff1602c.jpg,1,1,1,ジェーンは従業員へのパワハラが蔓延しているという疑惑を耳にし、真相を探るべく清掃員に扮して現場に潜入する。ところが、忠実な従業員を守るために身分を明かしても、誰一人として彼女を信じなかった。その上、何者かにカジノの経営者としての座を奪われてしまう！立場の弱い清掃員として、ジェーンはどうやって立ち向かうのか？,3230846,32096,80,1,0,32864,151,8jzy4kn41r,1,女性向けのドラマ|悪女ヒロイン|コンテンポラリー|身分を隠せ|フィール・グッド|億万長者|インディペンデント・ウーマン,Female|Strong Heroine|Contemporary|Hidden Identity|Feel-Good|Billionaire|Independent Woman
6805f0d2934a26e942084d54,6805f0d2934a26e942084d54,140000000000000213,この極悪刑務所のボスは俺だ！,https://v-mps.crazymaplestudios.com/images/8c959e00-21b8-11f0-a650-71056cbfe3ac.jpg,1,1,1,"この極悪刑務所のボスは俺だ！映画, なぜ彼は富も地位も捨て、囚人となったのか？ 父が遺した莫大な資産――それは法の死角で腐敗が蔓延る私設刑務所だった。元兵士トロイ・ポーは巨悪の根源を断つため、危険な潜入捜査に身を投じる。だが鉄格子の内側で彼を待っていたのは、信じたはずの看守長による裏切りと、命を脅かす非情な罠。疑心と暴力が渦巻く絶望の淵で、無実の老囚や孤独な女医との出会いが彼の孤独な戦いを支える唯一の光となる。果たしてトロイは、己がオーナーだと証明し、この地獄から生還できるのか？ それとも――。",7483495,123701,80,1,0,192578,6914,d8ynbgi47j,1,男向けのドラマ|カムバックストーリー|身分を隠せ|人違い|事業主|ラギッドCEO|億万長者,Male|Comeback Story|Hidden Identity|Mistaken Identity|Business Owner|Rugged CEO|Billionaire
68215fa1e6812607e00c4664,68215fa1e6812607e00c4664,140000000000000228,赦されざる絆の歌,https://v-mps.crazymaplestudios.com/images/0b4f3ed0-351a-11f0-b65a-27549cd2a91e.jpg,1,1,1,余命いくばくもないと知ったフェイスは、生き別れた家族の行方を追う。しかし、探し当てた彼らは、皮肉にもフェイスが心の底から憎んでいた人々だった。限られた時間の中、彼女を待ち受ける過酷な真実と葛藤。愛憎渦巻く家族との再会が描かれる衝撃の物語。,2694786,53980,80,1,0,201275,9641,j6pm8fezbo,1,女性向けのドラマ|家族ドラマ|モダン|迷子|あまりに遅すぎる|相続人/社会人,Female|Family Drama|Modern|Lost Child|All-Too-Late|Heiress/Socialite
683555b2af424cacab09c750,683555b2af424cacab09c750,140000000000000243,呪われしアルファ王と運命の花嫁,https://v-mps.crazymaplestudios.com/images/66689e10-3c5e-11f0-b65a-27549cd2a91e.jpg,1,1,1,アルファ王のキリアン・ストームは、30歳の誕生日を迎える前に命を落とすという呪いにかけられている。その呪いを解く唯一の方法は、「運命の人」を見つけること。しかし、彼の運命の相手が人間の女性だったらどうなるのか？人間はアルファと番うことができない。もし彼女と結ばれれば、彼女は死んでしまう。だが、結ばれなければ――今度は彼が死ぬ。,8490744,101905,80,1,0,216740,10100,z1shru6rsm,1,女性向けのドラマ|甘いロマンス|ファンタジー|結婚後の恋愛|妊娠|運命の恋人|狼男|学生,Female|Sweet Romance|Fantasy|Love After Marriage|Pregnancy|Fated Lovers|Werewolf|Student
68b50539a23d520d4807cb0f,68b50539a23d520d4807cb0f,140000000000000314,パークアベニューに淑女はいない,https://v-mps.crazymaplestudios.com/images/e57aef40-8e12-11f0-a06b-bdb674869ea1.jpg,1,1,1,毒親から逃れる唯一のチャンス、パリ留学のチャンスを失った後、アンナ・シンクレアは、ニューヨークの上流社交界で、セレブお嬢様を演じていた。彼女は御曹司のプレストン・キングスリーを狙って、パリ行きの夢を実現しようとした。しかしその間、彼女がプレストンの親友、ブルックス・ホイットモアに想いを寄せてしまった。頭が切れるブルックスは彼女の正体を暴きかねない最大の脅威でもあった。敵同士でありながら、恋人同士でもある二人の結末はどうなるだろうか。,56233,509,80,1,0,6625,245,n0xk24vroa,1,悪女ヒロイン,Strong Heroine
68ec5e773c147273cf01677f,68ec5e773c147273cf01677f,140000000000000342,コートの女王,https://v-mps.crazymaplestudios.com/images/40beb870-ae46-11f0-a06b-bdb674869ea1.jpg,1,1,1,テニススターとしてのキャリアを捨てたリリー・ピアソンは、恋人のアダムの成功を支えることに人生を捧げてきた。彼をグランドスラム優勝へ導いたものの、彼は名声によって性格が変わってしまう。若いテニス選手のミア・スパークスと関係を持ち、リリーに彼女のコーチも務めさせようとする。裏切られたリリーは、もう振り返ってくれない男に尽くし続けるのか、それとも自らの情熱と才能を取り戻す勇気を持つのか？,73192,714,80,1,0,8029,381,ilbyml1kol,1,悪女ヒロイン,Strong Heroine
6671f40fa5dded9d390984ae,6671f40fa5dded9d390984ae,140000000000000053,清掃員の正体〜 美女社長の復讐〜,https://v-mps.crazymaplestudios.com/images/52cf2b70-9827-11ef-a2d6-41216ff1602c.jpg,1,1,1,ヴァイオレット・トレントンは、家業のホテルチェーンの跡取りになるために、清掃員として潜入し、トラブルメーカーを次々と排除していく。彼女は成功してホテルを救うことができるでしょうか？そして、彼女のセクシーな新COO、ケイシー・ジョンソンは単なる強力な味方なのか、それともそれ以上なのか？,247222,1304,81,1,0,32675,267,p2qbl8r1hi,1,敵から恋人へ|身分を隠せ|ラブコメ|億万長者|相続人/社会人|コンテンポラリー|悪女ヒロイン|女性向けのドラマ|Grace Swanson|Levi Peterson,Enemies to Lovers|Hidden Identity|Rom-Com|Billionaire|Heiress/Socialite|Contemporary|Strong Heroine|Female|Grace Swanson|Levi Peterson
668c275731237d44a301fc1f,668c275731237d44a301fc1f,140000000000000075,令嬢の逆襲,https://v-mps.crazymaplestudios.com/images/b508f75a60159b64.jpg,1,1,1,ロビンは幼い頃誘拐され記憶を失い、貧しいロンに救われた。しかし13年後、冷酷な実母アンナがロビンを見つけ、取り戻すために手段を選ばない。ロビンは育ての父親の愛情に背を向け、莫大な遺産を受け継ぐ道を選ぶのか？,385829,1736,81,1,0,32832,248,i3mysgvjrv,1,人違い|済度|フィール・グッド|億万長者|相続人/社会人|女性向けのドラマ|悪女ヒロイン|コンテンポラリー,Mistaken Identity|Redemption|Feel-Good|Billionaire|Heiress/Socialite|Female|Strong Heroine|Contemporary
673449f6648b0d573c06780b,673449f6648b0d573c06780b,140000000000000125,10億ドルの契約結婚の秘密,https://v-mps.crazymaplestudios.com/images/35f091c0-a334-11ef-a2d6-41216ff1602c.jpg,1,1,1,"""元カレに振られたコフマン家の令嬢エマは、ストリップクラブでフィッシャー家の大富豪ルーカスと出会う。偶然にも元カレとその浮気相手に再会したエマは、見返すためにルーカスに夫のふりを頼み、ルーカスもそれに乗じて偽装結婚を提案する。
エマはルーカスをホストだと思い込み、ルーカスもエマを金目当ての女だと誤解している。二人はお互いに正体を隠しつつ、邪魔をしてくる悪人たちと戦う。
次第に惹かれ合う二人は、誤解を解き、偽りの結婚を本物にできるだろうか？""",7038092,68422,81,1,0,587,352,3qmqg38iab,1,スイート|コンテンポラリー|身分を隠せ|ラブコメ|契約の恋人|億万長者|相続人/社会人,Sweet|Contemporary|Hidden Identity|Rom-Com|Contract Lovers|Billionaire|Heiress/Socialite
68b5055864f6a52eea066472,68b5055864f6a52eea066472,140000000000000313,命よりも大切な君,https://v-mps.crazymaplestudios.com/images/a25e8d40-8de8-11f0-a06b-bdb674869ea1.jpg,1,1,1,エリックとグレイスの結婚記念パーティーにアマンダが乱入し、グレイスにエリックを返すよう要求して会場を震撼させる。その後アマンダはグレイスを転倒させ、流産させてしまう。しかし、夫はグレイスよりもアマンダを腕に抱き抱える事態に。この一件でグレイスは冷たい現実に目覚める、夫エリックとの離婚を決意する。,150035,769,81,1,0,7477,247,ngcbc5lbeh,1,トキシック,Toxic
68f84276fdd890170c0a7e22,68f84276fdd890170c0a7e22,140000000000000347,エリート男子たちの手懐け方,https://v-mps.crazymaplestudios.com/images/b9f59020-b0b6-11f0-a06b-bdb674869ea1.jpg,1,1,1,メイプル・エリート学園に転校してきたエマ・パーカーは、うっかり初日から学園を支配する4人の御曹司の「ダイヤモンド・ボーイズ」に喧嘩をふっかけてしまう！彼らに目をつけられ、エマは学園の敵と認定されてしまう。だが、暴君のようなローワン・キャロウェイにも、優しく助けてくれるオーガスト・ラングフォードにも、知られざる隠された過去がありそう。敵か幼なじみ、エマが選ぶのはどっち？,1109902,10359,81,1,0,8046,393,edf8jkc0og,1,ヤングアダルト,Young Adult
691144025c12d41d9d05ab3e,691144025c12d41d9d05ab3e,140000000000000360,あなたと出会う運命,https://v-mps.crazymaplestudios.com/images/3daf2200-c11f-11f0-84ad-6b5693b490dc.jpg,1,1,1,ベイリーが16歳の時、彼女の里親は闇市場に卵子を売り、不妊にさせた。数年後、彼女が学校の清掃員として働いているとき、誘拐されそうな女の子を救った。その時、富豪で親権争いの真っ只中だった女の子の父と出会った。ベイリーとその父は秘密や裏切り、執念深い元妻などの困難を乗り越え、本当の愛で結ばれることになった。,20519852,266157,81,1,0,236464,8938,bwwx05tbwl,1,甘いロマンス,Sweet Romance
6656155e4a8de3593e01188e,6656155e4a8de3593e01188e,140000000000000054,あなたが私に何をさせたか見てください,https://v-mps.crazymaplestudios.com/images/eb062409158ad0e7.jpg,1,1,1,華やかでありながら残酷なモデルの世界で、クレア・デュヴァルは結婚式前夜に婚約者の裏切りを発見する。政略結婚のために大御所クリスチャン・クロスとチームを組み、一か八かのファッション業界を背景に、愛、欺瞞、そして正義への欲求を乗り越えながら、彼女は自分の人生とキャリアを取り戻す旅に乗り出す。,135915,465,82,1,0,34692,135,86vrvh3nzm,1,浮気|契約の恋人|復讐|億万長者|相続人/社会人|女性向けのドラマ|悪女ヒロイン|コンテンポラリー,Affair|Contract Lovers|Revenge|Billionaire|Heiress/Socialite|Female|Strong Heroine|Contemporary
66d8615bfa36f0a09c0d9fe6,66d8615bfa36f0a09c0d9fe6,140000000000000088,マフィアボスが見習いパティシエのか,https://v-mps.crazymaplestudios.com/images/bfc8cb90-7591-11ef-a2d6-41216ff1602c.jpg,1,1,1,アテナがマフィアのボス、デックスを救うが、友人がその功績を横取りする。予想外にも、デックスはアテナのパティシエ見習いとなる。デックスはアテナが自分を救った本当の人物だと気づくのだろうか？そして、アテナは見習いの正体が裏社会の大物だと知った時、どうするのか？,6104333,90934,82,1,0,587,352,cmlchtsx6w,1,女性向けのドラマ|スイート|マフィア|人違い|多重アイデンティティ|ラブコメ|犯罪組織の親玉|無邪気な乙女,Female|Sweet|Mafia|Mistaken Identity|Multiple Identities|Rom-Com|Crime Lord|Innocent Damsel
6704c683fa4eed6dd9034628,6704c683fa4eed6dd9034628,140000000000000103,忘れられた娘、帰らぬ心,https://v-mps.crazymaplestudios.com/images/9ce986d0-8551-11ef-a2d6-41216ff1602c.jpg,1,1,1,ハース夫人は、数百万ドルの企業のCEOとして、8歳の双子のデニスとステラ、そして彼らの姉エイミと幸せな生活を送っています。しかし、彼女の秘書ジョンがデニスを誘拐しようとしたとき、全てが変わります。彼は誤ってデニスの双子の妹ステラを捕まえてしまいます。捕まることを恐れたジョンは、ステラを殺そうとしますが、清掃員のミカエルが彼女を救い、養子にしてリアという名前を付けます。リアはミカエルを父として育ち、贅沢な以前の生活を忘れていきます。10年後、リアとデニスは同じ学校に通っており、デニスとその友達は、彼女が双子の妹であることに気づかず、彼女を容赦なくいじめます。ハース夫人とその家族はステラを探し続けますが、彼らが嫌っていじめるリアが実はステラであることに気づいていません。リアとミカエルは屈辱に耐え続け、最終的にリアは退学させられます。さらに悪いことに、ミカエルは白血病と診断され、リアは生活費を稼ぐために仕事を始めなければなりません。ハース夫人とデニスが、リアが失われた娘であり妹であることを発見すると、彼らは必死にリアに家に帰ってきてほしいと頼み、豪華な贈り物を次々と贈りますが、時すでに遅し。リアは古い家族と関わりたくないと思っています。ジョンが秘密裏に彼らを妨害しようとする中、ハース家は自らを取り戻し、リアと彼女の父の治療を手助けして壊れた家族を修復しなければなりません！,7737770,73050,82,1,0,285,171,bs5qo2j0xj,1,女性向けのドラマ|家族ドラマ|コンテンポラリー|済度|お涙ちょうだい|聖なる親族|ストロングウィル,Female|Family Drama|Contemporary|Redemption|Tear-Jerker|Saintly Parent|Strong-Willed
675686ddd4e81f932e09f5cf,675686ddd4e81f932e09f5cf,140000000000000138,メイド X 若様～秘密の契約～,https://v-mps.crazymaplestudios.com/images/6567fae0-bb91-11ef-a2d6-41216ff1602c.jpg,1,1,1,真面目なクラス委員長であるエマは、裕福な私立学校の中で一番貧しい女の子だという大きな秘密を抱えています。彼女のライバルである超金持ちの不良少年ルーカス・ベネットがその父親の医療費を支払うためのパートから彼女を解雇させた時、彼女を自分の個人メイドに雇うことで償うことにしました！ルーカスはエマが自分の望みを全てかなえてくれるなら秘密を守ることに同意しました。,2619828,54552,82,1,0,520,312,plim9jtqhr,1,女性向けのドラマ|ヤングアダルト|コンテンポラリー|敵から恋人へ|身分を隠せ|ラブコメ|億万長者|インディペンデント・ウーマン,Female|Young Adult|Contemporary|Enemies to Lovers|Hidden Identity|Rom-Com|Billionaire|Independent Woman
67612b01662e02cadc0d2097,67612b01662e02cadc0d2097,140000000000000141,恋とヒミツ ～ひとつ屋根の下～,https://v-mps.crazymaplestudios.com/images/61ccc9e0-c1bf-11ef-a2d6-41216ff1602c.jpg,1,1,1,高校生のリンジーは、父親であり学校のアメフトコーチでもあるマイクが、スター選手のウェイン・アダムスを家に住まわせたことで、生活が一変する。衝撃な出会いを果たした2人、父の厳しい注意により、リンジーはウェインへの気持ちを抑え込むことに。そんな中、リンジーは卒業までに彼氏を作り、処女を捨てるために奮闘するが、毎回失敗ばかり。トラブルに巻き込まれるたびに、いつも助けてくれるのはウェインだった。やがて2人の絆は深まり、秘密の恋が始まる。一方で、学校でのいじめが激化し、リンジーは仲間を守るために立ち上がる。勇気ある行動により、周囲からの支持と尊敬を集めるリンジー 。そして迎えたプロムでは 2人はキングとクイーンに選ばれ、マイクもついに2人の関係を認めるのだった。,3924608,61754,82,1,0,133256,5384,c7w8tzo7im,1,女性向けのドラマ|ヤングアダルト|キャンパス|友達から恋人へ|ハートフェルト|フィール・グッド|学園ハンサム|モブキャラ,Female|Young Adult|Campus|Friends to Lovers|Heartfelt|Feel-Good|Jock|Wallflower
677b3949f01f7b0ad60319fb,677b3949f01f7b0ad60319fb,140000000000000154,突然だけど、 僕と結婚しませんか?,https://v-mps.crazymaplestudios.com/images/e25749d0-d251-11ef-9487-233a2ec55662.jpg,1,1,1,初対面にして電撃結婚したマヤモールとエサンアームストロング。二人の関係を邪魔するものとマヤの知られざる過去に苦しめられながらも、結婚生活を一生懸命送るお話。,4489108,57579,82,1,0,132632,5862,x2aosidfjh,1,女性向けのドラマ|スイート|コンテンポラリー|スピード婚|迷子|ラギッドCEO|億万長者|ストロングウィル,Female|Sweet|Contemporary|Flash Marriage|Lost Child|Rugged CEO|Billionaire|Strong-Willed
68197335e6e5ace1c70c40f0,68197335e6e5ace1c70c40f0,140000000000000206,ドラゴンスレイヤーは元恋人でした,https://v-mps.crazymaplestudios.com/images/c3177ff0-2fa2-11f0-93de-cb0b88a6d7a9.jpg,1,1,1,五年前、フレヤ・スワンは自ら初恋の相手トリスタンを手放した――彼に、自分のお腹に子どもがいることを隠して。そして今、竜を討った英雄として王国に凱旋したトリスタン。フレヤはなんと、彼の専属侍女として再び彼のそばに…。知られちゃいけない。でも、伝えたい――あの子の父親は、あなたなの。,3964896,63207,82,1,0,180145,7602,7zahhdmggc,1,女性向けのドラマ|二度目のチャンス|ファンタジー|再会|無邪気な乙女|幼馴染みの恋人|ロイヤル/貴族,Female|Second Chance|Fantasy|Reunion|Innocent Damsel|Childhood Sweetheart|Royalty/Nobility
669508ccd4cf88b315008289,669508ccd4cf88b315008289,140000000000000048,ベイビー、だからただYesと言って！,https://v-mps.crazymaplestudios.com/images/8a4c08c0-9827-11ef-a2d6-41216ff1602c.jpg,1,1,1,婚約者と自分の妹に裏切られたビクトリア・ブランソンは、テディ・ロイドと結婚するが、彼の正体を知らなかった – 実は秘密の億万長者だったのだ。二人は協力してビクトリアの悪い家族に立ち向かい、母の会社を取り戻し、幸せな結局を見つけなければならない。,587724,6380,83,1,0,33696,300,xp8gmgtccx,1,結婚後の恋愛|スピード婚|身分を隠せ|億万長者|相続人/社会人|女性向けのドラマ|スイート|コンテンポラリー|Britney Rae Carrera|Alexander Trumble,Love After Marriage|Flash Marriage|Hidden Identity|Billionaire|Heiress/Socialite|Female|Sweet|Contemporary|Britney Rae Carrera|Alexander Trumble
66e3f9ded7e22784120440df,66e3f9ded7e22784120440df,140000000000000098,OMG！ラスベガスで結婚！？,https://v-mps.crazymaplestudios.com/images/1acc3a80-7683-11ef-a2d6-41216ff1602c.jpg,1,1,1,エミリーとウィリアムは互いに結婚することが決まっていた。見知らぬ誰かと結婚させられるのを避けるために、彼らは酔っ払って、最初に会った人と結婚してしまいます。それがお互いだったのです！,2770331,64614,83,1,0,32011,300,vdb1a14g3k,1,女性向けのドラマ|スイート|コンテンポラリー|結婚後の恋愛|スピード婚|身分を隠せ|億万長者|インディペンデント・ウーマン,Female|Sweet|Contemporary|Love After Marriage|Flash Marriage|Hidden Identity|Billionaire|Independent Woman
6716154097a0351a0a02f53a,6716154097a0351a0a02f53a,140000000000000109,あなたが私を好きになるまで偽ってください,https://v-mps.crazymaplestudios.com/images/e12f6300-9113-11ef-a2d6-41216ff1602c.jpg,1,1,1,婚約者に裏切られた彼女は失意のあまり泥酔し、億万長者の上司との一夜も国内で大きな話題となった。兄さんの命を救うために、上司と偽の夫婦関係を続けるしかない。二人は上司の厳格な祖母、陰険な弟、そして自分たちの感情と向き合わなければならない...,6812646,72722,83,1,0,34048,295,mg5240sn6n,1,女性向けのドラマ|スイート|コンテンポラリー|契約の恋人|結婚後の恋愛|スピード婚|億万長者|インディペンデント・ウーマン,Female|Sweet|Contemporary|Contract Lovers|Love After Marriage|Flash Marriage|Billionaire|Independent Woman
675686c1d94f4aac940db1c1,675686c1d94f4aac940db1c1,140000000000000139,看護師の夫が実は社長！,https://v-mps.crazymaplestudios.com/images/2ece4f60-bc46-11ef-a2d6-41216ff1602c.jpg,1,1,1,彼氏が浮気してるだけじゃなくて、実はお金目当てだったって知ったマデリンは、思い切って別れることにした。そして、偶然にカデンという男性看護師と結婚した。最初は貧乏で一生懸命働いてる普通の人だと思ってたけど、だんだん彼が実はお金持ちだということに気付いた。実は、大企業のCEOのカデンは、兄の最後の願いを叶えるために、ボランティアの看護師をしてきた。そして、兄の心臓を受け取った人を探している。,3357348,47486,83,1,0,233,140,i7hiwqresi,1,女性向けのドラマ|スイート|コンテンポラリー|結婚後の恋愛|スピード婚|ラブコメ|守る夫|楽天的,Female|Sweet|Contemporary|Love After Marriage|Flash Marriage|Rom-Com|Protective Husband|Happy-Go-Lucky
68ae5d0368d84be45d0483ba,68ae5d0368d84be45d0483ba,140000000000000309,嵐の中に外した仮面,https://v-mps.crazymaplestudios.com/images/2cc1f4f0-88a7-11f0-a06b-bdb674869ea1.jpg,1,1,1,皆が彼をただの荷物扱い員と馬鹿にした上、飛行機から追い出そうとしたことになった。しかし、嵐で飛行機が堕落しそうになった時、彼こそ、皆を救える秘密の大富豪だったのだ。,1176776,14228,83,1,0,7930,297,wkz6eojd5x,1,カムバックストーリー,Comeback Story
6915466de6ba39ec8a0eccae,6915466de6ba39ec8a0eccae,140000000000002181,偽りのクリスマス～交換された人生～,https://v-mps.crazymaplestudios.com/images/f6b07f00-c521-11f0-84ad-6b5693b490dc.jpg,1,1,1,16年前、モリーは大富豪グラント家の婿・コルトンと不倫関係にあった。妊娠を告げると、コルトンは冷酷に中絶を要求。怒ったモリーは、グラント家の後継者レイチェルの娘と自分の赤ん坊を密かにすり替える。こうしてレイチェルの実娘ドロレスはスラムで育ち、モリーの娘サラは令嬢として何不自由ない暮らしを送る。やがて二人は同じ名門校で出会い、運命が再び動き出す。芯の強いドロレスは家長アーロンに見込まれ、サラが思いを寄せていたライアンまでもが彼女に惹かれていく。地位を脅かされたと感じたサラは、ドロレスへの陰謀を仕掛け始める。交錯する愛と嫉妬──やがて暴かれる、ふたりの出生の秘密とは…,48672,499,83,1,0,6893,324,0we825x60z,1,家族ドラマ,Family Drama
66acaa13e9acc8cfcd09ba23,66acaa13e9acc8cfcd09ba23,140000000000000055,ああ、やっちゃった！夫と寝ちゃった！,https://v-mps.crazymaplestudios.com/images/47086120-9828-11ef-a2d6-41216ff1602c.jpg,1,1,1,デザイナーのベス・ネルソンは、億万長者のネイサンと再会するが、ネイサンは自分が彼女の夫であることに気付かない。家族の義務と職務上の義務をこなす彼女は、父親の会社とデザインスタジオのためにネイサンの助けを求める。ベスが責任に奮闘するなか、ネイサンは夫婦の絆に気付かないまま彼女に惹かれていく。二人の人生が絡み合い、ユーモアと心痛を生み出しながら、誤った認識のもつれた網の中で、本当の気持ちを解きほぐす運命の契約結婚を走行する。,9068932,447896,84,1,0,353,212,kdvt2ra1ag,1,ラブコメ|オフィスラブ|ワンナイトラブ|億万長者|コンテンポラリー|女性向けのドラマ|インディペンデント・ウーマン|スイート|Brittany Marsicek|Alec Badalov|二度目のチャンス,Rom-Com|Office Romance|One Night Stand|Billionaire|Contemporary|Female|Independent Woman|Sweet|Brittany Marsicek|Alec Badalov|Second Chance
6704c6e47b54f17d5e0ba0cf,6704c6e47b54f17d5e0ba0cf,140000000000000104,ヒーローの正体：禁じられた愛と戦い,https://v-mps.crazymaplestudios.com/images/55fa11c0-8b93-11ef-a2d6-41216ff1602c.jpg,1,1,1,街はスーパーヴィランたちの攻撃を受けており、彼らのヒーローであるクルセイダーを必要としています。リンドンは普通の生活を送るために、ヒーローのアイデンティティを隠しています。しかし、市長の美しい娘ナディアが彼の助けを求めてきたとき、リンドンは再びクルセイダーとしてナディアの命を救うために、邪悪な家族を出し抜くことができるのでしょうか？,3114988,57487,84,1,0,407,244,jcn3waecin,1,男向けのドラマ|カムバックストーリー|コンテンポラリー|スーパーパワー|身分を隠せ|二度目のチャンス|スーパーウォーリアー,Male|Comeback Story|Contemporary|Super Power|Hidden Identity|Second Chance|Super Warrior
666b3b101f9e064759027f5e,666b3b101f9e064759027f5e,140000000000000073,Dr. ベイビーのお父さんに恋した,https://v-mps.crazymaplestudios.com/images/0d85e61bcc51b226.jpg,1,1,1,利己的な彼氏があなたのキャリアがうまくいかないと信じて物事を終わらせた後、あなたは彼の間違いを証明すると誓います。最高の外科医研修医になると決意し、あなたは仕事に打ち込みます。そして研修医の監督であるソーヤー・キャンベル博士の下で、無慈悲な高名な外科医、驚くべき赤ちゃんのパパ、そして最悪のことに…元彼の父親が登場します。,264323,1683,85,1,0,33543,275,naviecyg39,1,スイート|女性向けのドラマ|コンテンポラリー|年齢差|医療ドラマ,Sweet|Female|Contemporary|Age Gap|Medical Drama
6704c72ef05b92210207d3d4,6704c72ef05b92210207d3d4,140000000000000100,ヒルズ氏の愛らしい妻,https://v-mps.crazymaplestudios.com/images/ba2ac200-8b9f-11ef-a2d6-41216ff1602c.jpg,1,1,1,ヴァレリは顔にある生まれつきのあざのせいで家族に拒絶されているが、ホットな億万長者アンデレ・ヒルズは、温泉で情熱的な瞬間を共有したことで彼女に恋をする。アンデレはヴァレリを探すため奔走するが、予期せぬ出来事で、彼女を車で誤ってひいてしまい、記憶喪失にさせてしまう。彼女が誰なのか気づく前に、アンデレはヴァレリを引き取る。だが、自分が探していた相手が彼女だとは知らない。,5839332,76698,85,1,0,579,347,rv9v3caluj,1,女性向けのドラマ|スイート|コンテンポラリー|健忘症|身分を隠せ|ワンナイトラブ|億万長者|無邪気な乙女,Female|Sweet|Contemporary|Amnesia|Hidden Identity|One Night Stand|Billionaire|Innocent Damsel
6751969e50b13b1001047379,6751969e50b13b1001047379,140000000000000137,私こそが学園のクイーン・ビー,https://v-mps.crazymaplestudios.com/images/0c6f6250-b93b-11ef-a2d6-41216ff1602c.jpg,1,1,1,ヘイリー・カプランは裕福な家庭に育った女子高生。公立のウエスタン高校に転校するにあたり、あえて自分の素性を隠すことを決意する。家柄だけで判断される日々に疲れ果て、普通の高校生活と本物の友情を求めていたのだ。ところが、家政婦の娘キャンディス・マシスが突如、カプラン家のお嬢さんとして現れ学校の頂点に立つ。一方、ヘイリーは底辺に追いやられ、いじめと嘲笑の的となってしまう。,17707429,238426,85,1,0,571,343,3iprcw09ng,1,女性向けのドラマ|ヤングアダルト|コンテンポラリー|身分を隠せ|フィール・グッド|学園ロマンス|相続人,Female|Young Adult|Contemporary|Hidden Identity|Feel-Good|Campus Romance|Heiress
67847b08429583e10505fc62,67847b08429583e10505fc62,140000000000000161,ラブ・アゲイン ～失われた愛を求めて～,https://v-mps.crazymaplestudios.com/images/9b8b46b0-d7a0-11ef-a54e-99edf5fd5287.jpg,1,1,1,気品高き名門フォン・ハワード家の令嬢ジゼル。命の恩人であるパトリック・ヒルトンと結婚して3年、彼女は密かに夫の会社の上場を支え、二人の未来を信じていた。しかし、義母からの執拗な嫌がらせと、ベッキーの容赦ない中傷は日々エスカレートしていく。そんな中、妊娠中にもかかわらず、追い詰められたジゼルは離婚という決断を下す。一方、ジゼルだけ愛していたパトリックは離婚後、彼女の存在の大きさを痛感する。失われた愛を取り戻すため、切なる想いを胸に秘めた、贖罪の旅が始まる――。,4173148,35496,85,1,0,186772,7751,5y2gcp558r,1,女性向けのドラマ|二度目のチャンス|コンテンポラリー|離婚後の愛|あまりに遅すぎる|フィール・グッド|相続人/社会人|イケオジ/ディルフ,Female|Second Chance|Contemporary|Love After Divorce|All-Too-Late|Feel-Good|Heiress/Socialite|Hot Daddy/DILF
680eeee9d7d3648a460f5069,680eeee9d7d3648a460f5069,140000000000000219,時を超えた告白,https://v-mps.crazymaplestudios.com/images/f3832390-2af4-11f0-93de-cb0b88a6d7a9.jpg,1,1,1,6年前、借金に苦しんでいたレジーナは、将来を嘱望されていた軍人の恋人ジュリアンの足を引っ張るまいと、自ら別れを選んだ。時は流れ、異国の地で再会した二人。今やジュリアンは指揮官に、レジーナは一人息子を育てるシングルマザーになっていた。再び惹かれ合う二人だが、身分の差や周囲のプレッシャーが立ちはだかる。それでも——もう一度、愛を取り戻すことはできるのか。,2623369,52264,85,1,0,203573,6535,p6z4lok0ws,1,女性向けのドラマ|二度目のチャンス|モダン|再会|元帥/将軍,Female|Second Chance|Modern|Reunion|Marshal/General
685e044e2e51bcef22078148,685e044e2e51bcef22078148,140000000000000264,声を持たぬ花嫁 ～愛と執着の檻～,https://v-mps.crazymaplestudios.com/images/c17dfb00-5640-11f0-b471-b9eef54adbd8.jpg,1,1,1,生まれつき言葉を持たないエヴァと、彼女を守る少年だったデクラン。祖父の遺言で結ばれた二人の結婚は冷たいものだった。夫の冷酷さと愛人の嫌がらせに耐えながら、エヴァは子供の頃の純粋な愛を忘れられない。言葉なき彼女の選択—彼の心か、それとも自由か。,188603,1118,85,1,0,8936,416,hry6z9ytda,1,女性向けのドラマ|中毒性がある恋愛|マフィア|あまりに遅すぎる|三角関係|隠された気持ち|犯罪組織の親玉|幼馴染みの恋人,Female|Toxic Love|Mafia|All-Too-Late|Love Triangle|Hidden Feelings|Crime Lord|Childhood Sweetheart
684261457663f7c4e00e7a20,684261457663f7c4e00e7a20,140000000000000249,愛という名の投げ縄で,https://v-mps.crazymaplestudios.com/images/14b7e590-45c7-11f0-860b-97fc2eb1c6d9.jpg,1,1,1,マディソンはマンハッタンの令嬢として何不自由ない生活を送っていたが…すべてを失い、冷酷に変わった婚約者にテキサスへ置き去りにされてしまう。無一文で行き場のない彼女がふらりと立ち寄った酒場で出会ったのは、元婚約者の叔父――ワイルドで危険な魅力を放つカウボーイ、ボー・ヘイズ。情熱的な一夜のあと、彼はマディソンに仕事と予期せぬ“居場所”を与えてくれた。真珠のネックレスを脱ぎ捨て、カウボーブーツに履き替えた彼女は、今じゃロデオに牛に馬、そして…カウボーイまで乗りこなそうとしてる。,83793,612,86,1,0,7793,242,l7orybhtoz,1,女性向けのドラマ|甘いロマンス|モダン|妊娠|隠された気持ち|三角関係|インディペンデント・ウーマン|ストロングウィル,Female|Sweet Romance|Modern|Pregnancy|Hidden Feelings|Love Triangle|Independent Woman|Strong-Willed
68ae5c2459720c3fc60ad5d1,68ae5c2459720c3fc60ad5d1,140000000000000312,絡み合う赤い糸,https://v-mps.crazymaplestudios.com/images/7891c540-87a8-11f0-a06b-bdb674869ea1.jpg,1,1,1,"盲目のローガンは友達に見捨てられた――そんな彼を救ったのがジゼルだった。二人は恋に落ち、彼女は自分の角膜さえ差し出して、すべてを犠牲にして彼を救った。だが、彼が視力を取り戻したとき、彼女はすでに姿を消していた。彼の知らぬ間にジゼルは彼の子を身ごもっていて、運命が二人を夫婦と定めた。
しかし5年後、ヘイル家の跡継ぎとして戻ってきたローガンは、妻と病に苦しむ娘こそが自分の探し続けてきた存在だと気づかない。真実が明らかになったとき、彼は2人を取り戻せるのか――それとも、戻らぬ人となってるのか？",114340,660,86,1,0,7710,275,uk936nglqr,1,トキシック,Toxic
68b5026636ab9bb27503eea4,68b5026636ab9bb27503eea4,140000000000000290,愛と料理の人生,https://v-mps.crazymaplestudios.com/images/48b9adf0-8de9-11f0-a06b-bdb674869ea1.jpg,1,1,1,かつて「料理王」と称されたシェフ、レオン・ケネディは、悲劇的な交通事故で妻を亡くし、絶望の淵に沈んだ。深い絶望からホームレスへと転落し、愛犬のダンテ以外全てを失ってしまう。そんな彼を、正体を知らぬまま一人のレストランオーナーが仕事を与える。厨房で働く彼を待つ様々な困難、そして再び味わう栄光と絶望の果てに、怒りに燃えるレオンは、復讐を誓いシェフズナイフを手に取るのであった。,131875,803,86,1,0,7145,218,e1uwq5372k,1,立身出世,Rags to Riches
66cd9c649589eab3640c0596,66cd9c649589eab3640c0596,140000000000000085,体が入れ替わったら恋が始まった,https://v-mps.crazymaplestudios.com/images/84279ad0-65ec-11ef-838e-777d81c2a9c7.jpg,1,1,1,レクシー・エンバーとニック・リバースはお互いのことが大嫌い。しかし、体が入れ替わってしまった。 元に戻る方法を探すために、二人は協力しなければならない。そして、もしかしたら、恋に落ちるかもしれない。,3144923,65054,87,1,0,409,245,g359okan3g,1,女性向けのドラマ|スイート|コンテンポラリー|敵から恋人へ|入れ替わり|ラブコメ|億万長者|相続人/社会人,Female|Sweet|Contemporary|Enemies to Lovers|Body Swap|Rom-Com|Billionaire|Heiress/Socialite
6704c6a4e40074b8e108ee55,6704c6a4e40074b8e108ee55,140000000000000101,花嫁に逃げられた王子,https://v-mps.crazymaplestudios.com/images/2369a2c0-8553-11ef-a2d6-41216ff1602c.jpg,1,1,1,流れ者が危険な花婿から彼女を助けて逃げると、ライリー・ジョーンズは自分の白馬の王子様を見つけたと思っている。しかし、ライリーが知らないのは、彼女を守る者が実際には王子であり、彼らを引き合わせたのは運命ではないということ。ザンダー王子は、彼女が彼の騒乱王国を救う鍵であるため、意図的にライリーを探し出したのだ。,9013996,83268,87,1,0,504,302,k4dn9xigbj,1,女性向けのドラマ|スイート|コンテンポラリー|結婚後の恋愛|身分を隠せ|ロイヤル/貴族|インディペンデント・ウーマン,Female|Sweet|Contemporary|Love After Marriage|Hidden Identity|Royalty/Nobility|Independent Woman
6746ea711df2ad8c670a5b34,6746ea711df2ad8c670a5b34,140000000000000132,彼を裏切った私～隠された真実～,https://v-mps.crazymaplestudios.com/images/0095bb40-b144-11ef-a2d6-41216ff1602c.jpg,1,1,1,詐欺で父親が投獄され、その財産を相続したジェーン・ウォルデンはがんと秘密の妊娠に苦しむ。婚約者ヴィンセントとその新会社を守るため、愛を断ち切るために偽の不倫を演じる。しかし、何年も後、億万長者となったヴィンセントは、ジェーンを忘れられずにいる。7歳の息子ディランの存在を、どう彼に伝えるべきか？,3205816,62238,87,1,0,219,131,d9evtvoxok,1,女性向けのドラマ|二度目のチャンス|コンテンポラリー|離婚後の愛|お涙ちょうだい|聖なる親族|億万長者|インディペンデント・ウーマン,Female|Second Chance|Contemporary|Love After Divorce|Tear-Jerker|Saintly Parent|Billionaire|Independent Woman
677246d5c86685211f08b88f,677246d5c86685211f08b88f,140000000000000143,隣のイケメンくん,https://v-mps.crazymaplestudios.com/images/1b089dd0-ccd3-11ef-a2d6-41216ff1602c.jpg,1,1,1,地味で目立たない女子高生･スカイラの人生が、一瞬で激変！幼なじみで学校一のスター選手ジェイミへの告白は大失敗。そのうえ学校プロジェクトでペアを組むハメに。さらに彼の家が火事で全焼し、なんと自分の部屋でのルームシェアがはじまる！ジェイミの元カノによる嫌がらせから逃れるため、地味系女子は学校のトップアイドルへと変身を決意！,5102226,77937,87,1,0,141613,6316,l44snipyjt,1,女性向けのドラマ|ヤングアダルト|キャンパス|ラブコメ|友達から恋人へ|隣人|学園ハンサム|モブキャラ,Female|Young Adult|Campus|Rom-Com|Friends to Lovers|Neighbors|Jock|Wallflower
68e866f8366b9db8a80a85c4,68e866f8366b9db8a80a85c4,140000000000000339,社長は私を離さない,https://v-mps.crazymaplestudios.com/images/1fb4f540-d105-11f0-84ad-6b5693b490dc.jpg,1,1,1,ベアトリス・ローソンは大学時代の恋人デズモンド・ベルモントと恋に落ち、駆け落ち同然で結婚。10年間、その関係を秘密にしてきた。しかし、裕福な名士との浮気を知ったベアトリスは、離婚を決意。彼の陰で生きるのをやめ、ついに自らの人生を歩み始める。新しい住まいとキャリアで自立し始めた彼女の前に、ミステリアスで魅力的な男性、ダミアン・クロウリーが現れる。彼女を巡って火花を散らす二人の男性。ベアトリスは、愛が痛みや犠牲を払ってまで貫く価値のあるものなのか、それとも一人で強く生きていくべきなのか、自問自答する。,308911,1726,87,1,0,7281,352,69iy4g3ox2,1,中毒性がある恋愛,Toxic Love
6668a05f76edbb8d60017e42,6668a05f76edbb8d60017e42,140000000000000059,特典付きデューク,https://v-mps.crazymaplestudios.com/images/069acdf0-6ab8-11ef-838e-777d81c2a9c7.jpg,1,1,1,小さな町の女の子テイラーは、親友で長年片想いしていた友人を追って大学に進学するという夢を保留し、彼がついに彼女をデートに誘ってくれるだろうと確信していたのですが、その代わりに彼は彼女のルームメイトと付き合うことになりました。友達も住む場所もないテイラーは、自分の人生は終わったと思っていたが、イギリス王室のトラヴィス・ハリントン卿が突然やって来て、テイラーを邸宅に移すことになる。テイラーは「ただの友達」であり続けると誓っているが、ルームメイトにイギリス人の熱いプレイボーイがいると、言うは易く行うは難しかもしれない…,180171,786,88,1,0,35616,237,yjzu3z8kmn,1,ラブコメ|学園ロマンス|友達から恋人へ|ロイヤル/貴族,Rom-Com|Campus Romance|Friends to Lovers|Royalty/Nobility
667b0d49193d4e8e52082ca9,667b0d49193d4e8e52082ca9,140000000000000065,親愛なる夫へ、私の番号を削除して,https://v-mps.crazymaplestudios.com/images/480960db8b16ff06.jpg,1,1,1,冷たい夫との愛のない結婚生活に疲れ果てたエマ・ウィリアムズ。彼が他の女性と一緒にいるのを見て、ついに我慢の限界に達する！エマは自尊心のある女性なら誰でもすることを決意する。離婚を要求するのだ！しかし、彼女のイケメンで億万長者の夫は離婚届にサインしない... 彼と取引しない限り。,225867,956,88,1,0,33212,135,xcpy9thrvo,1,二度目のチャンス|離婚後の愛|敵から恋人へ|ラブコメ|億万長者|女性向けのドラマ|コンテンポラリー,Second Chance|Love After Divorce|Enemies to Lovers|Rom-Com|Billionaire|Female|Contemporary
670c866780afec5e950b4de4,670c866780afec5e950b4de4,140000000000000107,禁断の愛：億万長者のルールに逆らって,https://v-mps.crazymaplestudios.com/images/0d195770-8c58-11ef-a2d6-41216ff1602c.jpg,1,1,1,"ベッキーはニックの恋人として3年間の契約に同意し、違反ごとに1,000万ドルの罰金が課されるルールに従っていました。しかし、彼女はそのルールの一つを破ってしまいました。妊娠し、彼を愛しているのに、彼が他の人と結婚することを知ってしまったのです！",6538565,75963,88,1,0,573,344,ey0zjkmbys,1,女性向けのドラマ|二度目のチャンス|コンテンポラリー|契約の恋人|妊娠|オフィスラブ|無邪気な乙女|億万長者,Female|Second Chance|Contemporary|Contract Lovers|Pregnancy|Office Romance|Innocent Damsel|Billionaire
686f5b2b51b827323c03401d,686f5b2b51b827323c03401d,140000000000000280,ママは檻の中！,https://v-mps.crazymaplestudios.com/images/e59f5240-d020-11f0-84ad-6b5693b490dc.jpg,1,1,1,アベル家のお嬢様だったリンダ・アベルは、父親に死なれた後、叔父ビルと従妹シンディがアベルグループを乗っ取ろうとした。彼らは、リンダの恋人マットの命で彼女を脅し、そして罠を仕掛けて、彼女を刑務所に閉じ込めた。六年も監禁され、恋人を守りぬいたと思っていたリンダだったが、彼女はマットの苗字、バロンが何を意味しているかを知らなかった。,207560,1205,88,1,0,6765,286,ehidszht6y,1,二度目のチャンス,Second Chance
66983651ad40090ba3052413,66983651ad40090ba3052413,140000000000000034,ベタ惚れの婚約者、実は億万長者,https://v-mps.crazymaplestudios.com/images/bfd30980-9827-11ef-a2d6-41216ff1602c.jpg,1,1,1,あなたは離婚する約束で見知らぬ人と結婚したのに、今は彼があなたを手放したくないのです！,238534,843,89,1,0,35074,150,hjdduakofn,1,スピード婚|契約の恋人|守る夫|億万長者|相続人/社会人|コンテンポラリー|スイート|女性向けのドラマ|Autumn Noel|Lorenzo Brunetti,Flash Marriage|Contract Lovers|Protective Husband|Billionaire|Heiress/Socialite|Contemporary|Sweet|Female|Autumn Noel|Lorenzo Brunetti
6687891e34e7ae159c0b5fa6,6687891e34e7ae159c0b5fa6,140000000000000064,失われた令嬢の帰還,https://v-mps.crazymaplestudios.com/images/e6bc94e0-6ab8-11ef-838e-777d81c2a9c7.jpg,1,1,1,ロビンは幼い頃誘拐され記憶を失い、貧しいロンに救われた。しかし13年後、冷酷な実母アンナがロビンを見つけ、取り戻すために手段を選ばない。ロビンは育ての父親の愛情に背を向け、莫大な遺産を受け継ぐ道を選ぶのか？,1772593,9082,90,1,0,35148,254,mte0fherrv,1,お涙ちょうだい|再会|済度|聖なる親族|ストロングウィル|家族ドラマ|コンテンポラリー,Tear-Jerker|Reunion|Redemption|Saintly Parent|Strong-Willed|Family Drama|Contemporary
668ecbe7d343c9c9860d15fd,668ecbe7d343c9c9860d15fd,140000000000000074,最後のキス,https://v-mps.crazymaplestudios.com/images/7be7f3c0-9827-11ef-a2d6-41216ff1602c.jpg,1,1,1,アデリン・ローズはステージ4の腎臓がんと診断され、余命数か月と宣告された。夫のブレイク・ローズは、彼女の異母姉妹レベッカに夢中で、アデリンはいつもレベッカに血を提供しなければならない。ブレイクはアデリンを計算高い金目当ての女だと誤解し、アデリンは彼が自分を愛していないと思っていた。しかし、ブレイクがアデリンの余命を知ったとき、すべてが変わる。でも、彼がずっと愛していたのはアデリンだと伝えるには遅すぎるかもしれない。,500649,4365,90,1,0,34416,150,ihhdzffl5u,1,済度|家庭主婦|ラギッドCEO|あまりに遅すぎる|お涙ちょうだい,Redemption|Housewife|Rugged CEO|All-Too-Late|Tear-Jerker
67fe1aa69c0eb4ae2e047e88,67fe1aa69c0eb4ae2e047e88,140000000000000207,イケメン社長と運命の双子,https://v-mps.crazymaplestudios.com/images/3a771d10-1e7f-11f0-a650-71056cbfe3ac.jpg,1,1,1,一夜の記憶を失ったエリート社長イーソン。彼が秘書として雇ったクロエこそ、その夜を共にし、彼の双子を身ごもった女性だった──。愛する人を守るため、イーソンは令嬢モーラとの偽りの婚約を選ぶが、それが悪夢の始まりとなる。婚約者の狂気的な嫉妬が悲劇を呼び、クロエは復讐だけを胸に姿を消す。四年後、別人となって彼の前に現れた彼女の真の目的とは？嘘と裏切りが渦巻く先に、愛は存在するのか？,5729818,80031,90,1,0,192243,6863,tpm3h9gal6,1,女性向けのドラマ|甘いロマンス|モダン|三角関係|妊娠|隠された気持ち,Female|Sweet Romance|Modern|Love Triangle|Pregnancy|Hidden Feelings
67188c36cbfbbf4a880332f4,67188c36cbfbbf4a880332f4,140000000000000111,失われたプリマ・バレリーナ,https://v-mps.crazymaplestudios.com/images/0c2f28a0-9697-11ef-a2d6-41216ff1602c.jpg,1,1,1,"ハロウィンの夜、大富豪の跡取り娘アメリア・ウィルソンが行方不明になった。貧しいウェイトレスのジェニファーは、アメリアを誘拐し、自分の娘をウィルソン家に養女として迎えさせることに成功した。
13年後。バレエコンクールの優勝を勝ち取ったアメリアは、実の家族や偽物の跡取り娘からいじめを受けていた。やがてアメリアの家族は真実を知り、彼女に許しを乞うことになるのだった…",2539346,41053,91,1,0,34841,334,ua6uc1dvg1,1,女性向けのドラマ|家族ドラマ|コンテンポラリー|お涙ちょうだい|人違い|あまりに遅すぎる|相続人/社会人,Female|Family Drama|Contemporary|Tear-Jerker|Mistaken Identity|All-Too-Late|Heiress/Socialite
683555a03742f5643408d858,683555a03742f5643408d858,140000000000000236,まさかの三つ子！契約パパは億万長者,https://v-mps.crazymaplestudios.com/images/29b64990-3c5e-11f0-b65a-27549cd2a91e.jpg,1,1,1,会社での立場を守るため、後継者を急いで求めていたオスカーは代理出産を選択する。しかし、誤って婦人科検診に来たフィービーに精子が注入されるというハプニングが発生！ フィービーに赤ちゃんを産んでもらうため、オスカーは契約結婚を提案。二人は試練に満ちた道のりへと歩み出す…,12774113,126829,91,1,0,208022,9798,kmww2b1bkq,1,女性向けのドラマ|甘いロマンス|モダン|年齢差|三角関係|億万長者,Female|Sweet Romance|Modern|Age Gap|Love Triangle|Billionaire
6854d06aea01d57b3909820d,6854d06aea01d57b3909820d,140000000000000263,正しい恋の選び方,https://v-mps.crazymaplestudios.com/images/ff3e76e0-d020-11f0-84ad-6b5693b490dc.jpg,1,1,1,卒業式の日、エレナは惨死した。一方、運転手の息子デリックは式典の舞台で輝きに満ちていた。彼女は彼に全てを捧げた―高級車、クレジットカード、父の会社さえも。しかし、利用され捨てられた。デリックはアイビーを姫のように寵愛しながら、エレナを卑しいメイドのように扱った。死んで初めて気づいた―大富豪の跡継ぎ、ヘイデンが、ずっと見守ってくれたことを。そして今、運命は彼女に「やり直し」のチャンスを与えた。今度こそ、すべてを逆転させる！,749891,35146,91,1,0,219528,7859,eyeu6gjaqg,1,女性向けのドラマ|悪女ヒロイン|モダン|タイムトラベル|身分を隠せ|相続人/社会人|運動選手,Female|Strong Heroine|Modern|Time Travel|Hidden Identity|Heiress/Socialite|Athlete
66c2b211169914909d0fcbc4,66c2b211169914909d0fcbc4,140000000000000090,美しき秘書と億万長者の秘密,https://v-mps.crazymaplestudios.com/images/28fed3258cec5a5a.jpg,1,1,1,グレイス・エスターの人生は、実の娘でないことを知った母親に追い出され、彼氏も義理の妹のために彼女を捨てたことで崩壊する。幸いなことに、家族の古い友人が彼女を引き取り、そこで魅力的なCEOの孫、エイデンと出会い、彼のアシスタントとして仕事を与えられ、すぐにロマンチックな関係に発展する。しかし彼女は、実の父親が彼女の噂を聞きつけ、必死に探そうとしていることをまだ知らない...。,6304881,75346,92,1,0,36749,199,i7w30lslk9,1,女性向けのドラマ|スイート|コンテンポラリー|人違い|契約の恋人|オフィスラブ|幼馴染みの恋人|相続人/社会人,Female|Sweet|Contemporary|Mistaken Identity|Contract Lovers|Office Romance|Childhood Sweetheart|Heiress/Socialite
66f0de0145c6a99f9306dd7b,66f0de0145c6a99f9306dd7b,140000000000000099,禁断の愛と偽りの絆,https://v-mps.crazymaplestudios.com/images/41b164b0-854f-11ef-a2d6-41216ff1602c.jpg,1,1,1,クライドは、小さな役しかない女優のバイオレットに、自分の長い間行方不明だった妹の役を演じさせ、父の遺言を果たそうとする。二人は共に、敵対者からの絶え間ない監視と挑戦に直面する。共に暮らすうちに、二人はいつの間にか禁断の恋に落ちてしまう。それを証明しようと決意した敵対者は、二人の評判を汚そうと企む。これにより、クライドの父はバイオレットを別の男性と結婚させようと手配する。二人の愛を取り戻すために、クライドはその結婚式を阻止しようと決心するのだった…。,3313141,71146,92,1,0,491,294,2p3o68hwbz,1,女性向けのドラマ|スイート|コンテンポラリー|ラブコメ|契約の恋人|タブー|億万長者|楽天的,Female|Sweet|Contemporary|Rom-Com|Contract Lovers|Taboo|Billionaire|Happy-Go-Lucky
67344a0b2bad1ede8903f7d8,67344a0b2bad1ede8903f7d8,140000000000000118,癌の後、私は悪者になります,https://v-mps.crazymaplestudios.com/images/320d0b70-a5a4-11ef-a2d6-41216ff1602c.jpg,1,1,1,エヴリンは結婚後、家族や義妹から罵られ、夫にも理解されない苦しい日々を送っていた。そんなある日、彼女は末期がんと誤診され、残された時間を全力で生きる決意を固める。強く美しい“悪女”として生まれ変わったエヴリンは、無関心な夫や意地悪な義妹への復讐を開始する。しかし、夫は命の恩人を他の誰かと勘違いしていたことに気が付き…,5244844,54852,93,1,0,37490,186,wgimk8z8dl,1,女性向けのドラマ|悪女ヒロイン|コンテンポラリー|フィール・グッド|ラブコメ|億万長者|インディペンデント・ウーマン,Female|Strong Heroine|Contemporary|Feel-Good|Rom-Com|Billionaire|Independent Woman
67651cd70abc6601eb05f1a8,67651cd70abc6601eb05f1a8,140000000000000145,私のスピード婚,https://v-mps.crazymaplestudios.com/images/80ff7cc0-d025-11f0-84ad-6b5693b490dc.jpg,1,1,1,自分の婚約者にも姉にも裏切られたエスターは正体も知らない男リキと結婚した。でもその彼はまさかの億万長者。二人は力を合わせてエスターの毒親に立ち向かい、エスターの亡き母の会社をも取り戻し、幸せな生活を送った。,3507374,67981,93,1,0,124432,3982,vcqb84dhk9,1,女性向けのドラマ|スイート|コンテンポラリー|浮気|スピード婚|身分を隠せ|億万長者|相続人/社会人,Female|Sweet|Contemporary|Affair|Flash Marriage|Hidden Identity|Billionaire|Heiress/Socialite
6768c45ac2dc6913740c477e,6768c45ac2dc6913740c477e,140000000000000149,億万長者CEOと偽装結婚,https://v-mps.crazymaplestudios.com/images/9ea83330-c8af-11ef-a2d6-41216ff1602c.jpg,1,1,1,サムは元彼に裏切られ、財産まで奪われた痛みを抱えながら生きていた。そんな時、突然現れたカラダン・ヴァンダレイにプロポーズされる。彼の優しさに心を奪われるサム。しかし、カラダンには恐ろしい秘密があった。実は彼、国一番の億万長者だったのだ。二人の愛は一体どこへ向かうのか？サムは真実を受け入れられるのか、それとも…。周囲の陰謀と敵が二人を追い詰める中、結婚という名のゲームの結末は予測不可能だ。,3994341,47938,93,1,0,145506,4583,6t66g8b1xc,1,女性向けのドラマ|スイート|コンテンポラリー|結婚後の恋愛|スピード婚|身分を隠せ|億万長者|無邪気な乙女,Female|Sweet|Contemporary|Love After Marriage|Flash Marriage|Hidden Identity|Billionaire|Innocent Damsel
690962b15a3a5909900807e9,690962b15a3a5909900807e9,140000000000000357,名誉の鎖,https://v-mps.crazymaplestudios.com/images/0728f160-d020-11f0-84ad-6b5693b490dc.jpg,1,1,1,シカゴマフィアに大切に育てられたプリンセス、アリア（18歳）。彼女は、敵対するニューヨークマフィアの冷酷で危険な色気を持つ後継者、ルカとの政略結婚を強いられる。暴力に染まった男に身も心も委ねることは、一族への最大の裏切りか。それとも、これが彼女が生き残るための唯一の道なのか——,452812,3174,93,1,0,8337,298,h3o5mixhnh,1,ダークロマンス,Dark Romance
67eca53b30e07dc503043496,67eca53b30e07dc503043496,140000000000000184,元彼のマフィア父に恋した,https://v-mps.crazymaplestudios.com/images/25e835f0-151f-11f0-a38f-0d66b56fc320.jpg,1,1,1,フェイは、恋人ダニエルの浮気現場を目撃し、即座に別れを決意。だがすぐに彼の父、でマフィアの王とも称されるケントと出会い、自分の実の父がドン・アルデンだと知らされる。家族を守るため、フェイはこの条件を受け入れる。一方、ダニエルはゲイであることを隠すため、喜んでフェイとの偽装結婚に同意。だが、マフィアの世界に足を踏み入れたフェイは次第に馴染めず、ケントへの想いを抑えきれなくなっていく。やがて二人は、秘密のBDSM関係に溺れていく――。しかし、ドン・アルデンは彼女を利用しようと画策し、ロシアの組織ボス・イワンと手を組む。実は潜入捜査官だったイワンによりケントは投獄され、フェイはケントの子を妊娠していると知る。彼を救うため、フェイは全てを懸けて立ち上がる。数々の陰謀を乗り越え、二人はようやく永遠の幸せを手に入れる。,3657406,58433,94,1,0,198516,8635,7xkr1to9dk,1,女性向けのドラマ|年齢差|偽りの恋人|三角関係|犯罪組織の親玉,Female|Age Gap|Fake Relationship|Love Triangle|Crime Lord
6901b1fce12f46f83f0502a9,6901b1fce12f46f83f0502a9,140000000000000354,デトロイトのエンジンを止めるな,https://v-mps.crazymaplestudios.com/images/065aa810-d024-11f0-84ad-6b5693b490dc.jpg,1,1,1,昼は整備士、夜は天才自動車エンジニア──ハンク・ウオーカーは、新たに就任した経営陣により突然クビにされた。裏切りに打ちのめされる彼に届いたのは、ライバル企業「マッハ15」からのオファー。夢のスーパーカーを作るチャンスか？それとも、立ちはだかる因縁と陰謀がすべてを奪ってしまうのか？,129054,888,94,1,0,7557,272,gc7crgcifo,1,カムバックストーリー,Comeback Story
6671dc951af99b235d05c728,6671dc951af99b235d05c728,140000000000000069,うっかり億万長者の夫を雇ってしまった,https://v-mps.crazymaplestudios.com/images/2bc71ab0-9827-11ef-a2d6-41216ff1602c.jpg,1,1,1,運命のいたずらで、苦労している女性のエマは、億万長者のオリバーを夫のふりをして雇うことになります。ふりの関係として始まった関係は、オリバーがエマに真っ向から夢中になるにつれて、すぐに本当のロマンスに変わります。しかし、エマは呪われており、夢の中で謎の男に悩まされ、恋をすることができません。二人の愛が深まるにつれ、オリバーの秘密が二人の関係を打ち砕く恐れがあり、エマは思い悩む。夢に出てくるこの男性は一体誰なのか、二人は障害を乗り越えて一緒になれるのか？,251228,1288,95,1,0,38152,323,yh338ei7dd,1,身分を隠せ|ラブコメ|億万長者|インディペンデント・ウーマン|結婚後の恋愛,Hidden Identity|Rom-Com|Billionaire|Independent Woman|Love After Marriage
68f6fad3e81d0c472c0f65fd,68f6fad3e81d0c472c0f65fd,140000000000000363,ラブ・アタック,https://v-mps.crazymaplestudios.com/images/f33d52e0-b61b-11f0-b4b4-bd031586a1b7.jpg,1,1,1,"主人公ジェスは、25人の魅力的な男性候補者の中から、真剣にデートを重ねる4人を選び出さなければならない。
しかし、本当の戦いはここから始まる。
彼女に選ばれなかった21人の男たちには、屈辱と引き換えに悪魔のような権利が与えられた。それは、「ジェスのデートを妨害すれば、賞金が手に入る」という非情なゲームへの参加権。
果たしてジェスは、愛を求める男性と、愛を壊したい男性が入り乱れる中で、真実の愛を見つけ出すことができるのか？ それとも、すべては賞金に目がくらんだ男たちの掌の上で転がされているだけなのか？",21442,391,97,1,0,8271,313,nn0yagsyxa,1,甘いロマンス,Sweet Romance
6671e0bfc9997ffc8c084c20,6671e0bfc9997ffc8c084c20,140000000000000047,私たちは決して元に戻ることはありません,https://v-mps.crazymaplestudios.com/images/bf16f01dbac44fff.jpg,1,1,1,リサは偶然、CEOの元夫エイダンと初めて寝てしまう。彼は彼女のことを無視し続けてきたため、彼女の顔すら覚えていなかった！翌日、エイダンはリサを秘書として雇い、彼女を追い始めるという複雑な関係が交錯したコメディが展開！彼女は彼を取り戻すのか？,202988,809,103,1,0,39739,345,fowd2frt7m,1,離婚後の愛|二度目のチャンス|ラブコメ|億万長者|楽天的|コンテンポラリー|スイート|女性向けのドラマ|Molly Jass|Jarred Harper,Love After Divorce|Second Chance|Rom-Com|Billionaire|Happy-Go-Lucky|Contemporary|Sweet|Female|Molly Jass|Jarred Harper
6879e8eebe32f79e8400693d,6879e8eebe32f79e8400693d,140000000000000283,田舎娘、社長夫人になる,https://v-mps.crazymaplestudios.com/images/27b92310-d024-11f0-84ad-6b5693b490dc.jpg,1,1,1,田舎出身で叩き上げの努力家なエマは、苦しい生活を抜けて、都会で働くことに成功する。ある日突如赤の他人で素性の知れないウィリアムと強制結婚させられて人生が180度変わるが、相手はまさかのアービング社の社長だった？！エマとウィルアムは当初離婚を計画するものの、同棲生活を通してドキドキが加速していく。2人は互いへの気持ちを確認しつつ、アービング社が悪の手に堕ちるのを防ぐために、芽生えつつある恋を阻む数々の障壁や敵と立ち向かっていく。,569078,2791,104,1,0,6317,213,ig0aaz7jdr,1,甘いロマンス,Sweet Romance
687f65c459a8be09e6014721,687f65c459a8be09e6014721,140000000000000284,あの子達が知っていた,https://v-mps.crazymaplestudios.com/images/60f44090-6839-11f0-a06b-bdb674869ea1.jpg,1,1,1,理想の夫と可愛い連れ子、キャサンドラの出来婚は完璧すぎた。しかし、彼女が必死に逃げてきた過去が、また足元まで迫っていたか?そして、なぜあの子どもたちに見覚えがあるのか…？,593741,2805,105,1,0,6511,226,2fmjcxgqgf,1,甘いロマンス,Sweet Romance
689950b989597816250bcc76,689950b989597816250bcc76,140000000000000273,ラブ・ボミング,https://v-mps.crazymaplestudios.com/images/3b9ab8d0-79c1-11f0-a06b-bdb674869ea1.jpg,1,1,1,Reelshort初のリアリティシリーズでは、40人の独身男女が現実世界で互いに選び合い、真実の愛を探す。参加者たちは相性・つながり・長期的な可能性を試すためのデートチャレンジに挑戦。マッチしなかった参加者には、逆転のチャンスが与えられる――新たに成立したカップルを壊すことに成功すれば、現金報酬を獲得できるのだ。果たして、愛はラブ・ボミングに耐えられるのか？,33304,431,175,1,0,6760,321,4i4la0432t,1,Reality Show,Reality Show
66907d4723f1e3df9100437d,66907d4723f1e3df9100437d,149000000000000302,誤解された愛,https://v-mps.crazymaplestudios.com/images/7d0af750-4040-11ef-a6eb-0925fdddfb71.jpg,2,1,1,三年前、彼らは離婚しました。彼女が驚いたことに、三年後、元夫は彼女が出演しているテレビドラマのディレクターだったことが判明しました。この出会いの後、彼女は彼が彼女を誤解していたことに気づきました。彼らの結婚中に彼女が浮気をしていたと思っていました。,121243,1493,18,1,0,6935,304,htn0l9dalf,1,女性向けのドラマ|スイート|コンテンポラリー|離婚後の愛|再会|億万長者,Female|Sweet|Contemporary|Love After Divorce|Reunion|Billionaire
6704c725226f1ac74005ca2a,6704c725226f1ac74005ca2a,149000000000000406,お母さん、私をも愛して,https://v-mps.crazymaplestudios.com/images/d53a7010-89fe-11ef-a2d6-41216ff1602c.jpg,2,1,1,交通事故から弟を守る為に、私は心臓破裂の重傷を負った。にもかかわらず、弟ばかりひいきする親が私に目もくれなかった。そのせいで、私は治療を受けることもできず、誰にも気づかれないまま死んでしまった。この無念、一体誰が晴らしてくれるでしょう。,204538,2326,18,1,0,7978,348,w7m3ndlcs4,1,女性向けのドラマ|家族ドラマ|コンテンポラリー|復讐|お涙ちょうだい|無邪気な乙女,Female|Family Drama|Contemporary|Revenge|Tear-Jerker|Innocent Damsel
67317fbecb97b638d508acfe,67317fbecb97b638d508acfe,149000000000000524,天下は嵩山にあり,https://v-mps.crazymaplestudios.com/images/fe8ceb60-a00a-11ef-a2d6-41216ff1602c.jpg,2,1,1,百年前、少林寺に「封神令」が突如現れて「封神榜」になった。トップ十の強者の名前がそこに載せられるため、少林寺も「封神榜」のせいで狙われてきた。少林寺一番ダメな弟子である林天生は戦神宮の神子傅無双と婚約があるため、無双は婚約解除の名義で「封神令」を奪いに来た。その秘密が明かされ、林天生は天下のため自ら封印を解き、「封神榜」が再び世に現れた。,275912,2656,29,1,0,11534,259,6hubasoz63,1,男向けのドラマ|カムバックストーリー|ファンタジー|スーパーパワー|フィール・グッド|スーパーウォーリアー|ストロングウィル,Male|Comeback Story|Fantasy|Super Power|Feel-Good|Super Warrior|Strong-Willed
678a12373dfd686a5f024af1,678a12373dfd686a5f024af1,149000000000000588,手遅れの愛,https://v-mps.crazymaplestudios.com/images/92a58e60-d7c4-11ef-a54e-99edf5fd5287.jpg,2,1,1,夫の幼なじみに骨髄を提供した周可は、重い感染症にかかり、すぐに命を落としてしまった。一方で、重病の娘がいるにも関わらず、かつて誇り高かった夫は恥を知らず、愛人と共に公然と記者会見を開き、不倫を堂々と披露した。数年前の誤解が霍思年の心に火をつけ、彼は周可が自分を裏切ったと信じ込んでいた。しかし、隠された真実がついに明らかになり、周可がすでに亡くなっていたことを知る。絶望のどん底に達した彼は、取り返しのつかない選択をする。,708026,11605,29,1,0,151684,6356,o0tpiqcve2,1,女性向けのドラマ|二度目のチャンス|コンテンポラリー|浮気|復讐|家庭主婦,Female|Second Chance|Contemporary|Affair|Revenge|Housewife
66def5dcff02c6f0700426a7,66def5dcff02c6f0700426a7,149000000000000409,秘密の妻,https://v-mps.crazymaplestudios.com/images/6f38acb0-71b1-11ef-a2d6-41216ff1602c.jpg,2,1,1,会社が倒産し、妻のために建設現場で必死に働く夫。ある日、オフィス勤めの妻が見知らぬ男性の高級車に乗り込むのを目撃。妻の体には不可解な傷跡が。平穏な日常が崩れ去る中、夫婦の絆は試される。,327144,2761,30,1,0,10653,169,ey1w7hqe6s,1,男向けのドラマ|立身出世|コンテンポラリー|身分を隠せ|相続人/社会人|インディペンデント・ウーマン,Male|Rags to Riches|Contemporary|Hidden Identity|Heiress/Socialite|Independent Woman
674d281397fc6352ca05bd56,674d281397fc6352ca05bd56,149000000000001236,完璧な夫の秘密,https://v-mps.crazymaplestudios.com/images/a5738680-b6f1-11ef-a2d6-41216ff1602c.jpg,2,1,1,娘がいじめられたと聞いて、急いで幼稚園に行ったら、まさか自分を浮気者だと言って誹謗中傷してきた女がいた。自分こそ正妻であると名乗った女は旦那を呼び出したが、そこでまさかの婿入り旦那登場。浮気する旦那の真の姿が明らかに。,458311,3859,30,1,0,11784,209,jww4mxcrgh,1,復讐|女性向けのドラマ|悪女ヒロイン|コンテンポラリー|浮気|ストロングウィル,Revenge|Female|Strong Heroine|Contemporary|Affair|Strong-Willed
67e0e5795537d67d69037b00,67e0e5795537d67d69037b00,149000000000000633,親の背中を見て子は育つ,https://v-mps.crazymaplestudios.com/images/b4ced470-0afe-11f0-a38f-0d66b56fc320.jpg,2,1,1,聯運グループの社長、李洪生 は、出産のため帝都にやってくる林博士 を出迎えるために空港へ急ぐ。偶々、博士は李洪生の息子李洋太と母親と同じ飛行機に乗った。李洋が博士の鞄を盗みとって、その中の図面を破り、チップを壊した。彼女はショックを受けて流産の兆候が見えて、飛行機を降りようとしたら、博士が李洪生の母と妻に止められた。,1093699,16862,30,1,0,190213,7570,3axee86rnl,1,妊娠|インディペンデント・ウーマン|家族ドラマ|男向けのドラマ,Pregnancy|Independent Woman|Family Drama|Male
680b402cae77e716470bc15a,680b402cae77e716470bc15a,149000000000000659,旅立ちの勇気 ー傷ついた女の華麗なる逆襲ー,https://v-mps.crazymaplestudios.com/images/84285ca0-25a3-11f0-8c20-e583157ad7f8.jpg,2,1,1,莫大な遺産――200億円を相続したばかりの李春蘭は、夫・楊忠の衝撃的な秘密を知る。彼には、なんともう一人「妻」がいたのだ。追い打ちをかけるように、待望の妊娠は流産に終わり、さらにその原因が楊忠にあったことが発覚。彼女の世界は崩れた。絶望の底で、春蘭は静かに復讐を決意する。これは、裏切りから始まる――一人の女の、壮絶なる逆転劇。,1129711,13594,30,1,0,191977,5836,72llxqpq6l,1,契約の恋人|復讐|妊娠|億万長者|ストロングウィル|コンテンポラリー|二度目のチャンス|女性向けのドラマ,Contract Lovers|Revenge|Pregnancy|Billionaire|Strong-Willed|Contemporary|Second Chance|Female
6901f03c8e11b693840f4b68,6901f03c8e11b693840f4b68,149000000000001795,空から五つ子！？ パパ、お願いね！,https://v-mps.crazymaplestudios.com/images/391c7000-c05a-11f0-84ad-6b5693b490dc.jpg,2,1,1,アビゲイル・ソーンは妹に罠にはめられ、ロデリック・グラハムとの結婚を強いられた。新婚初夜、彼女は誤って夫に重傷を負わせ、家族から追放される。5年後、彼女は神医として、5人の聡明な子供たちを連れて帰ってきた。彼女を拒んだロデリック・グラハムは、彼女と子供たちに否応なく惹かれていく。彼らがまさに、自分が探し求めてきた家族であるとは知らずに。,199029,2027,30,1,0,7493,311,63conbxzv1,1,天才ベビー|女性向けのドラマ,Genius Babies|Female
66872384d33f7486a5026360,66872384d33f7486a5026360,149000000000000311,親友のおじに恋して,https://v-mps.crazymaplestudios.com/images/6f577830-4041-11ef-a6eb-0925fdddfb71.jpg,2,1,1,彼は彼女の名目の叔父であり、世代のギャップが彼に彼女のロマンチックな感情を受け入れるのを難しくさせました。彼が彼女が多くの求愛者によって注目を集めていることに気づくまでは、彼は自分の愛が彼女に到達していることに気づくことはできませんでした。 彼女は叔父に愛を告白しましたが、却下されました。四年後、彼は彼女を追いかけた。,289049,2651,31,1,0,12441,312,vbcj3cpi15,1,とぼける|女性向けのドラマ|スイート|コンテンポラリー|年齢差|億万長者|楽天的,Playing Dumb|Female|Sweet|Contemporary|Age Gap|Billionaire|Happy-Go-Lucky
683e5982b13a4d683509de79,683e5982b13a4d683509de79,149000000000000760,命のタイムリミット,https://v-mps.crazymaplestudios.com/images/53780990-41e4-11f0-b65a-27549cd2a91e.jpg,2,1,1,天才外科医の何銘は、患者趙逢春の移植用腎臓を浜市から、3時間以内に都に運ぶ。しかし、飛行機の中で彼は偶然、趙家の息子の婚約者葉倩とその母親と同乗することになった。権力をふりかざす葉倩と母親の横暴が、輸送を妨害し、趙逢春の命を危機にさらす。,976266,21816,31,1,0,8966,308,gd8hf5snjp,1,あまりに遅すぎる|済度|人違い|億万長者|外科医|コンテンポラリー|女性向けのドラマ,All-Too-Late|Redemption|Mistaken Identity|Billionaire|Surgeon|Contemporary|Female
6710f599ef073d2c820ec291,6710f599ef073d2c820ec291,149000000000000486,今度こそ、君を愛す,https://v-mps.crazymaplestudios.com/images/9d9d41c0-92cb-11ef-a2d6-41216ff1602c.jpg,2,1,1,"「愛する夫の最愛の元恋人」、その死に関与していたことを知った姜盈は自殺を決意した。
7年間妻を憎み続け、その死を疑っていた夫・修遠は、やがて彼女の深い愛に気づく。
奇跡的に助かった彼女は自分の生存を隠すも、横恋慕を狙う夏如烟の魔の手が迫る。
果たして二人に分かり合える日は来るのか？",788211,7131,33,1,0,12842,330,i20blczvzc,1,女性向けのドラマ|トキシック|コンテンポラリー|あまりに遅すぎる|お涙ちょうだい|三角関係|相続人/社会人|無邪気な乙女,Female|Toxic|Contemporary|All-Too-Late|Tear-Jerker|Love Triangle|Heiress/Socialite|Innocent Damsel
680dced32fd661780e0c143e,680dced32fd661780e0c143e,149000000000000776,眠り姫の復讐,https://v-mps.crazymaplestudios.com/images/cf353700-24e4-11f0-8c20-e583157ad7f8.jpg,2,1,1,陸家に引き取られた孤児・陸明月は、三人の兄たちに溺愛され、幸せな日々を送っていた。しかし、実の娘・陸星辰が戻ってきた瞬間から、全てが一変する。愛されていたはずの明月は、まるで「代わり物」として扱われ、心ない誤解や冷たい仕打ちに傷ついていく。失意の中、彼女は長兄の研究プロジェクト「明月睡眠計画」に志願し、30年の眠りにつくことを選ぶ。それは育ててくれた家族への恩返し――そして、視力を失った次兄に、自らの角膜を託す決意でもあった。やがて彼女が完全に姿を消してから、家族は真実を知り、深い後悔に包まれる。30年後、ついに実験は成功したが、眠りから目覚めた明月は記憶をすべて失っていた……,972621,17588,33,1,0,5184,241,cl82ha6wft,1,家族ドラマ|グループのお気に入り|復讐|身分を隠せ|インディペンデント・ウーマン|女性向けのドラマ|コンテンポラリー,Family Drama|Group Favorite|Revenge|Hidden Identity|Independent Woman|Female|Contemporary
6858ee45d6488c44810024b6,6858ee45d6488c44810024b6,149000000000000857,想定外の人生,https://v-mps.crazymaplestudios.com/images/762e74d0-533a-11f0-860b-97fc2eb1c6d9.jpg,2,1,1,妻・沈若雪の妊娠を喜ぶ陳峰だったが、おなかの子が妻と陳峰が支援する苦学生・宋凱との間にできた子であることを知ってしまう。激怒したのも束の間、陳峰は理性を失うことなく、20年以上の歳月をかけた計画で、沈若雪と宋凱に代償を払わせる。,805871,10806,33,1,0,8457,394,t6vdrbyef7,1,人違い|女性向けのドラマ|復讐|悪女ヒロイン|ストロングウィル,Mistaken Identity|Female|Revenge|Strong Heroine|Strong-Willed
66ea6ff0a46d1f370c097174,66ea6ff0a46d1f370c097174,149000000000001067,リベンジコード,https://v-mps.crazymaplestudios.com/images/51b8b2d0-7cd2-11ef-a2d6-41216ff1602c.jpg,2,1,1,会社の中枢を担う呂樹は、海外から帰国したCEOの娘によって突然解雇されてしまう。大規模リストラにより、会社は壊滅の危機に瀕することになり、衝撃の展開を迎える。,176886,1853,34,1,0,13134,314,gn0gaf84eo,1,男向けのドラマ|カムバックストーリー|コンテンポラリー|人違い|ビジネス|相続人/社会人|ファンタジー|多重アイデンティティ,Male|Comeback Story|Contemporary|Mistaken Identity|Business|Heiress/Socialite|Fantasy|Multiple Identities
689016062dc812de200407ea,689016062dc812de200407ea,149000000000000870,花の泪、終わらぬ恨み,https://v-mps.crazymaplestudios.com/images/7f6112d0-7cd2-11f0-a06b-bdb674869ea1.jpg,2,1,1,"警察学校を卒業した喬媚児は
落花村に伝わる‌「神様の嫁入り」‌ と
呼ばれる儀式の裏で、
女性拉致・人身売買を続ける‌
闇組織‌の存在を嗅ぎ取った。

彼女は自ら「落花女」（神の花嫁）となり、魔窟へ単身潜入‌!
姉・喬嵐と拉致被害者たちを救うため、村長率いる犯罪グループと
死闘を繰り広げる。",66311,998,35,1,0,6979,343,m56pe27dyf,1,中毒性がある恋愛|トキシック,Toxic Love|Toxic
6704a9ab6c46f9c9ae0b5a58,6704a9ab6c46f9c9ae0b5a58,149000000000000451,余命３ヶ月顧さんの波乱万丈なラブライフ,https://v-mps.crazymaplestudios.com/images/89d80ef0-8889-11ef-a2d6-41216ff1602c.jpg,2,1,1,胃がんと誤診された彼女は、残された時間を大切にし、自分のために生きることを決意。毒家族と仕事を捨て、ナイトクラブで思い切り楽しむ中で、偶然出会ったのはなんとCEO。運命のいたずらで、実は二人は家族によって決められた婚約者だと発覚。彼女はやがて自らの財閥令嬢としての地位を取り戻し、｢華麗な復活｣を遂げた。,458502,3962,36,1,0,22269,266,nrv69cwr9v,1,女性向けのドラマ|スイート|コンテンポラリー|迷子|人違い|守る夫|億万長者|相続人/社会人,Female|Sweet|Contemporary|Lost Child|Mistaken Identity|Protective Husband|Billionaire|Heiress/Socialite
673aa011c721b7f3b506e46b,673aa011c721b7f3b506e46b,149000000000000527,奪嫡～死に戻り奥様の復讐～,https://v-mps.crazymaplestudios.com/images/43836960-a72c-11ef-a2d6-41216ff1602c.jpg,2,1,1,"自分の子は死産したものだと思い、旦那をなくした陸清辞は気が狂ってしまった。
だがある日突然、陸清辞は同じ家に嫁いだ妹から妹が育てている子供は自分から盗んだ子供だと知らされ、さらには妹夫婦に殺されてしまう。
死ぬ前の記憶を持ったまま、自分がまだ子供を妊娠しているときに戻った陸清辞は、自分の大切なものを守るため……",450218,3886,36,1,0,15093,209,k9osl8n50s,1,女性向けのドラマ|悪女ヒロイン|バック・イン・タイム|復讐|転生|フィール・グッド|ロイヤル/貴族|ストロングウィル,Female|Strong Heroine|Back in Time|Revenge|Reincarnation|Feel-Good|Royalty/Nobility|Strong-Willed
675a9c5e884c6459ba084765,675a9c5e884c6459ba084765,149000000000000559,婚約式の嵐：姉様、華麗なる反撃！,https://v-mps.crazymaplestudios.com/images/5211b1e0-bb94-11ef-a2d6-41216ff1602c.jpg,2,1,1,彼女は兄の婚約のために帰省するが、愛人と間違われて義姉に侮辱される。真実が明らかになると、義姉の暗い計画が発覚する。妊娠は嘘で、会社を乗っ取るために兄を殺そうとしているのだ。,430215,3160,36,1,0,3440,139,kengku1nkr,1,女性向けのドラマ|悪女ヒロイン|身分を隠せ|復讐|フィール・グッド|相続人/社会人,Female|Strong Heroine|Hidden Identity|Revenge|Feel-Good|Heiress/Socialite
67283ddead0c8cca8d036962,67283ddead0c8cca8d036962,149000000000000500,Re: 今度こそ娘を守る！,https://v-mps.crazymaplestudios.com/images/e57c6180-9cf1-11ef-a2d6-41216ff1602c.jpg,2,1,1,五年前、彼女と夫が遅くまで仕事していた時、娘は家で殺された。それから五年が経ち、長らく使ってない携帯が鳴ったので彼女はびっくりした。謎の衝動にかけられ、彼女は電話に出て、五年前娘が殺されたあの時と繋がった。彼女は何度も過去に戻り、何度も娘を助けようとしたが、思わずバタフライ効果を引き起こした。最終的に彼女は自分を犠牲にし、娘を救うことを選んだ。だが、五年後、別のタイムラインで、娘は大人になり、同じ携帯を使って過去の母と繋がろうとし、新たな母と娘の物語が展開された。,193106,1599,40,1,0,15437,346,b4tdcu2q59,1,女性向けのドラマ|家族ドラマ|コンテンポラリー|済度|聖なる親族|不可思議|ストロングウィル,Female|Family Drama|Contemporary|Redemption|Saintly Parent|Mystery|Strong-Willed
691c285aa3aaaf43b703562d,691c285aa3aaaf43b703562d,149000000000002299,偽りの私と、運命のあなた,https://v-mps.crazymaplestudios.com/images/c79a5330-c5f3-11f0-84ad-6b5693b490dc.jpg,2,1,1,高官の令嬢として、実の父に引き取られた張無双。彼女の願いはただ一つ、「生涯、ただ一人の人を愛し抜く」こと。だが、そんな彼女を待っていたのは、権力者司馬光との望まぬ婚約だった。婚約を破棄するため、彼女は身分を偽り、彼の非を探しに学び舎へ潜入する。そこで出会ったのは、心優しき庶民の書生。出自を問わず惹かれ合う二人…しかし、彼こそが、あの傲慢なはずの婚約者司馬光だったとしたら？意地悪な義兄姉の妨害、二つの顔を持つ許嫁。偽りから始まった関係の先に、二人は「唯一の愛」という真実を見つけられるのか。,346259,11649,40,1,0,279828,10969,fu7w7d6mlm,1,男向けのドラマ,Male
66f121ec73f3cf90ea06ee13,66f121ec73f3cf90ea06ee13,149000000000000456,元夫との再会、愛は蘇るのか？,https://v-mps.crazymaplestudios.com/images/f823f560-7f1d-11ef-a2d6-41216ff1602c.jpg,2,1,1,"彼女は大手航空会社社長の一人娘。その身分を隠し、マーケティング部門で新人インターンとして働き始める。ある日、会社の花形パイロットにインタビューする任務を任されるが、そのパイロットこそ3年前に別れた元夫だった！
再会のはずが、すれ違う二人の気持ち。愛し合えば愛し合うほど、傷つけ合ってしまう。
すれ違う心、再び寄り添うことはできるのか？",548851,3835,41,1,0,16034,214,ybbr99xlbd,1,女性向けのドラマ|トキシック|コンテンポラリー|二度目のチャンス|お涙ちょうだい|再会|無邪気な乙女,Female|Toxic|Contemporary|Second Chance|Tear-Jerker|Reunion|Innocent Damsel
67283c0153c77327ef0a1e2c,67283c0153c77327ef0a1e2c,149000000000000495,庶子の最強伝説,https://v-mps.crazymaplestudios.com/images/2ba1e5b0-9c28-11ef-a2d6-41216ff1602c.jpg,2,1,1,誰からも見向きもされない門下生として日々を過ごしていた彼。一人の師匠との運命的な出会いが、彼の人生を大きく変えることになる。師の導きのもと、密かに修行を積み重ね、並外れた力を手に入れた。しかし、周りは相変わらず彼を落ちこぼれとして蔑んでいた。彼の驚異的な力が明かされるその時まで、誰も知る由もなかったのだ。,468902,3806,41,1,0,17269,264,s6hcsspejx,1,男向けのドラマ|立身出世|ファンタジー|復讐|身分を隠せ|不可思議|不老不死,Male|Rags to Riches|Fantasy|Revenge|Hidden Identity|Mystery|Immortal
66ad133dad8e48d04502a129,66ad133dad8e48d04502a129,149000000000000383,離婚後もう一度片思いから始めよう,https://v-mps.crazymaplestudios.com/images/fba4f6a0-86f0-11ef-a2d6-41216ff1602c.jpg,2,1,1,他の男性と一緒にいる私を見て、夫は私が浮気してると誤解した。でも、その男性は父だったのに！   夫は離婚を提案し、何も知らない私は離婚届にサインして海外へと旅立った。3年後、記者として帰国した私は、彼から常にターゲットにされ、侮辱され続けてる。繰り返される彼の仕打ちに、ついに私は完全に彼のことを諦めた。   そんな時、元夫はようやく真実を知り、深く後悔していた。 まったく、彼を許すべき？,239837,1496,43,1,0,16717,131,tbkhmll5ii,1,女性向けのドラマ|二度目のチャンス|コンテンポラリー|人違い|離婚後の愛|身分を隠せ|億万長者|相続人/社会人,Female|Second Chance|Contemporary|Mistaken Identity|Love After Divorce|Hidden Identity|Billionaire|Heiress/Socialite|Mistaken Identity
674d270cd473289ffd04f56b,674d270cd473289ffd04f56b,149000000000000541,反不倫同盟～サレ妻のリベンジ～,https://v-mps.crazymaplestudios.com/images/c666cd50-b6d5-11ef-a2d6-41216ff1602c.jpg,2,1,1,"彼女は成功したビジネスウーマンで、家庭にも恵まれた完璧な人生を送っていた──夫の愛人であるライブ配信インフルエンサーが彼女を不倫相手として非難するまでは。
屈辱と怒りに震える中、彼女は夫に疑いの目を向けるが、夫は全てを否定した。しかし、親友と夫が不自然な関係であることが明らかになり、彼女は裏切られていることに気づく。夫とその愛人が彼女を陥れようと計画する中、彼女は反撃を決意する。この敵意と憎悪にまみれた結婚生活は一体どうなるのか。",228041,1571,43,1,0,17521,178,pjviikb8fw,1,女性向けのドラマ|悪女ヒロイン|コンテンポラリー|復讐|相続人/社会人|インディペンデント・ウーマン,Female|Strong Heroine|Contemporary|Revenge|Heiress/Socialite|Independent Woman
687f0c39aed7c1d41603dd33,687f0c39aed7c1d41603dd33,149000000000000856,災い転じて結婚となる,https://v-mps.crazymaplestudios.com/images/684d69b0-6c2c-11f0-a06b-bdb674869ea1.jpg,2,1,1,林希は婚約者の傅森に結婚式当日に逃げられ、周りからは「疫病神」と罵られる。七年後、彼女は傅祈年と結婚し、息子の傅琦を授かり穏やかに暮らすも、そこへ突如、妊娠した邱芸を連れた傅森が再び現れた。林希を浮気者と罵り、謝罪を要求する。そんな危機一髪のところで傅祈年が現れる。,367224,2624,43,1,0,6062,281,93m35ov1nl,1,復讐|ストロングウィル|悪女ヒロイン|億万長者|女性向けのドラマ|コンテンポラリー,Revenge|Strong-Willed|Strong Heroine|Billionaire|Female|Contemporary
67283da384231d38790a8b0f,67283da384231d38790a8b0f,149000000000000499,浮気した彼女に振られた後 俺が美人社長にプロポーズされた,https://v-mps.crazymaplestudios.com/images/b03d84c0-9cda-11ef-a2d6-41216ff1602c.jpg,2,1,1,田舎生まれの辰陽は結婚式当日に自分の婚約者が他の男のこどもを妊娠していることに気づく。婚約者と別れ、一人都会に出た辰陽は女社長に才能を買われ、三年で驚くべき成功を収めた。ある時辰陽は、自分の故郷の村の開発プロジェクトを担当することになり、村の誰もが見違える姿で村に戻る。,315244,2063,45,1,0,16905,286,xhiyc26ufq,1,男向けのドラマ|立身出世|コンテンポラリー|復讐|億万長者,Male|Rags to Riches|Contemporary|Revenge|Billionaire
6940d12a4377d6d69b074da1,6940d12a4377d6d69b074da1,149000000000002569,愛の過ち,https://v-mps.crazymaplestudios.com/images/c8396020-db2d-11f0-84ad-6b5693b490dc.jpg,2,1,1,臨月の妻を「ダニ駆除」と騙して家を追い出す夫。その家を愛人に与え、一家はやりたい放題に家を荒らす。,70991,852,45,1,0,7500,227,d63vttmagc,1,中毒性がある恋愛|女性向けのドラマ,Toxic Love|Female
669e42253a44d0419706f619,669e42253a44d0419706f619,149000000000000379,誇りを取り戻せ！エリートの戦術,https://v-mps.crazymaplestudios.com/images/276c1350-7f20-11ef-a2d6-41216ff1602c.jpg,2,1,1,貧しい家庭に生まれた僕は、村で蔑まれ、頭を上げて生きることすらできない環境で育った。そんな状況を変えるため、必死に勉強し、知識を武器にしてトップの成績を収め、運命を切り開いた。10年後、大成功を収めて栄光を背負い帰郷。しかし、いまだに僕と家族を見下す人々がいた。今こそ彼らに後悔させる時だ——僕がどれほどの存在になったのか、思い知らせてやる！,126508,790,46,1,0,18391,277,5l3pztq0zj,1,男向けのドラマ|立身出世|コンテンポラリー|聖なる親族|身分を隠せ|ビジネス|億万長者,Male|Rags to Riches|Contemporary|Saintly Parent|Hidden Identity|Business|Billionaire
6704cabdb4733c7be20355a0,6704cabdb4733c7be20355a0,149000000000000469,ブサイク令嬢の華麗なる復讐,https://v-mps.crazymaplestudios.com/images/b97d8140-8a0e-11ef-a2d6-41216ff1602c.jpg,2,1,1,富豪の令嬢は、両親の葬儀の日に衝撃の事実を知る。最愛の夫と親友による裏切り。怒りと絶望に打ちのめされ、懐妊していた子さえ失った彼女。すべてを失ったと思われた時、億万長者のCEOが彼女に救いの手を差し伸べた。そして3年後、美貌と新たな身元を手に入れ、彼女は裏切り者たちに復讐すべく、華麗に舞い戻った。,799016,6244,46,1,0,19009,181,zu0peharwm,1,女性向けのドラマ|カムバックストーリー|コンテンポラリー|身分を隠せ|復讐|相続人/社会人|インディペンデント・ウーマン,Female|Comeback Story|Contemporary|Hidden Identity|Revenge|Heiress/Socialite|Independent Woman
68b6a62604e1b664cc086c88,68b6a62604e1b664cc086c88,149000000000000910,三十年遅れてきた愛,https://v-mps.crazymaplestudios.com/images/f590f400-8972-11f0-a06b-bdb674869ea1.jpg,2,1,1,沈家の養子の沈星瀚は可愛がられて育ったが、実子の沈皓天が戻ったことで一転して奈落の底へ沈んだ。沈皓天の中傷により、沈星瀚は家族から嫌われた。そんな折、一番目の姉が担当する「タイムカプセル」計画の被験者募集に応募する。彼は恩返しのため、そして養子縁組の日に戻り再選択するため、二番目の姉へ角膜提供を決意する。しかし、帰宅した3日間、沈皓天の執拗な罠に遭い、家族に傷つけられ、飼いウサギまで殺され、18歳の誕生日を忘れられた。絶望した彼は独りで誕生日を祝い、实验室へ向かった。後日、沈家のみんなは星瀚が実子であることに気づき、悔しさのあまり、30年間实验室の前で待ち続けた。30年後、ようやく星瀚を迎えられると思ったら、彼は養子縁組の当日に戻り「同行を拒む」と選択をした。星瀚のいない沈家は崩壊したが、彼は実業家となり、孤児院の子と新たな家庭を築く。,380176,10166,46,1,0,221125,8712,t61u0rrn4i,1,あまりに遅すぎる|男向けのドラマ,All-Too-Late|Male
66d535d610acfb40c6028a83,66d535d610acfb40c6028a83,149000000000000403,清掃員は令嬢様,https://v-mps.crazymaplestudios.com/images/3d01dbf0-6b5c-11ef-838e-777d81c2a9c7.jpg,2,1,1,「20年間結婚していた私は、家族を支えるためにクリーナーとして懸命に働き、隠れた富豪の令嬢としての真の身分を抑えて夫にビジネスのリソースを提供してきました。,686852,4303,49,1,0,19224,153,ehzyynekid,1,女性向けのドラマ|悪女ヒロイン|コンテンポラリー|身分を隠せ|復讐|離婚後の愛|相続人/社会人|インディペンデント・ウーマン,Female|Strong Heroine|Contemporary|Hidden Identity|Revenge|Love After Divorce|Heiress/Socialite|Independent Woman
68ca69d1e5e82345ac09b29d,68ca69d1e5e82345ac09b29d,149000000000000933,転生悪女、70年代で肉ざんまい！,https://v-mps.crazymaplestudios.com/images/4d5157f0-9780-11f0-a06b-bdb674869ea1.jpg,2,1,1,現代の女子大生・宋幼寧が目を覚ますと、そこは70年代を舞台にした小説の世界。しかも、主人公・賀懐安の子を妊娠3ヶ月の、性悪な元妻に転生してしまっていた！ 小説の中の彼女は、役人の妻の座を狙って賀懐安を射止めたものの、彼が失脚し田舎へ左遷されると知るや否や、彼を捨て、お腹の子まで堕ろしてしまう。その結果、DV男と結婚し悲惨な末路を迎える運命だった。,103177,837,49,1,0,7321,220,glrsf72nnd,1,復讐|女性向けのドラマ,Revenge|Female
6710f663a21b8faad306f28a,6710f663a21b8faad306f28a,149000000000000484,結婚式の日〜姑嫁戦争勃発,https://v-mps.crazymaplestudios.com/images/ac5d0610-9130-11ef-a2d6-41216ff1602c.jpg,2,1,1,待ちに待った結婚式当日、大富豪の家に嫁ぐ花嫁のもとに一通のメッセージが届く――「夫が他の女性と密会している」という内容だった。花嫁は親友とともに急いで現場に向かったが、そこで事態が急展開する――なんと、浮気相手が花嫁の姑だと言い張るのだ！,333641,2770,50,1,0,12619,345,dln4ttjvlt,1,女性向けのドラマ|家族ドラマ|コンテンポラリー|人違い|億万長者|相続人/社会人,Female|Family Drama|Contemporary|Mistaken Identity|Billionaire|Heiress/Socialite
67317facf15fa927fa0da1ed,67317facf15fa927fa0da1ed,149000000000000525,甘い罠〜うちの可愛いメイドがスパイ〜,https://v-mps.crazymaplestudios.com/images/9f183520-a336-11ef-a2d6-41216ff1602c.jpg,2,1,1,景気低迷の中、大学を卒業して、就職先がなかなか決まらない私。若い体を有効に使えと私に教えてくれた親友。彼女のアドバイスを聞いて、私はある大学教授の家のメイドに応募した。それから、色仕掛けで彼を落とそうとした。でも、親友の目的はそう単純なものじゃなかった…,120315,1035,50,1,0,19284,232,atct3rodbq,1,男向けのドラマ|家族ドラマ|コンテンポラリー|年齢差|結婚後の恋愛|イケオジ/ディルフ|家庭主婦,Male|Family Drama|Contemporary|Age Gap|Love After Marriage|Hot Daddy/DILF|Housewife
67452b40ee47b8c31c06163a,67452b40ee47b8c31c06163a,149000000000000536,夫の腹黒親戚への反撃,https://v-mps.crazymaplestudios.com/images/e0acb890-ae2a-11ef-a2d6-41216ff1602c.jpg,2,1,1,彼女の夫の甥が自転車で彼女にぶつかったのは、彼女が出産しようとしていた時だった。甥は軽傷で済んだが、夫は義姉に呼ばれて甥の世話をしに行き、妊娠中の妻を放置した。愛のために結婚したと思っていた彼女は、その瞬間に厳しい現実に目覚めた。結婚生活を通じて、彼女が家族の世話をしてきたが、夫は何も貢献せず、いつも義姉や甥、母親の味方をしていた。その日から、彼女は自分を傷つけた人々に報いを受けさせると決意した。彼女は流産した双子のために夫に復讐しようとしているある日、出産を待つ許沁(キョシン)は、夫の兄嫁の害意による難産となった。しかし、こんな状況でも夫の秦越(シンエツ)は偏に兄嫁や甥や母を甘やかし続ける。ついに許沁は夫の一家の品質の悪さがわかり、その一家に対して反撃を開始した。,400656,2082,50,1,0,20591,190,m787zv79r9,1,女性向けのドラマ|悪女ヒロイン|コンテンポラリー|復讐|フィール・グッド|あまりに遅すぎる|インディペンデント・ウーマン,Female|Strong Heroine|Contemporary|Revenge|Feel-Good|All-Too-Late|Independent Woman
684f7a63f5f736af0207aba6,684f7a63f5f736af0207aba6,149000000000000833,華麗なる逆転～偽りの初恋を暴け！～,https://v-mps.crazymaplestudios.com/images/f118a120-4cff-11f0-860b-97fc2eb1c6d9.jpg,2,1,1,"歴辰は前世で運転手の娘である徐言心と付き合っていた。しかし、徐言心は利用できるだけ彼を利用した後、ミスターキャンパスの謝宇と浮気をしていた。そして、彼と共謀して、重病を患った歴辰を殺した。死ぬ間際に、歴辰は同じく肥満だった林以棠の心からの告白を目撃した。
転生後、歴辰は謝宇の誕生日パーティーに戻った。今回、歴辰は運命を変えることを決意した。彼は林以棠に告白してから、彼女と共にダイエットし、モデルコンテストで優勝を納めた。
卒業パーティーや、星川エンターティンの晩餐会で、二人が幾度も徐言心と謝宇のウソを暴いて、二人をくじいた。やっと彼らを徹底的叩きのめし、復讐を果たした。その後、歴辰は星川エンターティンの社長を務め、林以棠は芸能界のビッグスターとなり、騙され、虐められていた二人の恋物語がハッピーエンディングを迎えた。",195782,1479,50,1,0,8002,396,b8g1es1r53,1,復讐|女性向けのドラマ|コンテンポラリー|スイート|ストロングウィル,Revenge|Female|Contemporary|Sweet|Strong-Willed
674d29a4ec885b79390bc511,674d29a4ec885b79390bc511,149000000000000528,お兄ちゃんたちに愛されすぎて困っちゃう,https://v-mps.crazymaplestudios.com/images/c6a5d680-b6f3-11ef-a2d6-41216ff1602c.jpg,2,1,1,こっそり彼氏を援助しつつ、一般人のふりをしていたお嬢様が、留学から帰ってみればその彼氏に浮気されていた。浮気相手はなんと自分に成りすまして、姜家のお嬢様であると言い張っている。しかしその正体はただの養女。自分の正体を隠しながら、三人のお兄ちゃんと一緒に、成りすまし女の悪事を暴き、真実を突き止めた。,718393,5210,51,1,0,20460,121,o9xz44i42j,1,女性向けのドラマ|悪女ヒロイン|コンテンポラリー|グループのお気に入り|フィール・グッド|身分を隠せ|億万長者|相続人/社会人,Female|Strong Heroine|Contemporary|Group Favorite|Feel-Good|Hidden Identity|Billionaire|Heiress/Socialite
691e73fb967bec54170e4a7b,691e73fb967bec54170e4a7b,149000000000002364,偽りの代償,https://v-mps.crazymaplestudios.com/images/cddfe880-c6bc-11f0-84ad-6b5693b490dc.jpg,2,1,1,前世で親友に殺された李雨霏。転生した彼女は悲劇を繰り返さぬため備えるが、再び魔の手が。今度こそ悪事を暴き、罪を償わせる。,323389,3368,51,1,0,7098,305,65acgrc82e,1,女性向けのドラマ,Female
69367bfaf2d68d85c90d8131,69367bfaf2d68d85c90d8131,149000000000002484,闇夜に差す光,https://v-mps.crazymaplestudios.com/images/0b9e58e0-d960-11f0-84ad-6b5693b490dc.jpg,2,1,1,一家を殺された袁满は、仇の陸沈舟に家庭教師として接近。だが彼の正体は潜入捜査官だった。復讐相手と手を組み、巨大な悪に立ち向かう。,49517,875,51,1,0,7645,261,6pphymj3u2,1,とぼける,Playing Dumb
674d24243a7eef0b990c6451,674d24243a7eef0b990c6451,149000000000000489,南歌伝～嫡女の華麗なる復讐～,https://v-mps.crazymaplestudios.com/images/0414e0a0-b60a-11ef-a2d6-41216ff1602c.jpg,2,1,1,"名門令嬢の牧南歌は夫を愛し、全力を尽くして身分の低い夫の出世を手伝ったが、その夫と自分の親友に裏切られ、命を
落としてしまう。自分が死んだと思った南歌は、自分が死ぬ前に戻り、人生をやり直すチャンスを得る。
それから南歌は楚洛白と手を組み、婚約者と親友に対する復讐計画を遂行し始める。",723105,5832,52,1,0,21488,269,90e4xwgzkq,1,女性向けのドラマ|悪女ヒロイン|バック・イン・タイム|復讐|転生|守る夫|元帥/将軍|ストロングウィル,Female|Strong Heroine|Back in Time|Revenge|Rebirth|Protective Husband|Marshal/General|Strong-Willed
68be71fefc052e9b6a074b21,68be71fefc052e9b6a074b21,149000000000001412,慶余年 〜帝王の業〜,https://v-mps.crazymaplestudios.com/images/d43db3e0-9829-11f0-a06b-bdb674869ea1.jpg,2,1,1,誠王の息子李雲潜は、太子と寧王の一部に圧迫され続けていて、挙句天象が悪いという理由で殺されそうになった。そんな泥沼の中の彼は東の商人である葉軽眉と出会った。二度とこのようなことを起さない為、それと南慶の繁栄の為に、葉軽眉、五竹、費介、范建、陳萍萍の協力を得た彼は奮起する。汚職官吏を制裁し、政治に励む、国中を一変した彼は、やがて民衆に慶帝と謳われ、南慶を世界一の強国にした。,44146,580,52,1,0,7030,318,wi55gw4w6c,1,とぼける,Playing Dumb
6930e869ab8050d19d083d31,6930e869ab8050d19d083d31,149000000000002428,病の夫を捨て、首輔のもとへ,https://v-mps.crazymaplestudios.com/images/ee6d1270-d180-11f0-84ad-6b5693b490dc.jpg,2,1,1,病弱な婚約者を救うため嫁いだ蘇晩。だが夫に冷遇され、姑には売られそうに。耐えかねて離縁すると、権力者である首輔・顧昭に「ずっと待っていた」と引き止められる。彼は幼い頃の恩人で、10年来彼女を想っていた。一方元夫の「病弱」の裏には、言えない恋心が隠されていて…？,144837,1299,52,1,0,8305,311,plyngwp9cz,1,復讐|女性向けのドラマ,Revenge|Female
672c21756a948c7e040fa9e2,672c21756a948c7e040fa9e2,149000000000001276,結婚式の日、富豪家族の後継者ぎになった,https://v-mps.crazymaplestudios.com/images/9c24a0d0-bdd3-11ef-a2d6-41216ff1602c.jpg,2,1,1,結婚式の日、彼は裏切られ、婚約者が孕んでいる子は他の男の子と気づいた。幼い頃から彼に恨みを抱いていた人が、彼の恋人を利用して彼を陥れたのだ。侮辱されているその時、超富豪家族の女性跡継ぎが現れた。彼は実際に、その家族の失踪した跡継ぎであり、彼女は彼に豪華な結婚祝いをあげるために来たのだ。,270264,1553,53,1,0,11695,348,jt7bvssfqi,1,フィール・グッド|家族ドラマ|コンテンポラリー|男向けのドラマ|あまりに遅すぎる|億万長者|ストロングウィル,Feel-Good|Family Drama|Contemporary|Male|All-Too-Late|Billionaire|Strong-Willed
67209369d1b7d0cefb0dfef3,67209369d1b7d0cefb0dfef3,149000000000001229,億万長者に囚われて,https://v-mps.crazymaplestudios.com/images/e1474080-abdd-11ef-a2d6-41216ff1602c.jpg,2,1,1,工場勤務をするヒロインは怠け者の父と兄に愛想をつかし、お金を貯めるためアルバイトを探し、そこで出会った男性と偶然一夜を過ごし、なんと三つ子を身ごもってしまう。相手は女嫌いで有名だったが、なんとヒロインの仕事先の上司だった。,1498242,12457,54,1,0,11205,254,irz16gsfyo,1,とぼける|女性向けのドラマ|スイート|コンテンポラリー|妊娠,Playing Dumb|Female|Sweet|Contemporary|Pregnancy
687f0c1e9ff5053e180b0018,687f0c1e9ff5053e180b0018,149000000000000807,お嬢様の復讐大作戦‌,https://v-mps.crazymaplestudios.com/images/3b868d80-6c2c-11f0-a06b-bdb674869ea1.jpg,2,1,1,"許桐は名門の家庭に生まれ、
幼なじみの周成澤に恋をしてしまう。
ある事故で周成澤を救うために、
重傷を負ってしまった。
その後、彼女は父親の助言を受け入れ‌、
周成澤の本心を試すため、‌
体の不自由を装うことにした。‌
結婚式前日に
周成澤と親友の陸蕊の不倫を目撃したため、
許桐は復讐を決意した。
一瞬にして、婚礼を舞台にした火花散る
勝負の幕が絢爛に上がった…",789320,4765,54,1,0,5750,232,gx8wt8zgrx,1,身分を隠せ|グループのお気に入り|復讐|フィール・グッド|悪女ヒロイン|ストロングウィル|女性向けのドラマ|コンテンポラリー,Hidden Identity|Group Favorite|Revenge|Feel-Good|Strong Heroine|Strong-Willed|Female|Contemporary
68b944eec2524244580dffbb,68b944eec2524244580dffbb,149000000000000922,十年の愛は、幼馴染との一瞬に及ばない,https://v-mps.crazymaplestudios.com/images/32356580-a822-11f0-a06b-bdb674869ea1.jpg,2,1,1,"季丞と婚約者の周琬は10年間愛し合ってきたが、彼女の弟弟子である薛瑾赫の策略により、二人の関係は破綻する。
あるオークションで、周琬は薛瑾赫の歓心を買うために、季丞に一族の家宝を諦めるよう強要する。しかし季丞は高額で家宝を落札したため、周琬は公衆の面前で彼に愛想を尽かすのだった！
この一件で資金難に陥った季丞だったが、京北一の女富豪である王鳳霖の助けを得て、逆転勝利を収める。",166576,1239,55,1,0,7549,244,l3a66h6ygu,1,あまりに遅すぎる|女性向けのドラマ,All-Too-Late|Female
67a2e25e6ee339018304ce01,67a2e25e6ee339018304ce01,149000000000000629,吉天照 ～密やかなる下女の復讐～,https://v-mps.crazymaplestudios.com/images/23721280-e790-11ef-a54e-99edf5fd5287.jpg,2,1,1,濡れ衣を着せられ死刑になった梅萍は、転生し下女梅となった。梅はなんとか自分を死に追いやった夫の屋敷の下女になり、そこで自分を裏切った盟友と夫に対し血みどろの復讐を繰り広げていく。,514293,8056,56,1,0,195050,6378,dxjpfw0axx,1,友達から恋人へ|転生|ストロングウィル|バック・イン・タイム|立身出世|女性向けのドラマ,Friends to Lovers|Rebirth|Strong-Willed|Back in Time|Rags to Riches|Female
680b408c21fadb8d98079199,680b408c21fadb8d98079199,149000000000000775,裏切られた愛、そして世界を手にした男,https://v-mps.crazymaplestudios.com/images/89125890-2677-11f0-93de-cb0b88a6d7a9.jpg,2,1,1,セカグループを上場会社にまで成長させた徐朗は、若い頃に愛情のためにキャリアを捨てて陳蓮と結婚した。しかし結婚して二十年も経って、陳蓮の初恋相手、宋陽が帰国した。彼は陳蓮を執拗に求めて、そして陳蓮は断ろうとしなかった。その間に、実の息子まで宋陽を「お父さん」と呼び始めた。妻の不貞、息子の不孝——幾度も耐えてきた徐朗だったが、ついに心が折れて、離婚を決意した。隠していた身分を打ち明けた時、陳蓮は後悔した。だが、もう遅すぎた。,594720,3468,56,1,0,5617,235,44mav41w5c,1,身分を隠せ|復讐|コンテンポラリー|男向けのドラマ|トキシック,Hidden Identity|Revenge|Contemporary|Male|Toxic
685e4260b08e5da0b80f8202,685e4260b08e5da0b80f8202,149000000000000862,追放令嬢は微笑まない,https://v-mps.crazymaplestudios.com/images/02cb8640-62e9-11f0-a06b-bdb674869ea1.jpg,2,1,1,溺愛を一身に受けて育った許家の令嬢・許期は、自分が実の娘ではなかったと知る。実の娘・許明珠が認知されて以来、両親も兄も明珠の言い分ばかりを信じるようになった。ある日、期が祖母を突き落とし昏睡状態にさせたと誤解した許家の人々は、彼女を矯正施設に送りこみ、反省と更生を強いた。その結果、期は三年間に及ぶ非人道的な苦しみを受け、生涯治らない障害を負ってしまう。三年後、期は許家に戻された。しかし、かつて明るく笑っていた彼女の姿はもうなかった。今や彼女は人を寄せつけない存在になっていた――。,552416,3392,56,1,0,6437,281,ey6lukum5d,1,ファミリー|家族ドラマ,Family|Family Drama
675a9ba070ef6c1c160217e6,675a9ba070ef6c1c160217e6,149000000000001244,ずっと君が好きだった,https://v-mps.crazymaplestudios.com/images/ab6b9390-bb95-11ef-a2d6-41216ff1602c.jpg,2,1,1,ヒロインは幼少期から幼なじみのある少年に恋をしていた。しかし少年が別の子を好きだと勘違いをし、自分は身を引いた。時が経ち、大人になったヒロインは、偶然出会った老女に導かれるままある男性と結婚した。なんと結婚相手はあの幼なじみだった。,1299738,8211,57,1,0,11952,358,vqyf5i6h5x,1,スピード婚|女性向けのドラマ|スイート|コンテンポラリー|結婚後の恋愛|幼馴染みの恋人|億万長者,Flash Marriage|Female|Sweet|Contemporary|Love After Marriage|Childhood Sweetheart|Billionaire
675a9c24ce086a8e10095041,675a9c24ce086a8e10095041,149000000000000552,清掃員の私は社長夫人,https://v-mps.crazymaplestudios.com/images/e263f1b0-bdd1-11ef-a2d6-41216ff1602c.jpg,2,1,1,偶然の出会いから始まり、ふたりはすぐに結婚。彼女は秘密で夫の会社の清掃員として働きながら、同僚のいじめや嫉妬に立ち向かう。社長である彼は、彼女が困っているときはそっと支えるけれど、ふたりの秘密はいつまで守れるのか…？,669880,4011,57,1,0,22807,222,6gbqnhrnn9,1,女性向けのドラマ|スイート|コンテンポラリー|結婚後の恋愛|守る夫|スピード婚|億万長者|ストロングウィル,Female|Sweet|Contemporary|Love After Marriage|Protective Husband|Flash Marriage|Billionaire|Strong-Willed
6912d403e4450c7ad30fbc87,6912d403e4450c7ad30fbc87,149000000000002237,妹の身代わりに嫁いだら、彼が狂ってしまいました,https://v-mps.crazymaplestudios.com/images/183a3270-c071-11f0-84ad-6b5693b490dc.jpg,2,1,1,二度の人生、すれ違う愛と憎しみ。 前世、周王朝の長公主・楚照雪は、護国大将軍・裴時安との政略結婚を強行する。しかし、その結婚生活は八年にも及ぶ憎しみに満ちたものだった。 国の陥落の日、彼が自分の命を懸けて守ったのは、彼女ではなく、その妹だったという衝撃の事実を知る。彼に続き自ら命を絶った彼女は、すべてが始まる結婚を願い出た「あの日」に、時を遡っていた。 二度目の人生、彼女はもう同じ過ちを繰り返さないと誓う。 しかし、運命の歯車は再び二人を狂おしく引き合わせようとしていた…。,205482,1821,57,1,0,7920,305,e0oe5sz93c,1,スイート|バック・イン・タイム|女性向けのドラマ,Sweet|Back in Time|Female
67452aeffdd1b40fbe0544c0,67452aeffdd1b40fbe0544c0,149000000000000534,君に捧げた愛と命と,https://v-mps.crazymaplestudios.com/images/b0c4ef30-ad2b-11ef-a2d6-41216ff1602c.jpg,2,1,1,厳しくてストイックなCEOは、稀な病気にかかり、30歳まで生きられない事に気づく。偶然にも、ある貧しい大学生だけが自分を治せる事を知り、必死に生き延びるため、彼女に結婚を強要する。最初は拒絶し続ける彼女だが、次第に彼の人間性に惹かれ、彼に愛情を抱くようになり、彼の命を救うために自らを犠牲にする決断をした。彼女が命を落としたと信じた彼は、深い喪失感と共に絶望の淵に沈んで行く。ところが7年後、運命のいたずらによって、目が見えたくなり子供を連れた彼女の姿が目の前に。,392393,2532,58,1,0,23390,235,zhl52h1ouc,1,女性向けのドラマ|トキシック|コンテンポラリー|運命の恋人|ワンナイトラブ|結婚後の恋愛|億万長者|無邪気な乙女,Female|Toxic|Contemporary|Fated Lovers|One Night Stand|Love After Marriage|Billionaire|Innocent Damsel
68f841d90eee10a7e30303a3,68f841d90eee10a7e30303a3,149000000000000943,8歳の天才パイロットは大空へ,https://v-mps.crazymaplestudios.com/images/723f5de0-b301-11f0-a06b-bdb674869ea1.jpg,2,1,1,"前世でエースパイロットだった少年は、時を遡り8歳の自分に戻る。父と共に乗り込んだのは、あの運命の旅客機。このフライトの先に待つのは、乗客乗員全員の死…墜落事故だ。
高度9000メートル。燃え盛る翼、機内に吹き荒れる極寒の突風。誰もが死を覚悟したその時、少年は操縦桿を握る。8歳の幼い体で、前世で自分を庇い死んだ父を、そして数百人の乗客を救うために。
次々と襲いかかる絶望的な危機。疑いの目を向ける乗客、意識を失った機長、途絶えた通信。漏れ続ける燃料、眼下に広がる危険な地形…。
生還率1%の緊急着陸に、天才パイロットが、今、挑む。",344373,2456,58,1,0,8131,287,8rgp45iki9,1,フィール・グッド|男向けのドラマ,Feel-Good|Male
690175b50a700c979b0c20ca,690175b50a700c979b0c20ca,149000000000002165,ひいおばあちゃんは、伝説の仙人でした,https://v-mps.crazymaplestudios.com/images/8c1d9e30-b5fd-11f0-a06b-bdb674869ea1.jpg,2,1,1,恋も仕事も奪われ、人生のどん底にいた秦小豪。彼の前に突如現れた美女の正体は…数百年を生きる伝説の仙人にして、彼の「ひいおばあちゃん」だった！かつて彼女が育てた一族は、今やこの国を牛耳るエリート集団。だが、その子孫たちが自分の可愛い孫を虐げていると知った時、最強の先祖の静かな怒りが爆発する。「私の孫に手を出したこと、後悔させてあげる」これは、虐げられた青年が最強の祖母という「切り札」を得て、腐りきった権力者たちへ壮絶な逆襲を仕掛ける物語。,309819,2449,58,1,0,7783,267,tz5jl4pge2,1,復讐|女性向けのドラマ,Revenge|Female
690da7e652d5e445d7055ec4,690da7e652d5e445d7055ec4,149000000000002198,最強仙人、声なき妻を癒す,https://v-mps.crazymaplestudios.com/images/1081c040-be08-11f0-b4b4-bd031586a1b7.jpg,2,1,1,仙界で最高位に位置する金仙、陸銘。しかし、莫大な借金を抱えた彼は、返済のために人間界への転生を余儀なくされる。転生したのは、同じく借金が原因で命を落とした博打打ちの男だった。全てを失った彼だが、その男には天女のように美しいものの、声を失い、非道な扱いを受けてきた妻がいた。陸銘は、この不思議な縁をきっかけに人間として生きることを決意する。彼の最初の目的はただ一つ──仙術の力で、愛する妻の声を取り戻すことだった。,252679,1996,58,1,0,8216,330,gfjeiwol5t,1,復讐|男向けのドラマ,Revenge|Male
674d23e4549bd4825e0d9607,674d23e4549bd4825e0d9607,149000000000000537,パパあの子はニセモノ,https://v-mps.crazymaplestudios.com/images/07704830-b14a-11ef-a2d6-41216ff1602c.jpg,2,1,1,"「悪者たち！パパは取られないからね」うちは六年前にパパとママが偶然産んだ子。六年間パパはうちらを探したらしいけど、悪者叔母さんがママのふりして、パパのおうちに住み込んで、うちらをいじめたの。でもうち絶対そんな事させない、悪者を追い出して、ママとパパと一緒に暮らすんだから。
六年前、彼女は一夜限りの出会いで娘を授かり、一人で育ててきた。今、彼が彼女を見つけ出したが、嫉妬深い妹が彼女の身元を偽り、あらゆる機会を使って彼女と娘の生活を困難にしている。彼は彼女が誰かを知らないが、何度も彼女を守るために介入し、次第に彼女に惹かれていく。",407328,2385,59,1,0,24177,239,31693x1nwk,1,女性向けのドラマ|スイート|コンテンポラリー|ワンナイトラブ|天才ベビー|守る夫|運動選手|無邪気な乙女,Female|Sweet|Contemporary|One Night Stand|Genius Babies|Protective Husband|Athlete|Innocent Damsel
691e7401967bec54170e4a8b,691e7401967bec54170e4a8b,149000000000002357,失われた月光,https://v-mps.crazymaplestudios.com/images/9d2f6ec0-c5fb-11f0-84ad-6b5693b490dc.jpg,2,1,1,京大合格を祝う寧夏夏だが、父には秘密が。そして因縁の相手・陸媛雪と最悪の出会いを果たす。,152212,1102,59,1,0,7288,274,17157zdd2g,1,あまりに遅すぎる|女性向けのドラマ,All-Too-Late|Female
693664b7898a47f96b02815e,693664b7898a47f96b02815e,149000000000002479,人生をやり直し、姑と頂点に立った,https://v-mps.crazymaplestudios.com/images/89357270-d4f6-11f0-84ad-6b5693b490dc.jpg,2,1,1,10億か母親か。前世で10億を選んだ妹は破滅し、姉を殺害。だが選択の日に逆戻り！今回は妹が母親を選び、姉は10億を手に入れる。地獄は妹に任せ、私は金儲けを楽しむ！,148505,1521,59,1,0,7906,270,azyre5ehp2,1,復讐|女性向けのドラマ,Revenge|Female
693bfdf73ce21f8f960db997,693bfdf73ce21f8f960db997,149000000000002531,本物のお嬢様の華麗なる帰還,https://v-mps.crazymaplestudios.com/images/faf55330-de10-11f0-84ad-6b5693b490dc.jpg,2,1,1,前世で家政婦の娘に陥れられ一家は破滅、私も無残な死を遂げた。だが目が覚めると、悲劇が始まる前の高3に戻っていた。,73937,1111,59,1,0,7914,286,j7lzfo18g7,1,復讐|女性向けのドラマ,Revenge|Female
667a8242e3bffde36c0a62d4,667a8242e3bffde36c0a62d4,149000000000000321,二生花~揺れるぎない誓い！,https://v-mps.crazymaplestudios.com/images/90aa4e50-49a0-11ef-a96f-c3bf05c2bf9d.jpg,2,1,1,数年前、孤児院で、若い双子の姉が、心臓に病気の姉のために、裕福な家庭に引き取られるチャンスを諦めました。成人になって、姉は今や裕福な相続人となり、双子の妹を探すために手を抜きません。一方、若い姉は、夫の家庭で困難な生活を送り、欺かれ、最終的に死に至ります。姉は、妹が経験したすべての不正を自ら復讐することを誓います。年月が経っても、彼らの絆は強いままであり、裕福な姉は双子のために正義を求めることに決めています！,323856,2209,60,1,0,25042,294,ulxvb2zo2r,1,Femenino|Drama Familiar|Contemporáneo|Venganza|Reunión|Heredera/socialité,Femenino|Drama Familiar|Contemporáneo|Venganza|Reunión|Heredera/socialité
66bec40846615ad8a900a8aa,66bec40846615ad8a900a8aa,149000000000001080,年上オジサンに恋しちゃった,https://v-mps.crazymaplestudios.com/images/119802c0-7b36-11ef-a2d6-41216ff1602c.jpg,2,1,1,男尊女卑の家庭に生まれ、アルバイトで稼いだお金は母に奪われ、弟のスニーカー代に使われてしまった！絶望していた私の前に、一夜を共にしたおじさんが現れ、「うちの会社で働かないか」と提案してきた。私はそのチャンスに賭けることに決めた。予想通り、社長は妊娠中の私に惜しみなくお金を使い、溺愛してくれたのだった！,747540,4232,60,1,0,12566,148,bs8oorrwed,1,妊娠|ワンナイトラブ|億万長者|無邪気な乙女|コンテンポラリー|スイート|女性向けのドラマ,Pregnancy|One Night Stand|Billionaire|Innocent Damsel|Contemporary|Sweet|Female
66f0ddb412716f999b0a16e9,66f0ddb412716f999b0a16e9,149000000000000443,真夜中の最後のバス,https://v-mps.crazymaplestudios.com/images/9ffccfb0-7f0e-11ef-a2d6-41216ff1602c.jpg,2,1,1,俺は4年間バスを運転してたんだけど その間ずっと暗い秘密を抱えてたんだ 今からお前たちに知らない恐怖の真実を話すよ それは霊柩車がどうやってバスに改造されたかって話だ お前が直接経験したわけじゃないかもしれないけど お前が乗ってるバスにはただの生者だけじゃなく…,77796,747,60,1,0,24269,301,v6after7gv,1,男向けのドラマ|スリラー|ファンタジー|サスペンス,Male|Thriller|Fantasy|Suspense
6710f69d718b9550010e87f3,6710f69d718b9550010e87f3,149000000000000485,長い家路,https://v-mps.crazymaplestudios.com/images/966e39f0-92ca-11ef-a2d6-41216ff1602c.jpg,2,1,1,主人公章文軒はCEOに就任したその日に暴漢に襲われ、脳障害と記憶喪失に陥った。数年後、養女に連れられて実子と再会するも、実の家族は障害を持つ彼を忌み嫌い、認めようとしなかった。金目当てに父親のふりをしていると非難され、言葉と暴力で虐待を受け続け、遂には階段から突き落とされてしまった。ところが奇跡的に、この落下で彼の意識と記憶は回復。しかし、彼の復帰が自分の地位を脅かすことを心配した負けず嫌いな姉は、なんと父子鑑定の結果を偽造し、養女と母親を誘拐したのだった。果たして彼は誤解を解き、家族と再会することができるのか？,142785,821,60,1,0,23985,224,jdl8pvyorp,1,女性向けのドラマ|家族ドラマ|コンテンポラリー|浮気|お涙ちょうだい|聖なる親族|億万長者,Female|Family Drama|Contemporary|Affair|Tear-Jerker|Saintly Parent|Billionaire
67283e846b3a87d65d0b3849,67283e846b3a87d65d0b3849,149000000000000494,ドキドキ秘密の社長室、午後5時以降立入禁止,https://v-mps.crazymaplestudios.com/images/e2f536f0-9c2c-11ef-a2d6-41216ff1602c.jpg,2,1,1,学生時代、彼は彼女が金銭目的でエスコートしていると誤解していた。ビジネス帝国を築いた後、彼は契約を通じて彼女をエグゼクティブアシスタントとして自分のそばに縛り付けた。最終的に、続く混乱と疑念の中で、二人は誤解を解き、互いに愛し合うようになった。,628911,3776,60,1,0,24110,143,3wwlle4h25,1,女性向けのドラマ|二度目のチャンス|コンテンポラリー|三角関係|オフィスラブ|億万長者|無邪気な乙女,Female|Second Chance|Contemporary|Love Triangle|Office Romance|Billionaire|Innocent Damsel
6745246d4d4eb7a2810bd3cf,6745246d4d4eb7a2810bd3cf,149000000000000548,アウェイクニング～いま、目覚めの時～,https://v-mps.crazymaplestudios.com/images/d67d1470-ad38-11ef-a2d6-41216ff1602c.jpg,2,1,1,彼は家族を養うために一生懸命働いていたが、妻に裏切られ、ライバルの罠にまんまとハマってしまった。彼は投獄されただけでなく、闇市に売られてしまった。死を前にし、彼は思わず莫大な財産を受け取ることになってしまった。,176493,990,60,1,0,10093,141,gnosbdbhyn,1,男向けのドラマ|カムバックストーリー|コンテンポラリー|フィール・グッド|人違い|億万長者|ストロングウィル,Male|Comeback Story|Contemporary|Feel-Good|Mistaken Identity|Billionaire|Strong-Willed
67aafdf4c172e641ab0ff58b,67aafdf4c172e641ab0ff58b,149000000000000594,女将軍針より槍！,https://v-mps.crazymaplestudios.com/images/74d346b0-e9f4-11ef-a54e-99edf5fd5287.jpg,2,1,1,男を装った花朝、十年も戦場を駆け巡って、赫々たる戦功を立てた。凱旋した後、彼女は皇帝陛下に鎮威大将軍に封じられた。それを知らなかった許嫁の秦京墨が、十年も男と生死を共にした花朝はきっと、とっくに貞操を失ったという理由で、彼女との婚約を破棄しようとした。やっとこの一件を片付けた後、隣国西戎の侵入が目の前に迫っていた。都に戻った花朝が、丞相の蘇一白と共に、敵の陰謀を止めた。その間に、二人がお互いに心を許して、一生の誓いを交わした。,1029438,10723,60,1,0,148601,4696,vhtju7ddca,1,身分を隠せ|復讐|元帥/将軍|インディペンデント・ウーマン|バック・イン・タイム|カムバックストーリー|男向けのドラマ,Hidden Identity|Revenge|Marshal/General|Independent Woman|Back in Time|Comeback Story|Male
67d78349c0bb89abed012e77,67d78349c0bb89abed012e77,149000000000000738,もうコリゴリ 僕のレンタル彼女！,https://v-mps.crazymaplestudios.com/images/09c30db0-038f-11f0-a38f-0d66b56fc320.jpg,2,1,1,陸凡は親から結婚の催促を逃れるようと、彼女をレンタルして実家に帰省することを思いつく。ビリヤード場で蘇清妍と意気投合し、二人は恋人を装い、陸凡の家に向かう。一見貧しい陸凡の実家は何と隠れ大富豪の家だった！,476098,10722,60,1,0,185136,9164,2bgtbnyx5a,1,身分を隠せ|男向けのドラマ|コンテンポラリー|家族ドラマ|ファミリー,Hidden Identity|Male|Contemporary|Family Drama|Family
685e431c8a577ee6a407ec3e,685e431c8a577ee6a407ec3e,149000000000000861,娘に「おばさん」と呼ばれて,https://v-mps.crazymaplestudios.com/images/8b4d8070-6b60-11f0-a06b-bdb674869ea1.jpg,2,1,1,宋程との七年間の秘密結婚の末、唐心洛は今夜初めて娘の安抱きしめた。五歳の安は大喜びだったが、程には分かっていた。心洛のその笑顔は、すべて彼女の初恋の人が戻ってきたことによるものだったのだ。彼女は最初から、安のことも、程のことも愛していなかった。六年前、心洛は心から愛していた相手に去られた。その失意の中、腹いせのように程と結婚した。だが結婚後の彼女はまるで存在を消すかのように振る舞い、程や安の生活には一切関与せず、安に「ママ」と呼ばせることすら許さなかった。ある日、安は自らの目で見てしまう。心洛が初恋の人の娘には惜しみない愛情を注ぎ、自分にはまるで無関心なことを。その瞬間、安の心は完全に折れ、ついに彼女は母の元を去る決意を固める。,270989,1599,60,1,0,5618,207,2vzwezz58m,1,ファミリー|家族ドラマ,Family|Family Drama
68b935e4072358af8e001e1c,68b935e4072358af8e001e1c,149000000000000918,転生の復讐〜幼なじみは後悔の涙を流す〜,https://v-mps.crazymaplestudios.com/images/d08b2d80-a81f-11f0-a06b-bdb674869ea1.jpg,2,1,1,雲県ビジネス界の御曹司・蘇凛風は前世、幼なじみの喬念柔にバカにされて、挙げ句の果てには家も家族も滅ぼされてしまう。人生をやり直すチャンスを得た彼は、ためらうことなく念柔を捨て、縁もゆかりもないと思っていた仏門の女性・林栖玥に婚約を申し込む。しかし、凛風が忘れているだけだった――幼き日、栖玥とはとっくに運命的な出会いを果たしていたのだ。,529513,7984,60,1,0,209429,6388,1nfs1cmjqt,1,あまりに遅すぎる|男向けのドラマ,All-Too-Late|Male
68d0c2e02414a40e6e01e91d,68d0c2e02414a40e6e01e91d,149000000000000936,うちのお嬢様はがり勉！,https://v-mps.crazymaplestudios.com/images/3b6da0c0-9aaf-11f0-a06b-bdb674869ea1.jpg,2,1,1,十八年前、京市のセレブお嬢様、林思望は取り違えられ、山河省に流されてしまった。十八年後、彼女は親の元に戻ることができたが、親に白い目で見られ、養女の蘇志意に足元を掬われていた。でも彼女は決して動じずに、京市戸籍を手に入れた後、猛勉強して全国一の名門校に合格し、輝かしい人生を切り開いた。,258611,1867,60,1,0,6937,280,tnke0d1av2,1,復讐|女性向けのドラマ,Revenge|Female
68edfd00fa4c7d56b10b0b6e,68edfd00fa4c7d56b10b0b6e,149000000000000939,一夜の過ちで冷徹社長に溺愛される,https://v-mps.crazymaplestudios.com/images/a27fa370-ab2c-11f0-a06b-bdb674869ea1.jpg,2,1,1,田舎出身の林溪は、試用期間中に上司から嫌がらせを受け、実家からは金の無心をされる不遇な日々を送っていた。そんなある日、ひょんなことから霍グループの総裁である霍知衍と一夜を共にしてしまう。その後、正社員に登用された彼女は三つ子を妊娠。その事実を隠そうとするが、霍家に伝わる特殊な共鳴現象により、霍知衍に気づかれてしまう。林溪の妊娠を知った霍知衍は彼女を溺愛するようになり、職場での嫌がらせや実家との問題から彼女を守る。そして二人は、やがて幸せを手に入れるのだった。,859150,5496,60,1,0,8526,351,8n95dzc3pc,1,甘いロマンス|女性向けのドラマ,Sweet Romance|Female
6901edb5226ad1600909195c,6901edb5226ad1600909195c,149000000000001793,親友、ごめんね,https://v-mps.crazymaplestudios.com/images/dff4caf0-cb66-11f0-84ad-6b5693b490dc.jpg,2,1,1,シャーロットは「親友」のジャスミンを何度も助け、彼女を救うために命まで落とした。転生した彼女は、もはや殉教者ごっこは終わりにした。今回は手をこまねいて、ジャスミンとその狂気の恋人が自ら造った地獄に沈むのを見物するつもりだ。,90306,783,60,1,0,7376,307,r4bpx02e3g,1,復讐|女性向けのドラマ,Revenge|Female
6909c52f1e38c364260172ab,6909c52f1e38c364260172ab,149000000000002195,帰還した本物の御曹司,https://v-mps.crazymaplestudios.com/images/24c44cf0-bbb3-11f0-b4b4-bd031586a1b7.jpg,2,1,1,20年の時を経て、大手財閥凌家に、失踪したはずの本物の御曹司、凌風が帰ってきた。一族は、彼を意のままに操れる哀れな駒と見くびっていたが、誰も知らなかった。彼が地獄の底から這い上がってきた、冷酷な復讐者であることを。義兄は彼を目の敵にし、姉は彼を蔑み、両親は罪悪感を盾に彼を支配しようとする。すべてを冷笑で受け流す凌風は、水面下で静かに牙を研いでいた。「俺のものは、一つ残らずこの手で取り戻す。お前たちが最も大切にするこの帝国も、な」,470453,13722,60,1,0,262835,12458,8r3j5a2pnc,1,復讐|男向けのドラマ,Revenge|Male
691ede64022dbbd4dd08c667,691ede64022dbbd4dd08c667,149000000000002296,偽りの誓い、真実の新生,https://v-mps.crazymaplestudios.com/images/1d54db20-c602-11f0-84ad-6b5693b490dc.jpg,2,1,1,完璧だと思っていた結婚生活。しかしその裏では、夫と義姉の許されざる愛が育まれていた。仕組まれた罠、奪われたキャリア、そして命を脅かす薬のすり替え事件…絶望の淵で彼女を救ったのは、いつもそばにいた義兄だった。「ずっと、君だけを守りたかった」──彼の言葉に隠された過去の誓いとは？全ての謎が解けた時、愚かな夫は真実を知り絶望する。これは、偽りの愛に裁きを下し、本物の愛を見つけ出す壮絶な復讐劇。,285952,2110,60,1,0,7832,248,wlhoxq31lx,1,復讐|女性向けのドラマ,Revenge|Female
6930e84cd25c4fd92f05e529,6930e84cd25c4fd92f05e529,149000000000002432,風月は君を知らず,https://v-mps.crazymaplestudios.com/images/9899cd90-d1ce-11f0-84ad-6b5693b490dc.jpg,2,1,1,蘇家の令嬢は幼馴染と結婚するも、夫は新婚初夜に海外へ。復讐のため3年間囲っていた愛人との関係を清算しようとするが、彼の正体はなんと督軍府の「少帥」だった！自分が囲い、先日平手打ちまでした相手の正体を知り、ヒロインは卒倒寸前に…。,190518,2539,60,1,0,8167,270,tgcs15fayd,1,甘いロマンス|女性向けのドラマ,Sweet Romance|Female
6932ade4cb12950b880c81fa,6932ade4cb12950b880c81fa,149000000000002468,若奥様は手ごわい,https://v-mps.crazymaplestudios.com/images/d3b81980-d25b-11f0-84ad-6b5693b490dc.jpg,2,1,1,傍若無人な令嬢・傅玉瑶。財産目当ての縁談を逆手に取り、復讐のため敵の家に嫁ぐ。偽りの結婚から始まる二人の恋の駆け引きの行方は？,127826,1548,60,1,0,6983,337,3mafjo6ow1,1,復讐|女性向けのドラマ,Revenge|Female
6940f409dcc8def1fe031b7f,6940f409dcc8def1fe031b7f,149000000000002495,昨夜の星は風に消え,https://v-mps.crazymaplestudios.com/images/6908b8b0-dca1-11f0-84ad-6b5693b490dc.jpg,2,1,1,幼なじみの許繁星と沈星辰。火事をきっかけに彼は彼女を恨み、3年の結婚生活で100回も離婚を突きつけた。耐え忍んできた繁星だが、ついに心が折れ、この愛に見切りをつける。そして謎の人物からの要求を受け入れるが…,256515,4532,60,1,0,7837,375,6gz4he2os7,1,あまりに遅すぎる|女性向けのドラマ,All-Too-Late|Female
694910b0e480172294077388,694910b0e480172294077388,149000000000002679,父は山のごとく,https://v-mps.crazymaplestudios.com/images/8ff12e40-dfe8-11f0-84ad-6b5693b490dc.jpg,2,1,1,元裏社会の大物・韓麟淵は息子のために引退。だがその息子が、婚約者の裏切りで命の危機に。父は息子を救出するが、逆に銃を突きつけられる。窮地の中、現れたのは敵の父であり、かつての自分の部下だった。,11261,423,60,1,0,7252,291,pwa8qvqpf1,1,ファミリー|家族ドラマ|男向けのドラマ,Family|Family Drama|Male
66def55490751933490a3de7,66def55490751933490a3de7,149000000000000437,銀幕女王の娘、闇落ち！,https://v-mps.crazymaplestudios.com/images/2d0e5cf0-71b5-11ef-a2d6-41216ff1602c.jpg,2,1,1,数年前、社会の偏見を越えて、あるイケメン男優はぽっちゃりした人気女優に恋をし、二人は理想のカップルとして注目を集めた。しかし、栄光を手にした後、彼は突然の悲劇を引き起こす。彼の妻と娘が命を落とし、彼はそれを強盗のせいだと主張したのだった。だが、彼は知らなかった。娘は生き延び、別の身分を隠して父の前に現れたのだ。復讐に燃え、母の無念を晴らし、父を法の裁きに導くために…。娘は父の罪を暴き、正義を手に入れることができるのか？それとも、過去の闇に巻き込まれてしまうのか。その答えが明らかになる時が近づいている。,196063,1125,61,1,0,24343,195,mm6dcgj4x3,1,女性向けのドラマ|カムバックストーリー|コンテンポラリー|身分を隠せ|復讐|とぼける|セレブリティー|相続人/社会人,Female|Comeback Story|Contemporary|Hidden Identity|Revenge|Playing Dumb|Celebrity|Heiress/Socialite
67b2ae504191e7dd0c0c838f,67b2ae504191e7dd0c0c838f,149000000000000609,裏切られた専業主婦、逆襲！,https://v-mps.crazymaplestudios.com/images/0bd5a700-ef78-11ef-a38f-0d66b56fc320.jpg,2,1,1,家庭主婦沈玉娟は、十数年も家族の面倒を見ていて、家に尽くしてきた。母親が危篤状態に陥って、夫に治療費を頼んだら、きっぱりと断れた。理由は会社が倒産して、カネがないということだったが、実は彼は外で女ができて、子供まで作ってしまった。ちょうどその時、沈玉娟が買った宝くじが20億も当たった。その20億を巡って、みなの争いが始まった。偶然なことに、沈玉娟が興源グループの取締役社長趙新元と再会して、仲を深めた。彼の応援を得て、彼女は勇敢に毒夫に立ち向かった。,1514175,11854,61,1,0,157586,4854,s09up0dta0,1,結婚後の恋愛|復讐|家庭主婦|ストロングウィル|コンテンポラリー|立身出世|女性向けのドラマ,Love After Marriage|Revenge|Housewife|Strong-Willed|Contemporary|Rags to Riches|Female
683ea530a5370902a50e1643,683ea530a5370902a50e1643,149000000000000756,戦場の花嫁、復讐に燃ゆ,https://v-mps.crazymaplestudios.com/images/8c6540b0-429d-11f0-b65a-27549cd2a91e.jpg,2,1,1,姜爍瑶は、結婚式の当日、父の代わりとして戦場へ駆り出された。彼女は皇太子である萧煜宸と共に戦い、勝利を収め「倾城军大将軍」の称号を得る。しかし凱旋した彼女を待ち受けていたのは、夫の穆権が権力を求めて貴族の女性と結婚する姿だった。さらに、穆権は彼女の妹を側室として差し出していた。裏切りに燃える復讐心を胸に、姜爍瑶は穆権の世界をひっくり返す。しかし、彼女と萧煜宸を待ち受けるのは、さらに深い闇の陰謀だった。,322266,2243,61,1,0,8524,418,cwlp29ob94,1,復讐|浮気|バック・イン・タイム|女性向けのドラマ|インディペンデント・ウーマン|タブー,Revenge|Affair|Back in Time|Female|Independent Woman|Taboo
687a14129e77be0bfb0cce3c,687a14129e77be0bfb0cce3c,149000000000000865,運命の逆転 ～再び、愛と恨みの戦い～,https://v-mps.crazymaplestudios.com/images/1f57f810-7406-11f0-a06b-bdb674869ea1.jpg,2,1,1,"前世、貧乏人に嫁いだ陸昭妍が意外に裕福な人生を手に入れたのに対し、軍人に嫁いだ妹・陸沁檸は、夫の凌岳の不慮の死により、精神的なダメージを受け、昭妍を殺害してしまった。
しかし、二人は共に「再び」戻った。
沁檸は、今度こそ裕福になるため、前世の運命を逆転させるべく、昭妍の夫・鄺岳を奪い、殺害を企む。
だが、同じく前世の記憶を持つ昭妍は、沁檸の罠を見破り、凌岳の死を阻止した。
運命の歯車は、二人の愛と恨みの戦いで大きく変わる――。",182535,1297,61,1,0,6620,260,v3tpkx6050,1,スイート|甘いロマンス|バック・イン・タイム,Sweet|Sweet Romance|Back in Time
68be716afc052e9b6a074ad7,68be716afc052e9b6a074ad7,149000000000001508,皇帝の執愛は毒か蜜か,https://v-mps.crazymaplestudios.com/images/643be880-8fac-11f0-a06b-bdb674869ea1.jpg,2,1,1,東宮に入る前、顧雲黛は皇太子に路地裏で純潔を奪われた。東宮入りした彼女は、薬膳を用いてあのクズ皇太子を廃人にしてやろうと企む。ところが、皇太子の妃たちがなかなか身ごもらない中、なんと彼女が皇太子の子を身ごもってしまう。我が子を皇帝に即位させ、クズ男を捨てて皇太后の座に就くことこそ、人生で最も痛快なことだと、雲黛は考える。,154121,1246,61,1,0,8015,330,l0znh1aaek,1,とぼける,Playing Dumb
6912d390f81eadb8580c4b91,6912d390f81eadb8580c4b91,149000000000002234,恋敵を陥れるはずが、その花嫁になってしまいました,https://v-mps.crazymaplestudios.com/images/e9f083a0-c06c-11f0-84ad-6b5693b490dc.jpg,2,1,1,長年想いを寄せる沈逾白に尽くしてきた姜昭。しかし、彼から命じられたのは、彼の想い人・宋知薇の婚約者である謝璟に近づき、二人の仲を裂くことだった。自分が彼の愛する女性への「当てつけ」の道具でしかないと知った姜昭は、深く絶望する。そんな中、任務の相手であったはずの謝璟と偽りの関係を続けるうちに、二人の間には本物の愛が芽生え、ついに結婚する。すべてを失った沈逾白が後悔したときには、もう手遅れだった。,144469,1174,61,1,0,6969,236,lf97k2d9io,1,スイート|女性向けのドラマ,Sweet|Female
6923d3d1655c0a2f740ff18b,6923d3d1655c0a2f740ff18b,149000000000002388,今度こそ、付きまとわせない,https://v-mps.crazymaplestudios.com/images/23c09f60-c9e7-11f0-84ad-6b5693b490dc.jpg,2,1,1,席を譲っただけなのに、50歳の妊婦に父親だと迫られる趙凡。鑑定書まで突きつけられ…,47800,522,61,1,0,7842,258,5uj9sq5f6n,1,復讐|女性向けのドラマ,Revenge|Female
693127381e2a4c5c5906795d,693127381e2a4c5c5906795d,149000000000002438,奥様は、武術の心得が少々おありで,https://v-mps.crazymaplestudios.com/images/7a32cc00-d19f-11f0-84ad-6b5693b490dc.jpg,2,1,1,海外の謎の組織に育てられた、最強の人間兵器。それが彼女の正体。義父の死の真相を探るため、素性を偽り、名家の御曹司との政略結婚に応じる。相手は、親の庇護のもとで育った世間知らずで純粋な遊び人。冷酷な暗殺者と何も知らない御曹司――決して交わるはずのない二人の偽りの結婚生活。しかし、彼の飾らない優しさに触れるたび、凍てついた彼女の心が少しずつ溶かされていく。この想いは、任務を狂わせる毒か、それとも…,333085,2429,61,1,0,7609,367,o58jf7qheh,1,甘いロマンス|女性向けのドラマ,Sweet Romance|Female
6947f426d0cac076a802c0b1,6947f426d0cac076a802c0b1,149000000000002676,姉として、奪われた人生を取り戻す,https://v-mps.crazymaplestudios.com/images/9bcc1350-df17-11f0-84ad-6b5693b490dc.jpg,2,1,1,16年育てた妹は偽物だった。すり替えられた実の妹を守るため、姉は黒幕の陰謀に挑む。,24623,545,61,1,0,7998,246,2r7868ubh4,1,復讐|女性向けのドラマ,Revenge|Female
6674d683a97889d6bc0912b9,6674d683a97889d6bc0912b9,149000000000000064,私の サイバーな 彼、私の CEO,https://v-mps.crazymaplestudios.com/images/f925b700-2fd6-11ef-a6eb-0925fdddfb71.jpg,2,1,1,新卒の若い女性がファッションデザイナーの仕事に応募したが、CEOは彼女を母親が送ってきた結婚相手だと思い込んでいた。CEOはそのため、とても厳しく意地悪だったので、二人はうまくいかなかった。しかし、彼が知らなかったのは、彼女が実は彼のオンライン彼女だったということだ...,499310,3092,62,1,0,25435,261,13vdtf9jn9,1,女性向けのドラマ|オフィスラブ|身分を隠せ,Female|Office Romance|Hidden Identity
66ea70e87174efa8fa0af4a8,66ea70e87174efa8fa0af4a8,149000000000000423,時空を超えた恋,https://v-mps.crazymaplestudios.com/images/b95fafe0-7bf3-11ef-a2d6-41216ff1602c.jpg,2,1,1,太子は妃を選ぶことから逃げるために、侍を連れて城を出ました。ところが途中で野武士に襲われてしまいました。逃亡中、深い森に入り込み、ひょんなことからタイムスリップをしました。彼女はごく普通の子で、おじいさんが残してた骨董品店で暮らしていました。山の中腹にある別荘に書道や絵画を届けに行ったとき、偶然彼と出会いました。彼は怪我をして倒れました。病院で目を覚まし、新しい世界に驚いた彼は、その異常な言動が医師に脳損傷とストレス障害と誤解されました。彼の身元情報が分からないので、家に連れ帰って世話をするしかありませんでした。その時から二人は運命共同体になって、刺激的で楽しい生活を始めました…,179387,1161,62,1,0,25800,184,2jlvqspfhn,1,男向けのドラマ|スイート|バック・イン・タイム|タイムトラベル|ラブコメ|ロイヤル/貴族,Male|Sweet|Back in Time|Time Travel|Rom-Com|Royalty/Nobility
67e0e538601a256ad20ff98f,67e0e538601a256ad20ff98f,149000000000000555,照紅粧〜大将軍の帰還〜,https://v-mps.crazymaplestudios.com/images/9816b630-0ae1-11f0-a38f-0d66b56fc320.jpg,2,1,1,女将軍は夫を支えてきたが、父兄が戦死された後恩知らずの夫は別の女を連れてきた、彼女に二人の結婚を打ち明けた。そこで女将軍は自ら離縁を求め、自分の財産を奪還した後、国の為に裏切り者を捉えた。,1949675,12969,62,1,0,22318,194,94bdnejhsa,1,女性向けのドラマ|悪女ヒロイン|バック・イン・タイム|離婚後の愛|復讐|フィール・グッド|元帥/将軍|ストロングウィル,Female|Strong Heroine|Back in Time|Love After Divorce|Revenge|Feel-Good|Marshal/General|Strong-Willed
68c90dbb7bda5a0d7a00fb21,68c90dbb7bda5a0d7a00fb21,149000000000000932,凡人の私、神明を討つ,https://v-mps.crazymaplestudios.com/images/f979ce90-9776-11f0-a06b-bdb674869ea1.jpg,2,1,1,顧秋水は唐清盈の策略にはまり一家を破滅に追いやられ、その天を衝くほどの怨念によって魔神・碧落としての真の姿を覚醒させる。彼女は黄泉、忘川と手を組み復讐を開始。神々の包囲網が迫る中、夢境を操って反撃に転じる。三魔神が再び集結した時、神界は未曾有の大混乱に陥る。,168595,2135,62,1,0,7304,344,g0x4rtgf9e,1,スーパーウォーリアー|スーパーパワー|女性向けのドラマ,Super Warrior|Super Power|Female
691e73f1967bec54170e4a6b,691e73f1967bec54170e4a6b,149000000000002365,80年代に逆戻り、女神を奈落へ,https://v-mps.crazymaplestudios.com/images/cb988830-c6ca-11f0-84ad-6b5693b490dc.jpg,2,1,1,工場長の娘を救い強姦犯に。人生を奪われた彼が過去に戻り、自分を陥れた者たちに復讐する。,97809,975,62,1,0,7859,379,dqvscdtm6z,1,復讐|女性向けのドラマ,Revenge|Female
69367bf3f2d68d85c90d8125,69367bf3f2d68d85c90d8125,149000000000002483,跡継ぎ受難記,https://v-mps.crazymaplestudios.com/images/41f37ce0-dbc2-11f0-84ad-6b5693b490dc.jpg,2,1,1,5年前、恋人の江星雨が事故で失踪。付彦臣は彼女を裏切り者と憎むが、5年後、彼女の息子を助けたことで運命の再会を果たす。,50302,758,62,1,0,7958,248,et092zhqnt,1,とぼける,Playing Dumb
66a70d2c0efc5c24bb08ceb3,66a70d2c0efc5c24bb08ceb3,149000000000000065,8年越しの再会から、結婚へ,https://v-mps.crazymaplestudios.com/images/e74e0910-4f25-11ef-a96f-c3bf05c2bf9d.jpg,2,1,1,昔、彼のお母さんが彼女の家でメイドをしていた時に出会った。数年後、彼は一流の医者になり、裕福な家族が彼を迎え入れた。一方、彼女の家族の経済的な問題で彼女は学校を卒業できなかった。彼女は自分を支え、両親の借金を返済し、祖母の医療費を払うために複数の仕事をしていた...状況が変わった今、二人の愛はどうなるのだろうか？,1134347,16682,63,1,0,26368,318,upyl24m369,1,幼馴染みの恋人|再会|契約の恋人|二度目のチャンス|スピード婚,Childhood Sweetheart|Reunion|Contract Lovers|Second Chance|Flash Marriage
69251105b49dfa882e029c8b,69251105b49dfa882e029c8b,149000000000002378,最強の継母降臨、義理の息子を完全攻略,https://v-mps.crazymaplestudios.com/images/d75e56b0-cf51-11f0-84ad-6b5693b490dc.jpg,2,1,1,古代の女将軍が、現代に転生。彼女を待っていたのは、夫と…手に負えない反抗期の継子！？古代の武術と知略を武器に、彼女は次第に息子の心を開いていく。そして夫との間にも、前世から続く運命の愛が再燃するが…すべては、彼らを陥れる巨大な陰謀の序章に過ぎなかった。,193639,1458,63,1,0,7667,357,p3e5eqlqy8,1,とぼける,Playing Dumb
674d268bb2bc1c00b007d385,674d268bb2bc1c00b007d385,149000000000000488,君なら運命を変えられる,https://v-mps.crazymaplestudios.com/images/41f07d60-b6cf-11ef-a2d6-41216ff1602c.jpg,2,1,1,"封建的な山村に生まれた少女は、母親と支え合って生きていた。国際物理オリンピックで優勝した少女は、母との明るい未来を夢見ていた。しかし、叔父から強制結婚を迫られる中、母親がストレスで他界してしまう。
幸いにも知事が彼女に救いの手を差し伸べ、理想の大学への進学を果たした。数年にわたる努力の末、彼女はついに会社のCEOと上りつめた。故郷に戻った彼女は、過ちを犯した者たちを罰し、村の孤立と貧困問題に尽力するのであった。",221565,1006,64,1,0,26792,233,zedwv2k4bs,1,女性向けのドラマ|悪女ヒロイン|コンテンポラリー|復讐|済度|お涙ちょうだい|ストロングウィル|インディペンデント・ウーマン,Female|Strong Heroine|Contemporary|Revenge|Redemption|Tear-Jerker|Strong-Willed|Independent Woman
6757fc47001f77a5d908bcbd,6757fc47001f77a5d908bcbd,149000000000000551,歌姫後悔は禁物よ,https://v-mps.crazymaplestudios.com/images/f19d98d0-b934-11ef-a2d6-41216ff1602c.jpg,2,1,1,彼女は伝説的な歌姫で、突然引退を発表し七年間姿を消していた。その間彼女は失明した昔の恋人を見つけ一緒にいたが、視力が戻した彼の元を去りまたステージに立った。彼女の映像を見て彼がようやく、この人が恋人だと気づいたのだ。,833821,4588,64,1,0,26070,156,nph5aqoz7d,1,女性向けのドラマ|トキシック|コンテンポラリー|離婚後の愛|人違い|億万長者|相続人/社会人,Female|Toxic|Contemporary|Love After Divorce|Mistaken Identity|Billionaire|Heiress/Socialite
68be714afc052e9b6a074ac3,68be714afc052e9b6a074ac3,149000000000001379,鴻天帝尊,https://v-mps.crazymaplestudios.com/images/07472cd0-8fab-11f0-a06b-bdb674869ea1.jpg,2,1,1,主人公が架空の東方修練世界で根性よく逆境と向き合って、出身が悪くても頑張り続けて、もっともっと強くなろうとする話。,163577,1192,64,1,0,7290,223,lda5fjwz3v,1,とぼける,Playing Dumb
68be7185fc052e9b6a074ae5,68be7185fc052e9b6a074ae5,149000000000001513,あいにく、ヒロイン役なので,https://v-mps.crazymaplestudios.com/images/864fd0d0-8fac-11f0-a06b-bdb674869ea1.jpg,2,1,1,聖京の天才モデル・新星の唐寧は業界から追放されるも、彼氏の支えで乗り切る。彼の成功のために全てを捧げて尽力したが、婚姻届提出直前、新居で彼氏と親友の不倫現場を目撃してしまう。絶望の末、唐寧は墨霆とスピード婚を成し遂げ、自らの全てを取り戻すと決意したのだった。,594870,3704,64,1,0,6810,257,zs0qch8cz3,1,とぼける,Playing Dumb
68be719bfc052e9b6a074af5,68be719bfc052e9b6a074af5,149000000000001517,俺はただの獣医だけど,https://v-mps.crazymaplestudios.com/images/d0567490-979a-11f0-a06b-bdb674869ea1.jpg,2,1,1,李洪文は医聖ただ一人の弟子である。医聖は、妻と子が殺されたため、自らは医者でありながら救えなかった無力さに、姿を消して、世をはばかる獣医と名乗り、洪文に『獣経』という本を授けた。,444538,2692,64,1,0,7296,344,rbwpugtffi,1,とぼける,Playing Dumb
68f21125a846d57d9f0c1c95,68f21125a846d57d9f0c1c95,149000000000000941,見捨てられた私と娘の逆転人生,https://v-mps.crazymaplestudios.com/images/8bda0b60-aff0-11f0-a06b-bdb674869ea1.jpg,2,1,1,"夫に裏切られ、裕福な婚家からは娘と共に追い出された秦江南。
人生のどん底で彼女を救ったのは、心に傷を負う元軍人・趙寧升だった。彼の愛に支えられ、彼女は眠っていた裁縫の才能を開花させていく。
捨てられた妻から、力強い女社長へ──。自分を虐げた者たちを見返す、痛快な逆転劇が今、幕を開ける。",613768,3817,64,1,0,8639,330,brq5rw55xj,1,復讐|女性向けのドラマ,Revenge|Female
69154123622b8c4a750854fb,69154123622b8c4a750854fb,149000000000002250,道士様、お弟子さんがまた騒ぎを！,https://v-mps.crazymaplestudios.com/images/08ee6b50-c91e-11f0-84ad-6b5693b490dc.jpg,2,1,1,出会うはずのなかった二人。一人は、孤独を運命づけられた人間の少年。もう一人は、一族の憎しみを背負う美しき妖怪。その出会いは、世界を救う「希望」となるか、それともすべてを終わらせる「呪い」となるか。百年の時を超えた因縁が今、動き出す。,46978,614,64,1,0,7107,264,aj2az8wqqv,1,スーパーパワー|女性向けのドラマ,Super Power|Female
6926d628695299b1e4051b44,6926d628695299b1e4051b44,149000000000002405,失った世界の果てで、あなたを見つけた,https://v-mps.crazymaplestudios.com/images/61699970-ce88-11f0-84ad-6b5693b490dc.jpg,2,1,1,恋人に裏切られ、家も未来も失った彼女が選んだ最後の切り札。それは、再会したばかりの大企業のCEOに、その場で結婚を申し込むことだった。「私が断るとでも？」彼の瞳の奥に隠された真意とは—,330514,3234,64,1,0,8198,329,fxv6073d51,1,甘いロマンス|女性向けのドラマ,Sweet Romance|Female
69412adcc818ef47b30087dd,69412adcc818ef47b30087dd,149000000000002581,欲望の檻から逃れて,https://v-mps.crazymaplestudios.com/images/6096d7f0-dfd2-11f0-84ad-6b5693b490dc.jpg,2,1,1,前世、黎北念はすべてを奪われた。再生後、彼女は人前で婚約者の偽善の仮面を引き裂き、逆襲を開始する。そして手を結んだのは、穆家で最も危険な男。「協力しない？」と持ちかけた彼女に、彼は圧倒的な力で主導権を握り返し、こう宣告した。「協力？ 違うな…俺は、お前の男になりたいんだ」その日から、財界の頂点に立つ穆家の後継者が、一人の女性にのみ膝を折り、全てを捧げるという噂が広まった——,299565,12242,64,1,0,290717,12007,0dgrblsc1t,1,とぼける,Playing Dumb
6784d3c1b2cf90cc700c696f,6784d3c1b2cf90cc700c696f,149000000000000558,太陽のような君と巡り逢う,https://v-mps.crazymaplestudios.com/images/3fe567c0-d3f2-11ef-9487-233a2ec55662.jpg,2,1,1,いじめられ、初恋の人と別れさせられた彼女は、苦しみの中で精神病院に入院し、そこで娘を出産しました。5年後、娘と共に必死に生きる彼女の前に、かつて彼女を苦しめた人々が再び現れます。彼女を離れた初恋の人は有名な弁護士になっていました。偶然街で再会したとき、二人は失った愛を取り戻せるのでしょうか？,1501400,8769,65,1,0,26427,234,uwqeq7glqk,1,女性向けのドラマ|二度目のチャンス|コンテンポラリー|再会|お涙ちょうだい|無邪気な乙女,Female|Second Chance|Contemporary|Reunion|Tear-Jerker|Innocent Damsel
68e9c89948bb317ef60ab75c,68e9c89948bb317ef60ab75c,149000000000001521,離縁した私、世子に嫁ぎ子育て逆襲,https://v-mps.crazymaplestudios.com/images/4f0b3ef0-afd4-11f0-a06b-bdb674869ea1.jpg,2,1,1,前世で養子に裏切られ毒殺された侯爵家の女主人、紀初禾。生まれ変わった彼女は、夫の裏切りを知り、復讐を決意する。一方、彼女に長年想いを寄せる国公府の世子、姫君堯は、彼女が離縁したことを知ると、すぐさま想いを告げ、二人は結婚する。冷酷非情な彼が、彼女にだけ見せる甘い顔とは裏腹に、二人の前には様々な困難が待ち受けていた。,176711,1207,65,1,0,7841,320,2kq1225agx,1,とぼける,Playing Dumb
6923e12fd7a5e951dc02b53b,6923e12fd7a5e951dc02b53b,149000000000002399,復縁はお断り 交渉専門、恋愛抜きで,https://v-mps.crazymaplestudios.com/images/b9fe5af0-c9ea-11f0-84ad-6b5693b490dc.jpg,2,1,1,夫に殺され1年前に転生した弁護士。知恵と予知能力でクズ夫に復讐し、真実の愛を掴む。痛快な逆転劇！,246813,1995,65,1,0,6829,237,a0p4vgbhke,1,甘いロマンス|女性向けのドラマ,Sweet Romance|Female
69315a59a9461b90e008d151,69315a59a9461b90e008d151,149000000000002429,危険な口づけ,https://v-mps.crazymaplestudios.com/images/9d861760-d5ab-11f0-84ad-6b5693b490dc.jpg,2,1,1,没落令嬢の沈璃は、実母によって支配欲の強い財閥トップ・鐘宇と婚約させられる。結婚式当日に逃げ出した彼女は、地下レーサー池野の縄張りに迷い込む。誰も知らない彼のもう一つの顔。危険で魅力的な2人の恋が始まる。,76607,1254,65,1,0,7260,302,2jy7jnqwew,1,復讐|女性向けのドラマ,Revenge|Female
6939094cf39a2103340aec78,6939094cf39a2103340aec78,149000000000002504,お嬢様が戻ったら、幼馴染3人は大慌て,https://v-mps.crazymaplestudios.com/images/87988290-d72b-11f0-84ad-6b5693b490dc.jpg,2,1,1,前世で裏切られ命を落とした許時清。22歳で回帰し、復讐を開始。彼女を想う御曹司と組み、裏切り者たちを破滅に追い込む。,208640,1985,65,1,0,7383,277,7qtujrhls6,1,グループのお気に入り|女性向けのドラマ,Group Favorite|Female
694221e1accc96aed30ce017,694221e1accc96aed30ce017,149000000000002589,ぬいぐるみの子、喧嘩は最強,https://v-mps.crazymaplestudios.com/images/ba8f1430-df1d-11f0-84ad-6b5693b490dc.jpg,2,1,1,財界の“氷のCEO”顧雲琛は命を狙われ護衛も歯が立たない。紹介された達人は、抱っこをねだる6歳の少女・林萌萌。彼女が人形で最強の殺し屋を倒すのを見て、顧雲琛はこのあり得ない現実を受け入れるしかなかった…。,43515,684,65,1,0,6832,232,3218it8k1x,1,身分を隠せ|女性向けのドラマ,Hidden Identity|Female
66def53feedb5a71d005829e,66def53feedb5a71d005829e,149000000000000436,左手に家族愛右手に恨み,https://v-mps.crazymaplestudios.com/images/afa38650-70f6-11ef-a2d6-41216ff1602c.jpg,2,1,1,男尊女卑が酷い生みの母親の手によって、彼女は別の子と交換され、跡取りから貧乏人うちの娘となった。偶然にも、彼女は偽物の跡取りと出会った。真相を知った偽物は富みと地位の為に、彼女を殺そうとした。迫ってくる危機に直面して、彼女は一体どうすれば…,612561,3343,66,1,0,26454,170,1wbcqyeski,1,女性向けのドラマ|家族ドラマ|コンテンポラリー|人違い|迷子|再会|相続人/社会人|ストロングウィル,Female|Family Drama|Contemporary|Mistaken Identity|Lost Child|Reunion|Heiress/Socialite|Strong-Willed
66f121f9000b0ac5520edc97,66f121f9000b0ac5520edc97,149000000000001055,ママは修羅,https://v-mps.crazymaplestudios.com/images/ed929080-85f2-11ef-a2d6-41216ff1602c.jpg,2,1,1,"15年前、私は組織のトップ級の暗殺者だったけど、暴力的な日々に疲れて引退することにした。それからは静かな生活を送り、娘と一緒に質素なバーベキュー屋台を営んで暮らしていた。
15年後、娘が学校でいじめに遭い、いろんな事件に巻き込まれて大変な思いをしていた。
もう仕方ないわね、再び表に出ることにするしかないわ！もし娘に何かあったら、あなたたちには全員代償を払って貰うよ！",1315100,9638,66,1,0,10684,272,ssxlts8gn2,1,女性向けのドラマ|家族ドラマ|コンテンポラリー|復讐|身分を隠せ|聖なる親族|インディペンデント・ウーマン,Female|Family Drama|Contemporary|Revenge|Hidden Identity|Saintly Parent|Independent Woman
680b4059d00d3e4f3400df6e,680b4059d00d3e4f3400df6e,149000000000000763,今世は自分のために生る！,https://v-mps.crazymaplestudios.com/images/e8de48d0-25b7-11f0-8c20-e583157ad7f8.jpg,2,1,1,"喬億瑶は幼くして母を亡くし、病気の父のために骨髄を提供した。
しかし、父はそんな彼女を疎み、死にゆく姿をただ見ているだけだった。
――そして彼女は1年前に転生する。
今度こそ、自分のために生きると決めた喬億瑶は、父への提供を断り、芸能界で夢を追い始める。",769470,4542,66,1,0,5785,182,cxeoydiy87,1,転生|復讐|女性向けのドラマ|ファミリー|家族ドラマ|インディペンデント・ウーマン|コンテンポラリー,Rebirth|Revenge|Female|Family|Family Drama|Independent Woman|Contemporary
68197e4c8fc3a17c14027d5b,68197e4c8fc3a17c14027d5b,149000000000000780,拳を捨てた女王、もう一度リングへ,https://v-mps.crazymaplestudios.com/images/2c169120-3170-11f0-b65a-27549cd2a91e.jpg,2,1,1,"謎の女子ボクサー・蘇清雅は、愛のために引退し、人気絶頂期に姿を消した。実は、正体を隠して陸亜宸と結婚し、娘を育て、夫と姑に尽くす日々を送っていた。だが、胃がんで若くして他界。臨終の時に夫が他の女性とお見合いしていると知り、胸を痛めながらも祝福の言葉を残す。
転生した蘇清雅は、自身の健康と幸せを最優先に考えながらも、夫婦関係は再び崩壊。娘と共に新しい人生を歩みながら、再びボクシング界へ。そこで彼女は驚きの事実を知る。元夫の新しい恋人・張芙が、自分の名を騙り「伝説の女拳王」として世間を欺いていたのだ。
そして運命のリング。初戦の相手は、かつての夫・陸亜宸。彼は彼女を見下し、リングを降りるよう説得するが、蘇清雅は冷静にそれを跳ね除ける。圧倒的な実力と唯一無二のコンビネーションで勝利を収め、観客を魅了し、真の正体を証明する。すべてを奪った張芙が糾弾される中、蘇清雅はもう迷わない。彼女はただ、自分の人生を拳で切り開いていく――。",569615,3896,66,1,0,7558,234,q0vton2an4,1,転生|復讐|女性向けのドラマ|身分を隠せ|多重アイデンティティ|コンテンポラリー,Rebirth|Revenge|Female|Hidden Identity|Multiple Identity|Contemporary
68aea9e4fb29ff9c950963ca,68aea9e4fb29ff9c950963ca,149000000000000902,甘い棘,https://v-mps.crazymaplestudios.com/images/af0e7540-84b6-11f0-a06b-bdb674869ea1.jpg,2,1,1,出生により母を狂わせた“災いの子”・夏語冰。舅・夏弈の手で日光も知らずに育てられ、やがては事業の道具として利用される。彼女の人生はまさに傀儡——そんな彼女の前に現れたのは、遊邑会の若頭・陸默成。暗黒の世界の男は、彼女に救いの手を差し伸べるのか、それともさらに深い闇へと引きずり込むのか…？,204709,1360,66,1,0,7911,247,j1yh91ejpy,1,契約の恋人|復讐|女性向けのドラマ,Contract Lovers|Revenge|Female
68be744b5513b35c6906bbb6,68be744b5513b35c6906bbb6,149000000000000928,幼女転生！ダメ父親を大富豪に！,https://v-mps.crazymaplestudios.com/images/6dbe3bd0-8e10-11f0-a06b-bdb674869ea1.jpg,2,1,1,"大鳳国の皇女・江璃は成人を迎えた日、気がつくと江家の令嬢・江棠棠（８歳）に転生していた。しかし、愛情も地位も偽物の令嬢（妹）に奪われ、さらには大馬鹿で有名な男との縁談話まで決まっていた…！ 
地獄の運命を変えるため、棠棠が新たに選んだ“父親”は、一族から役立たずと蔑まれる江家の長男!? 棠棠は元皇女の誇りと知恵を武器に、最底辺の父を頂点へ――陰謀渦巻く江家で始まる逆転劇！",613240,4262,66,1,0,7121,324,nk2hqmgeuk,1,甘いロマンス|スイート|女性向けのドラマ,Sweet Romance|Sweet|Female
69367bedf2d68d85c90d8119,69367bedf2d68d85c90d8119,149000000000002485,婚約書一枚で、皇帝にさせられた,https://v-mps.crazymaplestudios.com/images/970d4c60-dc9e-11f0-84ad-6b5693b490dc.jpg,2,1,1,武を捨て文官となった梁蕭。婚約者を救うも「ひ弱な書生」と罵られ裏切られる。だが文を学んだとて戦の術は忘れない。彼は再び立ち、天下統一を目指す！,30797,656,66,1,0,7139,228,kpgo5aj5kw,1,復讐,Revenge
68be717ffc052e9b6a074ae3,68be717ffc052e9b6a074ae3,149000000000001512,状元の悔い,https://v-mps.crazymaplestudios.com/images/7b6aa960-8fac-11f0-a06b-bdb674869ea1.jpg,2,1,1,沈昭は、落ちぶれた少年・陸今安を拾い、彼と結婚した。沈昭はずっと陸今安が科挙の首席となってから、京の都へ迎え入れられることを待ち望んでる。しかし、陸今安は寧国公家の嫡女である林寒落と結婚した。真実を知った林寒落は、沈昭に対し、あらゆる侮辱と屈辱を与えた。,77334,611,67,1,0,6744,225,4o0cje6qaj,1,とぼける,Playing Dumb
68e72918dc9549c2940ea088,68e72918dc9549c2940ea088,149000000000000937,"一番愛され令嬢のシナリオ
～お嬢様は美しく最強～",https://v-mps.crazymaplestudios.com/images/c1a664a0-a8c0-11f0-a06b-bdb674869ea1.jpg,2,1,1,18年間、本当の家族と離れて暮らしていた顧熙瑶が、京城の名家・顧家へと戻ってくる。しかし、養女の顧雨柔に陥れられ、祖母からは「田舎者」と疎まれる始末。だが、天才バイオリニスト、高級ジュエリーデザイナー、ゴッドハンドを持つ名医…それらはすべて、熙瑶の秘密の顔に過ぎなかった。婚約者であった裴憬琛は彼女との婚約を破棄するが、裏では甘い態度で彼女を誘惑してくる。ある日、熙瑶の「裏の顔」が次々と暴かれ、二人は自分たちの運命がとっくの昔に決まっていたことに気づくのだった。,773190,5791,67,1,0,8495,377,eyl2ztvt0n,1,グループのお気に入り|女性向けのドラマ,Group Favorite|Female
66d555cf63afab9d890cef1d,66d555cf63afab9d890cef1d,149000000000000430,家族愛は手の届くところにあり,https://v-mps.crazymaplestudios.com/images/784dd150-86f5-11ef-a2d6-41216ff1602c.jpg,2,1,1,18年前の交通事故で、とある大家族の次女は兄を救う中で大量に出血して、瀕死状態になってました。嵐の夜、男の子を贔屓にする祖父に容赦なく見捨てられました。彼女の人生が終わりかけていた時、善良なゴミ拾いが彼女を見つけました、若い生命が逝っていくことに忍びない彼はあらゆる努力を尽くして彼女を救って、そして彼女に新しい名前をつけました。苦しい生活をしてますが、この勇敢な女の子にとって、家族愛はいつも手の届くところにあります。さて、彼女の人生はどうなるのでしょう?,160955,724,68,1,0,25801,150,t6mw7ck4ys,1,女性向けのドラマ|家族ドラマ|コンテンポラリー|迷子|人違い|聖なる親族|相続人/社会人|ストロングウィル,Female|Family Drama|Contemporary|Lost Child|Mistaken Identity|Saintly Parent|Heiress/Socialite|Strong-Willed
68be7331fc052e9b6a074ba5,68be7331fc052e9b6a074ba5,149000000000001478,転生した実母、息子たちの修羅場に立つ,https://v-mps.crazymaplestudios.com/images/6e66e510-afd4-11f0-a06b-bdb674869ea1.jpg,2,1,1,林絮は、ごく平凡で幸せな生活を送っていたが、不慮の交通事故で命を落としてしまう。死の間際、彼女は20年後の子供たちの悲惨な未来を目の当たりにする。そして再び目を開けると、なんと20年後の世界にタイムスリップしていたのだった。,202177,1617,68,1,0,8750,410,sf6ow0o1ah,1,とぼける,Playing Dumb
68e9c860e22e722417038f2f,68e9c860e22e722417038f2f,149000000000001518,俺だけが見える運命の刻限,https://v-mps.crazymaplestudios.com/images/c31ccc10-afd3-11f0-a06b-bdb674869ea1.jpg,2,1,1,妻に裏切られ、人生のどん底にいた配達員の蘇辰。ある事故をきっかけに、彼は人の「余命」が見えるという禁断の能力を手に入れる。その力は、彼を屈辱から救い出し、巨万の富と美女たちをもたらす鍵となるのか。平凡な男の、予測不能な逆転劇が今、始まる。,355948,2221,68,1,0,7467,317,y3p74w4l78,1,とぼける,Playing Dumb
66a7107729eb05020b04815a,66a7107729eb05020b04815a,149000000000000183,パパ候補は億万長者！,https://v-mps.crazymaplestudios.com/images/8b1ec370-4f28-11ef-a96f-c3bf05c2bf9d.jpg,2,1,1,数年前の一夜の過ちで彼女はシングルマザーに。昔住んでいた街に戻り、息子と新しい生活を始めようとする。空港で息子が見知らぬ人に名刺を渡し、「パパになって」と頼む。驚いたことに、その人はあの一夜の相手だった！,1599771,17872,69,1,0,27894,219,pi3xj3ynf5,1,女性向けのドラマ|スイート|コンテンポラリー|ワンナイトラブ|天才ベビー,Female|Sweet|Contemporary|One Night Stand|Genius Babies
67283ec4e7ae7b91c402f7b4,67283ec4e7ae7b91c402f7b4,149000000000001164,生まれ変わった彼女はカッコ良すぎ,https://v-mps.crazymaplestudios.com/images/351f31b0-9d86-11ef-a2d6-41216ff1602c.jpg,2,1,1,"孤児院から連れ戻された江内睦月はずっと家族の愛を渇望してたが、親と兄弟の偏見のせいで無視され続けてきて、胃病ががんになった。家族は皆養女である江内梨恵の話しか信じない。結局睦月は養女に追い出されて惨殺されたが、最期に唯一助けてくれた是永旭に出会った。
生まれ変わって18歳に戻った睦月は家族との関係を一切断絶し、自分の発展に集中した。是永旭の前世の恩を報いるために、彼女は自分の長所を生かして、親友の佐藤雪奈と三人で永安製薬を企業し、漢方薬の復興を狙った。彼女は江内家を自分のものにし、江内梨恵を懲らしめ、復讐した後是永旭と幸せに生活していた。",1048561,4942,69,1,0,11923,126,rynu84ktnf,1,転生|女性向けのドラマ|悪女ヒロイン|コンテンポラリー|復讐|億万長者|ストロングウィル,Reincarnation|Female|Strong Heroine|Contemporary|Revenge|Billionaire|Strong-Willed
675a9c6e2bb88510c609793b,675a9c6e2bb88510c609793b,149000000000001299,電撃婚！子連れ母と総裁の溺愛生活,https://v-mps.crazymaplestudios.com/images/ab98e5f0-bdd6-11ef-a2d6-41216ff1602c.jpg,2,1,1,6年前、女性は誤って社長と関係を持ち、生まれた双子のうち1人が奪われてしまった。6年後、お見合い中に女性は席を間違え、偶然家政婦を探していた社長をお見合い相手だと思い込んでしまう。その時、社長の息子が飛び出してきて、女性の足にしがみつきながら「ママ！」と呼び始めるが…。,1847672,11390,69,1,0,28546,157,dodaequg3y,1,スピード婚|女性向けのドラマ|スイート|コンテンポラリー|天才ベビー|ワンナイトラブ|億万長者|楽天的,Flash Marriage|Female|Sweet|Contemporary|Genius Babies|One Night Stand|Billionaire|Happy-Go-Lucky
690c08a84310b7936a0238fa,690c08a84310b7936a0238fa,149000000000002206,捨てられ福の神、父を天下人へ,https://v-mps.crazymaplestudios.com/images/84a6ae50-be07-11f0-b4b4-bd031586a1b7.jpg,2,1,1,天界きっての福の神、謝幼薇。皇太子の嫡女として生を受けた彼女を待っていたのは、実の父親による無情な裏切りだった。死の淵をさまよう彼女を救ったのは、足が不自由なことから都中の笑い者とされている『閑王』。その日から、二人の運命を覆す物語が始まる。幼薇の持つ不思議な幸運の力は、閑王の足の疾を癒し、皇帝の命を救い、天災さえも退けていく。やがて、渦巻く宮廷の権力闘争の中で、彼女は自身の出生に隠された衝撃の真実を知ることに。一方、皇太子の座を盤石なものにしたい父は、偽りの福女謝静姝を娘に仕立て上げる。真実の福の神と、偽りの福の神。最後に帝位につき、国を、そして愛する家族を守るのは、果たしてどちらの運命か？,447659,2878,69,1,0,8278,361,40ahtihavd,1,スイート|甘いロマンス|女性向けのドラマ,Sweet|Sweet Romance|Female
6923e134d7a5e951dc02b54b,6923e134d7a5e951dc02b54b,149000000000002398,千夜の果てに,https://v-mps.crazymaplestudios.com/images/5c7db2f0-c9e9-11f0-84ad-6b5693b490dc.jpg,2,1,1,結婚式の日にタイムリープした姉妹。妹は姉の玉の輿婚を奪い、貧しい警備員を押し付ける。だが、その夫こそ本物の大富豪だった。,315845,2823,69,1,0,7278,328,wt02mbidqe,1,甘いロマンス|女性向けのドラマ,Sweet Romance|Female
6926b5c9e1ed9a36770c20bf,6926b5c9e1ed9a36770c20bf,149000000000002402,龍神～その男、我が子の父親につき～,https://v-mps.crazymaplestudios.com/images/57f73280-cea1-11f0-84ad-6b5693b490dc.jpg,2,1,1,人生を失ったあの日、私を救ってくれたのは、正体不明のあなただった。四年後、五つ子のシングルマザーとして懸命に生きる私の前に、再び彼が現れる。なぜかいつも側にいて、窮地から救い出してくれる彼に惹かれていくが、彼には大きな秘密があった。子供たちが仕掛けた「パパ契約」が、二人の運命を、そして世界の真実さえも大きく揺さぶり始める。,112435,1242,69,1,0,8273,361,xv24g62lx9,1,天才ベビー|女性向けのドラマ,Genius Babies|Female
694128c92d7cd5389508d5c0,694128c92d7cd5389508d5c0,149000000000002588,役にのめり込みすぎて,https://v-mps.crazymaplestudios.com/images/bcc2d890-dcb6-11f0-84ad-6b5693b490dc.jpg,2,1,1,父親の支配から逃れるため、女優・安初虞は路氏グループ社長・路筝と契約結婚を結ぶ。半年間、互いに干渉しない約束で始まった結婚生活。しかし、安初虞は路筝をファッションショーの練習台として次々と試練に立ち向かう中で、次第に彼に本気で惹かれていく。偽りの関係から心が通じ合い、二人の恋がどんな未来が待っているのか…,62599,1241,69,1,0,7722,290,amaiaxoz29,1,とぼける,Playing Dumb
69412a3bb2cc8903f808a401,69412a3bb2cc8903f808a401,149000000000002585,没落令嬢の逆転術～未来の権臣、私が育てます～,https://v-mps.crazymaplestudios.com/images/3104b9b0-dfc5-11f0-84ad-6b5693b490dc.jpg,2,1,1,すべてを失った。信じた者に裏切られ、家族も、美貌も、その命さえも。暗闇の中にいたはずの南宝衣が再び目を開けた時、彼女はまだ何も失っていない過去に戻っていた。破滅を回避し、復讐を果たすために彼女が選んだ唯一の道。それは、屋敷の片隅で蔑まれる一人の養子に、己の運命すべてを賭ける。,13631,518,69,1,0,7517,333,w3o09pybqf,1,とぼける,Playing Dumb
666172de465800d37d045ed4,666172de465800d37d045ed4,149000000000000012,完璧なCEOの妻…ボディガードが見つけた真実とは…,https://v-mps.crazymaplestudios.com/images/fcb754f0-56b4-11ef-838e-777d81c2a9c7.jpg,2,1,1,彼は本当の正体を隠し、美しいCEOの妻を守るために警備員の役割を演じました。彼女を守り、彼女のライバルたちを対処しながら、会社の危機も乗り越えていきます。時間が経つにつれて、ついに彼は契約結婚したCEOの妻の心を射止めるのです...,226760,1248,70,1,0,26677,186,qhkyat0gwh,1,身分を隠せ|契約の恋人|守る夫|億万長者|男向けのドラマ,Hidden Identity|Contract Lovers|Protective Husband|Billionaire|Male
667a8612edcec1979300b65b,667a8612edcec1979300b65b,149000000000000320,結婚に隠された復讐,https://v-mps.crazymaplestudios.com/images/1e1514f0-4b36-11ef-a96f-c3bf05c2bf9d.jpg,2,1,1,最も裕福な家族の娘は、身分の隠しをしながら、彼氏を芸能界でスターになれるように手助けしました。しかし、恩知らずの男に嘲笑され離婚された後、彼女は偶然出会った男性と急遽結婚することで復讐を決意しました。すると、新しい夫は業界のトップであることが判明しました！このパワーカップルは、元彼を打ち破り、彼の周りの裏切り者を暴露するために共に行動を開始します。,376747,1747,70,1,0,28780,183,d51rxbf937,1,Identidad Oculta|Femenino|Dulce|Contemporáneo|Matrimonio relámpago|Amor después del matrimonio|multimillonario|Heredera/socialité,Identidad Oculta|Femenino|Dulce|Contemporáneo|Matrimonio relámpago|Amor después del matrimonio|multimillonario|Heredera/socialité
66a1b0011b0a0dea9807b653,66a1b0011b0a0dea9807b653,149000000000001045,黒神話：私の師匠は孫悟空です,https://v-mps.crazymaplestudios.com/images/7f299210-4b37-11ef-a96f-c3bf05c2bf9d.jpg,2,1,1,彼は裏切られ、奈落の底に突き落とされた。そこで思いがけず出会ったのは、伝説の大妖怪、孫悟空！悟空の弟子となり、超絶なる神通力を叩き込まれた彼は、再び仙人への道を歩み始める。最強の師弟コンビは、あらゆる悪を討ち、積年の恨みを晴らしていく！,757231,10671,70,1,0,12246,287,uikhnuhc98,1,男向けのドラマ|立身出世|ファンタジー|復讐|身分を隠せ|不可思議|不老不死,Male|Rags to Riches|Fantasy|Revenge|Hidden Identity|Mystery|Immortal
66a1b0011b0a0dea9807b653,66a1b0011b0a0dea9807b653,149000000000001045,黒神話：私の師匠は孫悟空です,https://v-mps.crazymaplestudios.com/images/7f299210-4b37-11ef-a96f-c3bf05c2bf9d.jpg,2,1,1,彼は裏切られ、奈落の底に突き落とされた。そこで思いがけず出会ったのは、伝説の大妖怪、孫悟空！悟空の弟子となり、超絶なる神通力を叩き込まれた彼は、再び仙人への道を歩み始める。最強の師弟コンビは、あらゆる悪を討ち、積年の恨みを晴らしていく！,757990,10681,70,1,0,12246,287,uikhnuhc98,1,男向けのドラマ|立身出世|ファンタジー|復讐|身分を隠せ|不可思議|不老不死,Male|Rags to Riches|Fantasy|Revenge|Hidden Identity|Mystery|Immortal
66b97e1e6219edcd5802f384,66b97e1e6219edcd5802f384,149000000000000354,偽りの令嬢,https://v-mps.crazymaplestudios.com/images/f83aec50-5a1c-11ef-838e-777d81c2a9c7.jpg,2,1,1,誘拐され、偽名を与えられ、過酷な運命を辿るも、ついに家族と再会！身分を取り戻したあなたは、かつて裏切った夫を決して許さない！真実を暴くため、あなたは身分を隠し、元夫の会社へ潜入。しかし、何者かによってあなたの存在は利用され、陰湿ないじめに遭ってしまう。それでもあなたは諦めない。あらゆる困難にも屈せず、真実を追い求める。そしてついにあなたは、新たなCEOとして返り咲く!,864719,6001,70,1,0,28311,229,r1tfvlvhsn,1,女性向けのドラマ|悪女ヒロイン|コンテンポラリー|迷子|再会|身分を隠せ|億万長者|相続人/社会人,Female|Strong Heroine|Contemporary|Lost Child|Reunion|Hidden Identity|Billionaire|Heiress/Socialite
66d142b9a164224bb50c04bc,66d142b9a164224bb50c04bc,149000000000001094,聞こえない彼女は億万長者の孫娘,https://v-mps.crazymaplestudios.com/images/5a0f6bb0-9d96-11ef-a2d6-41216ff1602c.jpg,2,1,1,彼女は最初から彼の前で聾唖のふりをしてきたが、彼に嫌われ続けてやめてしまった。だが、彼女の本当の身分がつい明かされた。果たして彼女はこの分不相応の恋をコントロールできるのか、そして本当に新しい生活に馴染めるのか。,1152017,5433,70,1,0,12439,186,5hjffhp7b6,1,身分を隠せ,Hidden Identity
6710f5f76052bbd7a708fbba,6710f5f76052bbd7a708fbba,149000000000000496,反撃の刃: 裏切られたダメ夫は大英雄？！,https://v-mps.crazymaplestudios.com/images/8bc53670-9130-11ef-a2d6-41216ff1602c.jpg,2,1,1,"三年間の戦いの末、妻は勝利を収めて帰還。しかし予想外にも、彼女は妊娠していた！かつて帝国軍の大元帥として名を馳せた夫は、両親の遺志に従い軍を退き、戦場での輝かしい未来を夢見る野心的な女と結婚した。妻の出征前、夫は伝説の槍を贈り、戦場での栄光を期待していたが…

三年後、彼女は銀の鎧をまとい、妊娠して他の男の手を握って帰ってきた。そして離婚届を差し出し、「私の夫は、強く立つ英雄でなければならない。力のない学者なんて嫌だ」と宣言した。

彼女が知らなかったのは、彼女が結婚した一見無力な男が実は帝国の守護神だったこと。彼が再び元帥の鎧をまとい、伝説の武器を手にしたとき、彼女はかつて軽蔑した男の真の姿に気づくのだった。",2464635,13683,70,1,0,28429,266,d80qpcuags,1,男向けのドラマ|カムバックストーリー|ファンタジー|あまりに遅すぎる|身分を隠せ|スーパーパワー|スーパーウォーリアー|ストロングウィル,Male|Comeback Story|Fantasy|All-Too-Late|Hidden Identity|Super Power|Super Warrior|Strong-Willed
67283f585b394bd0f106bc28,67283f585b394bd0f106bc28,149000000000001133,社長夫人のバイト物語,https://v-mps.crazymaplestudios.com/images/b180c550-9c39-11ef-a2d6-41216ff1602c.jpg,2,1,1,お見合いの相手とスピード婚をした後、彼女は夫が大手のCEOであることに気づいた。 自分の正体を隠すため、彼女は夫の会社で清掃業者のふりをしたが、野心家のいとこからの嫌がらせを受け続けている。プレッシャーに耐えかねた彼女は、自分がCEOの妻であることを明かし、無視される従業員から権力者の寵愛を受ける伴侶となり、ついに自分の未来を切り開いた。,3123666,19140,70,1,0,12091,304,3flxjg85cz,1,身分を隠せ|女性向けのドラマ|スイート|コンテンポラリー|オフィスラブ|億万長者|楽天的,Hidden Identity|Female|Sweet|Contemporary|Office Romance|Billionaire|Happy-Go-Lucky
67452bf2e36fa91392010bcb,67452bf2e36fa91392010bcb,149000000000001233,毒家族とおさらば,https://v-mps.crazymaplestudios.com/images/27c536c0-adfa-11ef-a2d6-41216ff1602c.jpg,2,1,1,前世彼は家族に無視され、兄弟に裏切られてきたため死んでしまった。絶望して死ぬ直前に、彼は10年前の誕生日にタイムスリップした。最後に彼の姉が彼の部屋に入り、家族の無視を耐え続けてきた彼の人生がやっと明かされた。だが、彼はもう家族全員に失望してしまった。,611141,3049,70,1,0,26612,257,ilgrq7ta66,1,復讐|男向けのドラマ|立身出世|コンテンポラリー|ストロングウィル,Revenge|Male|Rags to Riches|Contemporary|Strong-Willed
680b40ad42683004ab00aac1,680b40ad42683004ab00aac1,149000000000000744,天才のリベンジ,https://v-mps.crazymaplestudios.com/images/7ac271f0-2bd4-11f0-93de-cb0b88a6d7a9.jpg,2,1,1,地球最年少の科学者という称号を持ちながら、蘇辰の人生は悲劇に満ちていた。生まれ変わった彼は、家族と距離を置き、自分自身のために生きる道を選ぶ。今度こそ、弱さに屈することなく、その天才的な頭脳をもって家族だけでなく、クラスメート、学校、そして世界中にその存在を証明してみせた──彼こそ、誰にも侮られない真の天才だった。,562445,3138,70,1,0,6327,206,wk9yakawwb,1,男向けのドラマ|転生|復讐|コンテンポラリー,Male|Rebirth|Revenge|Contemporary
687f0cb8dde752ed6f0436d3,687f0cb8dde752ed6f0436d3,149000000000000684,慕機長、奥様が高跳びしました,https://v-mps.crazymaplestudios.com/images/1e3fabb0-6c2e-11f0-a06b-bdb674869ea1.jpg,2,1,1,雲霆航空会長の娘、葉清梨は、パイロットの夢を捨て、夫慕懐遠の航空管制係としての仕事を支えた。しかし7年後、彼が客室乗務員姜詩瑶と不倫していることを知る。胃癌と闘いながらも治療を拒み、離婚を要求する夫の前で働き続けるセレネ。自分がどれだけ彼のために犠牲になってきたかに気づき、離婚に同意し実家に戻る。ようやく葉清梨への依存に気づき後悔する慕懐遠だったが、彼女は既に前を向いており、彼の謝罪は永遠に届かないかもしれなかった。,440469,2007,70,1,0,5798,177,uo45t5xhtr,1,再会|女性向けのドラマ|中毒性がある恋愛|トキシック|あまりに遅すぎる|コンテンポラリー,Reunion|Female|Toxic Love|Toxic|All-Too-Late|Contemporary
687f0cdb6bfbadcf6f0a1e0e,687f0cdb6bfbadcf6f0a1e0e,149000000000000754,40歳、ゼロから芸能界！,https://v-mps.crazymaplestudios.com/images/3260de70-6c2e-11f0-a06b-bdb674869ea1.jpg,2,1,1,"二十年以上専業主婦だった梁静秋は、
長年夫からのDVと息子の無関心にに苦しんでいた。
ある日、夫に家を追い出された彼女は、
映画監督の蒋琪と出会出会い、映画女優への道を歩み始めた。
予想外にも、デビュー作が‌大ヒット‌。
梁静秋の人生は一瞬で‌激変‌した。",303105,1580,70,1,0,5771,201,6yfjhfa6wb,1,家庭主婦|復讐|済度|立身出世|インディペンデント・ウーマン|女性向けのドラマ|コンテンポラリー,Housewife|Revenge|Redemption|Rags to Riches|Independent Woman|Female|Contemporary
68b103fdd881e39c2508e2d1,68b103fdd881e39c2508e2d1,149000000000000903,嫁ゲットで強くなった件~蛮族をぶっ潰す〜,https://v-mps.crazymaplestudios.com/images/b64a0220-87d6-11f0-a06b-bdb674869ea1.jpg,2,1,1,現代から戦国時代に転生した五十を過ぎた李万年は、「結婚するたび強くなるシステム」の力で若返り、次々と妻を迎えて力を蓄えていく。乱世で成り上がるため、重傷を負った女将軍林英台と取引を交わし、軍に加わる。現代の知恵と圧倒的な武力を武器に、庶民から大名へ成り上がる奇譚が今、始まる。,412357,3218,70,1,0,7804,277,fw7f8gjjbf,1,立身出世|男向けのドラマ,Rags to Riches|Male
68b9349c8835d52c740aec15,68b9349c8835d52c740aec15,149000000000000916,リベンジはママと一緒に～天才ベビーの逆転ライフ～,https://v-mps.crazymaplestudios.com/images/f5c5d8d0-8d66-11f0-a06b-bdb674869ea1.jpg,2,1,1,小花は、賢く利発な天才少女。容姿が醜いという理由で夫に疎まれている母・顧婉と、寄り添いながら暮らしていた。父親は愛人の喬曼とその娘を囲い、裕福な暮らしを送る一方で、小花母子のことは完全に無視していた。母の死後、喪服姿の小花は、クズな父親と喬曼の結婚式に乱入。もみ合いの末に頭を打ち、命を落としてしまう。しかし、小花はなんと一年前の世界にタイムスリップ！まだ生きている母との再会を果たす。二度目の人生、小花はその天才的な頭脳を駆使し、母を命の危機から救い、醜いとされた顔を治す。さらに、父の裏切りを暴いて離婚させ、自らの力で母を全国初の女性大富豪へと押し上げていくのだった。,618684,3775,70,1,0,7349,226,fb6wcny0dn,1,家族ドラマ|女性向けのドラマ,Family Drama|Female
68be7140fc052e9b6a074abb,68be7140fc052e9b6a074abb,149000000000001377,片想いの相手と結婚して毎晩パーティー気分,https://v-mps.crazymaplestudios.com/images/f33d2b90-8faa-11f0-a06b-bdb674869ea1.jpg,2,1,1,"「おじさん、勝負しようぜ」
トイレで知らないちびっ子に挑発されて、顧念深が実力で見せつけた。
それ以来ちびっ子に付きまとわれて、「おじさん、オレのパパになって」。",502252,2833,70,1,0,7239,329,xnxzmg9tu0,1,とぼける,Playing Dumb
68d34bd036c33baa2c05a39c,68d34bd036c33baa2c05a39c,149000000000000883,うちの福神は、最強の疫病神！？,https://v-mps.crazymaplestudios.com/images/87400740-9aaf-11f0-a06b-bdb674869ea1.jpg,2,1,1,芽は的確な予言のせいで村人から「疫病神」と疎まれていたが、実は幸運を呼ぶ体質の持ち主だった。ボロボロの服で野草を掘っていた彼女は、道に迷った淞滬督軍夫人の姜妍に偶然出会う。督軍府へ連れ帰られると、芽がもたらす幸運で草花は咲き乱れ、老犬は元気を取り戻す。しかし、芽の不思議な力はそれだけにとどまらなかった……。,1164384,16081,70,1,0,198876,8949,qcx72p4cvq,1,スイート|甘いロマンス,Sweet|Sweet Romance
6901ef2d110f687bdf06bc10,6901ef2d110f687bdf06bc10,149000000000001794,砂漠を行く詩,https://v-mps.crazymaplestudios.com/images/19eb9550-c058-11f0-84ad-6b5693b490dc.jpg,2,1,1,墜ちたオーレヴィア王女エレノラ・ヴォーンは屈辱の中で死んだ――しかし3年前の世界で目覚め、再生の機会を与えられる。今、この地で権力掌握を謀り、彼女を辱めた全ての敵を出し抜かねばならない。だが権力と復讐という生死をかけたゲームで、最も危険な一手は、利用すると誓ったあの男に心を奪われることかもしれない。,92430,764,70,1,0,7169,236,0hhp1j6oj2,1,復讐|女性向けのドラマ,Revenge|Female
6901f127fca0001bae0e2baa,6901f127fca0001bae0e2baa,149000000000001796,ただ、あの時は惘然として,https://v-mps.crazymaplestudios.com/images/f53a95a0-cb68-11f0-84ad-6b5693b490dc.jpg,2,1,1,恋人を救うも裏切られ命を落とした歌手マット。生まれ変わった彼は、スターへの道を駆け上がりながら、非情な復讐を誓う。,68105,742,70,1,0,7664,357,h3ra3b2zoe,1,復讐|男向けのドラマ,Revenge|Male
6901f20d3937aa259501b71a,6901f20d3937aa259501b71a,149000000000001797,流年絵巻,https://v-mps.crazymaplestudios.com/images/f7cc1770-c05b-11f0-84ad-6b5693b490dc.jpg,2,1,1,ルカは音楽の天才だった―しかし、命も含む全てを奪う者に遭う。与えられた第二の人生で、彼は復讐を誓い、裏切った者たちに究極の没落を与える。今度こそ、彼の声は届けられる。,137523,928,70,1,0,7541,239,jbzf3674js,1,復讐|男向けのドラマ,Revenge|Male
690ae98afeceb6764c0c0a36,690ae98afeceb6764c0c0a36,149000000000001798,名門大学サバイバルガイド,https://v-mps.crazymaplestudios.com/images/63bdadd0-c35f-11f0-84ad-6b5693b490dc.jpg,2,1,1,メープル・エリート・アカデミーに転校してきたチャーリー・カプランは、瞬く間に学校で最も議論を呼ぶ存在となった。しかし、見かけは当てにならない。ローワン・ホーキンズは暴君のように見えるが、彼は本当に冷酷ないじめっ子なのか？一方、頻繁に彼女を助けるノア・タッカー―その動機は？今、チャーリーは決断を迫られている：敵か、優等生か？,49397,799,70,1,0,7136,324,t714zlluch,1,復讐|女性向けのドラマ,Revenge|Female
69141315d52acef202077d6c,69141315d52acef202077d6c,149000000000002249,彼女の体に宿る秘密が、冷酷な親王を狂わせる,https://v-mps.crazymaplestudios.com/images/16c24f80-c392-11f0-84ad-6b5693b490dc.jpg,2,1,1,"現代の天才外科医が、すべてを失った没落令嬢に転生！？
家族を救うため、そして特異体質「天香聖体」の秘密を隠すため、彼女は男装し、冷酷無比な「戦神親王」の小姓となる。卓越した医学知識で人々を救ううち、親王は男であるはずの彼女に惹かれ、自らの感情に苦悩する。やがて正体が暴かれた時、二人が共に歩む道は、国を揺るがす陰謀か、時空を超えた愛の成就か。",212060,1759,70,1,0,7404,278,tpm7aptxi4,1,甘いロマンス|女性向けのドラマ,Sweet Romance|Female
6925110ab49dfa882e029c8d,6925110ab49dfa882e029c8d,149000000000002377,失語症の妻が去る時,https://v-mps.crazymaplestudios.com/images/90e1a0c0-cf29-11f0-84ad-6b5693b490dc.jpg,2,1,1,失語症の妻・喬望舒に偽装離婚を持ちかける周淮南。しかしそれは、傅グループ御曹司・傅時修の求婚と、望舒の潔い別れを招く。後に残されたのは、淮南の後悔だけだった。,367277,2153,70,1,0,8292,368,l4f5m0haer,1,とぼける,Playing Dumb
6927ad543499d21dc705d9bb,6927ad543499d21dc705d9bb,149000000000002407,娘は神獣！父を皇帝へと導く天降の貔貅,https://v-mps.crazymaplestudios.com/images/36b677b0-cc3b-11f0-84ad-6b5693b490dc.jpg,2,1,1,瑞獣・貔貅が、端王・蕭蘅の娘、蕭眠眠に転生。不思議な力で父娘の危機を救い、皇帝の寵愛を受ける。だが、これを妬む皇太子の罠にかかり、蕭眠眠は猛獣の前に差し出されてしまう。その時、巨大な白虎が彼女に襲いかかり…！,340604,2623,70,1,0,7260,290,ee09vnafkl,1,立身出世|男向けのドラマ,Rags to Riches|Male
693bfdfd3ce21f8f960db9a5,693bfdfd3ce21f8f960db9a5,149000000000002539,彼という名の罠,https://v-mps.crazymaplestudios.com/images/d4cef560-df0c-11f0-84ad-6b5693b490dc.jpg,2,1,1,かつて謝郁川に虐げられた辛蕾は、殺された弟のため復讐を誓う。秘書として彼に近づき、甘い罠で破滅へと導く。,53856,666,70,1,0,6886,207,9f40n2x5x6,1,復讐|女性向けのドラマ,Revenge|Female
69412a13df764e350c09947a,69412a13df764e350c09947a,149000000000002586,奪われた縁談、手にしたのは王座の溺愛,https://v-mps.crazymaplestudios.com/images/310751c0-dfc5-11f0-84ad-6b5693b490dc.jpg,2,1,1,名家の姉妹、権力者の策略により、姉妹は秦家の兄弟へ同時に嫁ぐことに。妹は将来有望な姉の婚約者を奪い、勝ち誇る。一方、姉は病で先のない夫を押し付けられ、絶望の淵へ。しかし、人生をやり直す機会を得た姉は知っていた。本当の価値を持つのは誰なのか。そして、妹が手にした「幸福」がいかに脆いものなのかを…,300523,12200,70,1,0,290220,11928,um3dva42iw,1,とぼける,Playing Dumb
69412a998bf86478910d73b2,69412a998bf86478910d73b2,149000000000002583,暴君パパと幸運の姫君,https://v-mps.crazymaplestudios.com/images/319b2d50-dfc5-11f0-84ad-6b5693b490dc.jpg,2,1,1,血も涙もない暴君として恐れられる皇帝。彼の唯一の願いは、娘を授かること。28人の皇子の後、ついに生まれた待望の姫は、幸運をもたらす不思議な力を持っていた。彼女の笑顔は、凍てついた皇帝の心を溶かし、血に飢えた手を止めさせる。そして、彼女に救われ忠誠を誓う孤高の狼少年。二人の純粋な絆が、やがて宮廷に渦巻く裏切りと陰謀の闇を照らし出す。愛と幸運は、暴君が統べるこの国を救えるのか？,25429,539,70,1,0,7476,343,x93dkek0b5,1,とぼける,Playing Dumb
66b2ebf175de66c1dd02675a,66b2ebf175de66c1dd02675a,149000000000000397,栄光の影にはいつも君が,https://v-mps.crazymaplestudios.com/images/cf0354c0-6b5c-11ef-838e-777d81c2a9c7.jpg,2,1,1,"貧しい家庭で育ち、病気で倒れた母を支えるために、最優秀の大学に進学する夢を諦めた主人公。それでも、恋人は決して見放さず、健気に支えた。そしてついに、素晴らしい仕事のチャンスを手に入れ、心残りながらも家を離れ、都会で働くことを決意。しかし、そこで待っていたのは、上司の娘に恋をされてしまうという複雑な状況だった。
数年後、CEOの地位に上り詰めた主人公が、不運な事故に遭い、記憶を失ってしまう。目覚めた後には、二人の「妻」が現れた。一人は贅沢な暮らしをするお嬢様、もう一人は質素な田舎娘。果たして、どちらを信じるべきなのか？",177241,819,71,1,0,27727,258,9mw8s9igde,1,女性向けのドラマ|二度目のチャンス|コンテンポラリー|健忘症|再会|三角関係|億万長者|無邪気な乙女,Female|Second Chance|Contemporary|Amnesia|Reunion|Love Triangle|Billionaire|Innocent Damsel
6944c37f52172b74920cfbbf,6944c37f52172b74920cfbbf,149000000000002658,彼女という檻,https://v-mps.crazymaplestudios.com/images/d2c307a0-dfef-11f0-84ad-6b5693b490dc.jpg,2,1,1,記者・沈柠は潜入捜査で犯罪組織のボス栄冥を排除した。だが3ヶ月後、彼は御曹司・江馳として現れる。復讐を企む彼に対し、沈柠は自らを賭けた反撃を開始する。,11239,427,70,1,0,8006,294,8z5i6xxd7x,1,とぼける,Playing Dumb
66b2ebf175de66c1dd02675a,66b2ebf175de66c1dd02675a,149000000000000397,栄光の影にはいつも君が,https://v-mps.crazymaplestudios.com/images/cf0354c0-6b5c-11ef-838e-777d81c2a9c7.jpg,2,1,1,"貧しい家庭で育ち、病気で倒れた母を支えるために、最優秀の大学に進学する夢を諦めた主人公。それでも、恋人は決して見放さず、健気に支えた。そしてついに、素晴らしい仕事のチャンスを手に入れ、心残りながらも家を離れ、都会で働くことを決意。しかし、そこで待っていたのは、上司の娘に恋をされてしまうという複雑な状況だった。
数年後、CEOの地位に上り詰めた主人公が、不運な事故に遭い、記憶を失ってしまう。目覚めた後には、二人の「妻」が現れた。一人は贅沢な暮らしをするお嬢様、もう一人は質素な田舎娘。果たして、どちらを信じるべきなのか？",177245,819,71,1,0,27727,258,9mw8s9igde,1,女性向けのドラマ|二度目のチャンス|コンテンポラリー|健忘症|再会|三角関係|億万長者|無邪気な乙女,Female|Second Chance|Contemporary|Amnesia|Reunion|Love Triangle|Billionaire|Innocent Damsel
66d536c200e7073e3003daf8,66d536c200e7073e3003daf8,149000000000000297,社長夫人の触れみたい秘密,https://v-mps.crazymaplestudios.com/images/05361630-6aaa-11ef-838e-777d81c2a9c7.jpg,2,1,1,初勤務の日に、他の人が総裁の夫人だと勘違いされたため、彼女は同僚にいじめられた。そして国一番の金持ちが現れるまで彼女の偽装は完璧だった。だがこの金持ちが自分の娘を探していくうちに、彼女の秘密も顕になってきた。,526804,3106,71,1,0,29380,277,9o73qboxj8,1,身分を隠せ|女性向けのドラマ|家族ドラマ|コンテンポラリー|再会|迷子|億万長者|楽天的,Hidden Identity|Female|Family Drama|Contemporary|Reunion|Lost Child|Billionaire|Happy-Go-Lucky
66ea78946a5130728606476f,66ea78946a5130728606476f,149000000000000293,可愛い子ちゃん襲来!!再会のせつない秘密,https://v-mps.crazymaplestudios.com/images/189ca740-7efd-11ef-a2d6-41216ff1602c.jpg,2,1,1,"心が折れた彼女と、何も知らない彼。そして、無邪気で愛くるしい最強の子供が登場する物語。 
両親の死と悪意に満ちた浮気相手の出現によって、ついに二人の関係は終わりを迎えた。  
彼女は心の傷を抱え、遠い土地へと旅立つことになりました。しかし、時が流れ、彼が再び彼女に出会ったのは、心を閉ざし遠くに暮らす彼女と、そのそばに寄り添う可愛い子供でした。  
果たして、再び運命を取り戻し、「愛」を紡ぎ直した二人がたどり着く答えとは...。",749883,3938,71,1,0,27462,268,2l963q6nij,1,結婚後の恋愛|女性向けのドラマ|二度目のチャンス|コンテンポラリー|妊娠|億万長者|無邪気な乙女,Love After Marriage|Female|Second Chance|Contemporary|Pregnancy|Billionaire|Innocent Damsel
6704c849281ca9f0680d60cd,6704c849281ca9f0680d60cd,149000000000000407,夫の秘密,https://v-mps.crazymaplestudios.com/images/bb0ae9f0-8a0c-11ef-a2d6-41216ff1602c.jpg,2,1,1,ある日、彼女は夫が見知らぬ女性と密会し、自分を殺そうとする悪夢にうなされた。しかし、その夢が現実だと気づいた瞬間、彼女の平穏な日常は一変する。我が子の命も危険にさらされていると悟った彼女は、実家の裕福な両親に助けを求める決断をする。家族で力を合わせ、夫の二重生活の真相を暴き、法の裁きを受けさせることを決意した。愛する人の裏切りに直面し、家族を守るために奮闘する女性の物語。波乱の展開が待っている！,318019,1698,71,1,0,28401,344,6z762o7e6b,1,女性向けのドラマ|悪女ヒロイン|コンテンポラリー|復讐|身分を隠せ|フィール・グッド|相続人/社会人|インディペンデント・ウーマン,Female|Strong Heroine|Contemporary|Revenge|Hidden Identity|Feel-Good|Heiress/Socialite|Independent Woman
674d25a60d3b1657420416bc,674d25a60d3b1657420416bc,149000000000000531,地味妻、実はCEOだった！,https://v-mps.crazymaplestudios.com/images/31bd0290-b6ae-11ef-a2d6-41216ff1602c.jpg,2,1,1,一流企業「真珠グループ」のCEOである彼女は、愛する夫のため素性を隠し、3年間配達員として支え続けた。しかし冷酷な裏切りに遭い、絶望の淵に立たされた彼女を救ったのは、幼馴染であり世界一の富豪。真実が暴かれた時、彼女の反撃が始まる──。,2236495,11281,71,1,0,27811,209,mdn55ooa69,1,女性向けのドラマ|悪女ヒロイン|コンテンポラリー|身分を隠せ|三角関係|フィール・グッド|相続人/社会人,Female|Strong Heroine|Contemporary|Hidden Identity|Love Triangle|Feel-Good|Heiress/Socialite
674d2a83615f945cb503ea5f,674d2a83615f945cb503ea5f,149000000000000519,億万長者の叔父から溺愛されました,https://v-mps.crazymaplestudios.com/images/c79b7690-b6f2-11ef-a2d6-41216ff1602c.jpg,2,1,1,彼女は幼い頃に誘拐され、成長してからは浮気男に裏切られた。絶望のどん底にいたその時、突然現れたのは超大金持ちのおじさんたち！「君は大富豪一族の跡取りだ」と告げられ、数百億円の財産が待っている！？,577896,2683,71,1,0,28352,213,jxgrg2vr2i,1,女性向けのドラマ|悪女ヒロイン|コンテンポラリー|迷子|再会|身分を隠せ|億万長者|相続人/社会人,Female|Strong Heroine|Contemporary|Lost Child|Reunion|Hidden Identity|Billionaire|Heiress/Socialite
6858ee64c07e5ac9750a1c3a,6858ee64c07e5ac9750a1c3a,149000000000000834,Re:1977 リセットされた人生,https://v-mps.crazymaplestudios.com/images/dbac0140-51a2-11f0-860b-97fc2eb1c6d9.jpg,2,1,1,傅明彦は従弟と共に新婚初夜に過去へと戻り、人生をやり直すことになる。前の人生では、従弟は美貌で裕福な知識青年の女性と結婚し、傅明彦は村長の娘と結婚したが、二人の運命は大きく異なっていた。やり直しの人生で、従弟は結婚相手を入れ替えようとするが、その結果、傅明彦の暮らしはますます良くなり、一方の従弟は、妻が他人の子を妊娠したまま嫁いできたことを知って激しく後悔する。,267279,1370,71,1,0,8707,288,r4x0ad4f9h,1,あまりに遅すぎる|バック・イン・タイム|男向けのドラマ|復讐,All-Too-Late|Back in Time|Male|Revenge
68b6a4fc71d71771de0cd5e4,68b6a4fc71d71771de0cd5e4,149000000000000909,海棠覆う、清らかな夢,https://v-mps.crazymaplestudios.com/images/04a621a0-8954-11f0-a06b-bdb674869ea1.jpg,2,1,1,現代のデザイナー、温以棠（ウェン・イータン）は、パリのファッションデザインコンテストの授賞式で、突然1980年代にタイムスリップし、アパレル工場長陸懷瑾（ルー・ホワイジン）の悪妻となっていた。息子を虐待し、周囲からの評判も最悪。更に程雪（チェン・シエ）は女主人の座を虎視眈々と狙う。新しい姿に適応しつつ、この壊れかけた家庭を彼女は変えていく。,299694,8859,71,1,0,208118,8304,m4qe19t0mx,1,家族ドラマ|女性向けのドラマ,Family Drama|Female
68e9c873074ace2c0f00ca3b,68e9c873074ace2c0f00ca3b,149000000000001519,野獣な彼,https://v-mps.crazymaplestudios.com/images/f26aa140-afd3-11f0-a06b-bdb674869ea1.jpg,2,1,1,妹のようにうまく立ち回れないというだけで、慕七はあらゆる罠にはめられ、史上最悪の濡れ衣を着せられる日々を送っていた。そんな機能不全家族から逃れるため、彼女には一つの願いがあった。それは、両親の仇敵に嫁ぐこと。だが、その願いがまさか本当に叶うとは！実の娘でいることは苦痛だったが、仇敵の妻であることには、思いがけず快感を覚えてしまう。彼は彼女のために反撃し、復讐を遂げさせ、彼女の人生は順風満帆、思いのままに！,354365,2433,71,1,0,7577,291,3y46uvj5p8,1,とぼける,Playing Dumb
6914030ccc424d9641082290,6914030ccc424d9641082290,149000000000002247,彼女の甘えは、罪,https://v-mps.crazymaplestudios.com/images/22f68c30-c392-11f0-84ad-6b5693b490dc.jpg,2,1,1,街中の笑い者になるほど、一途に彼を追いかけた彼女。誰もがその愛を信じて疑わなかった。しかし、その献身はすべて偽り。彼女はただ、彼を亡き恋人の「身代わり」として見ていただけだったのだ。愛を知らなかったはずの男は、偽りの愛に溺れ、やがて狂気的な執着を見せ始める。逃げようとする彼女を縛り付け、愛を乞うようになった時、二人の歪んだゲームの主導権は、完全に逆転する。,297748,2391,71,1,0,8058,276,p9vmtvglmd,1,スイート|甘いロマンス|女性向けのドラマ,Sweet|Sweet Romance|Female
6923d487daad8ef1a902b640,6923d487daad8ef1a902b640,149000000000002349,傅様の小悪魔,https://v-mps.crazymaplestudios.com/images/05ebda80-d041-11f0-84ad-6b5693b490dc.jpg,2,1,1,新婚初夜に夫に捨てられた令嬢・黎清清。ヤケ酒で御曹司と一夜を共にするが、秘密の動画を盾に『離婚はまだか？』と脅される日々に。,338436,3332,71,1,0,7315,357,l6x503e46f,1,とぼける,Playing Dumb
69315a52a9461b90e008d145,69315a52a9461b90e008d145,149000000000002435,反骨の臣,https://v-mps.crazymaplestudios.com/images/77db3ac0-d5ad-11f0-84ad-6b5693b490dc.jpg,2,1,1,箱入り娘の喬熹は、姉の宿敵・霍硯深を愛してしまう。だが自分が姉への復讐の道具だったと知り、傷心の末に彼の元を去る。,102005,1285,71,1,0,6928,279,p39se8lwfr,1,復讐|女性向けのドラマ,Revenge|Female
6932b710c0cd66eb2a0cdf27,6932b710c0cd66eb2a0cdf27,149000000000002480,転生令嬢と忠犬ボディガード,https://v-mps.crazymaplestudios.com/images/cad13100-d5a6-11f0-84ad-6b5693b490dc.jpg,2,1,1,前世、恩人と誤解した傅聴瀾に裏切られ命を落とした韓時檸。本当の恩人・陌縉燃は記憶を失い、ボディガードとして彼女を守っていた。結婚前日に転生した彼女は、今度こそ愛する人を守り抜き、裏切り者に復讐することを誓う。策略を打ち破り、二人はついに永遠の愛を手にする。,176612,1713,71,1,0,7657,256,kx069pde68,1,甘いロマンス|女性向けのドラマ,Sweet Romance|Female
69412ab79dfcec05a50dc6d2,69412ab79dfcec05a50dc6d2,149000000000002582,契約結婚～逃げられない運命～,https://v-mps.crazymaplestudios.com/images/6dcc7f10-dfd2-11f0-84ad-6b5693b490dc.jpg,2,1,1,彼氏に裏切られた安如初は、元カレの兄である時域霆との契約結婚を、母親に強いられる。彼女は深夜に逃げようとしたが、彼にまた連れ戻される――実は彼女はかつて彼の命の恩人であった。また元カレに付き纏われ、あくどい継妹も一々絡んでくる。強気な彼女は反撃に出る。時域霆も身を張って婚約者を守ろうとする。彼の正体と、彼女の過去に隠された真実が明らかになり、二人は全ての困難を乗り越え、真の愛を確かめ合った。,22589,598,71,1,0,8127,310,tp3ayspx67,1,とぼける,Playing Dumb
66a780ce9848c7b600097e6f,66a780ce9848c7b600097e6f,149000000000000386,本物令嬢の逆襲,https://v-mps.crazymaplestudios.com/images/ddde3490-7e2d-11ef-a2d6-41216ff1602c.jpg,2,1,1,"両親を亡くし、別人として生きてきた私。記憶喪失の私を救ったのは、イケメン億万長者CEOの幼馴染！彼と婚約し、復讐を決意！
あの日、母は言った「敵を忘れないで」と。家族を陥れたヤツら、そして私を騙る恩知らず！記憶を取り戻し、私は真の財産相続人として、悪を断つ！",1423852,6575,72,1,0,29472,255,zvlx25l72e,1,女性向けのドラマ|スイート|コンテンポラリー|健忘症|迷子|守る夫|億万長者|相続人/社会人,Female|Sweet|Contemporary|Amnesia|Lost Child|Protective Husband|Billionaire|Heiress/Socialite
66cc08a1fcaa106d6f0a3ac7,66cc08a1fcaa106d6f0a3ac7,149000000000000418,忘れ草～運命の糸を辿って～,https://v-mps.crazymaplestudios.com/images/4d8f72c0-669d-11ef-838e-777d81c2a9c7.jpg,2,1,1,魚を売って二人の息子を養う母は、腕の傷跡から伝染病だと誤解され、辛い日々を送っていた。幼い頃からアレルギー持ちで母からよりたくさんの愛情を注がれた弟に、兄は嫉妬心を抱く。そんなある日、兄弟喧嘩の最中に、兄はうっかり弟を山から突き落とし、弟はそのまま姿を消す。母は弟が生きていると信じ、何年も行方を追う。18年後、奇跡的に発見された弟は、大企業を率いる社長に成長していた。ところが古家の取り壊しにより再会のチャンスを逃してしまう。一方、兄は幸せな家庭を手にするために、母を捨ててしまう。息子を探す途中で様々な苦しみが待ち受けるが、果たして無事息子と再会出来るのか？,166775,802,72,1,0,28951,275,7b6ugasa2m,1,女性向けのドラマ|家族ドラマ|コンテンポラリー|迷子|再会|お涙ちょうだい|億万長者|ストロングウィル,Female|Family Drama|Contemporary|Lost Child|Reunion|Tear-Jerker|Billionaire|Strong-Willed
68b9331791d3a8d5ac0ef903,68b9331791d3a8d5ac0ef903,149000000000000915,司令官の娘は天才占い師,https://v-mps.crazymaplestudios.com/images/30526c00-8eb8-11f0-a06b-bdb674869ea1.jpg,2,1,1,"母を亡くした少女綿宝は、村人から「疫病神」とみなされ、町を追いだされてしまう。
母の形見を携え、遥か遠くの都へと向かった彼女が訪ねたのは――自身の父である、冷徹だと噂される督軍だった。
不思議な占いや直感を武器に、綿宝は幾度も督軍の家を救い、やがて悲劇の運命を塗り替えていく。
いつしか彼女は「小さな福の神」として一族から愛され、家族の中心となっていくのだった。",629826,3306,72,1,0,7083,244,ce8let00fs,1,甘いロマンス|女性向けのドラマ,Sweet Romance|Female
68b94992421aacbe7607a2cc,68b94992421aacbe7607a2cc,149000000000000927,動物と話せる少女、イケメンパパを拾った,https://v-mps.crazymaplestudios.com/images/016760e0-aaff-11f0-a06b-bdb674869ea1.jpg,2,1,1,死を決意した冷酷な御曹司、沈知寒は、一人の不思議な少女に命を救われる。彼はその少女を養子に迎え、深く溺愛する。しかし、彼が知らなかったのは、少女が動物と話せるという驚くべき能力を持っていたことだった。彼女はその力で、彼自身、そして沈家の当主、行方不明の子供など、多くの人々を次々と救っていく……。,802568,4497,72,1,0,7307,254,fymwasyzjv,1,グループのお気に入り|女性向けのドラマ,Group Favorite|Female
68be7191fc052e9b6a074aed,68be7191fc052e9b6a074aed,149000000000001515,田舎者だった俺が都会で龍威無双した件,https://v-mps.crazymaplestudios.com/images/9a06f720-8fac-11f0-a06b-bdb674869ea1.jpg,2,1,1,楊易は師の命で下山し、許嫁を探す。 だが、その美人許嫁は虐められ、両脚を傷つけられて車椅子に… ふざけんな！俺をいじめるのも、俺の女房をいじめるのも、絶対に許さねえ！,420234,2323,72,1,0,6804,206,5snevfcmob,1,とぼける,Playing Dumb
690327feb65487618609eb31,690327feb65487618609eb31,149000000000002185,蘇社長、お婿さんは竜神殿の殿主でした,https://v-mps.crazymaplestudios.com/images/9ed63280-bada-11f0-b4b4-bd031586a1b7.jpg,2,1,1,"5年前、一夜の過ちで子を宿した美人社長蘇婉。会社を取り戻すため、世間から蔑まれる「婿養子」を募集することに。だが、娘が見つけてきたのは、あの夜の相手であり、貧しい農家の男葉寒だった！
愛のない契約結婚のはずが、次々と明らかになる「ただの農夫」の恐るべき能力。彼の仮面の下に隠された正体は、謎の組織「竜神殿」の頂点に君臨する、伝説の殿主だった！",605419,3698,72,1,0,7220,271,2okemrb184,1,甘いロマンス|女性向けのドラマ,Sweet Romance|Female
6690c24388059298bf0519b4,6690c24388059298bf0519b4,149000000000000242,元夫は私の後継者の身元を疑って？,https://v-mps.crazymaplestudios.com/images/b7527b70-4042-11ef-a6eb-0925fdddfb71.jpg,2,1,1,離婚後、元夫は彼女をただのシンデレラと見なしていましたが、彼女の富裕を知りませんでした。故郷に帰り、彼女の億万長者兄弟たちは彼女を抱擁しました。元夫はさらに、彼女が金持ちの恋人を持っていると誤解していました。真実が明らかになると、彼女は皆を軽蔑されて後悔させました。,326890,1873,73,1,0,27211,213,gi9gfvc7av,1,女性向けのドラマ|悪女ヒロイン|コンテンポラリー|身分を隠せ|二度目のチャンス|億万長者|相続人,Female|Strong Heroine|Contemporary|Hidden Identity|Second Chance|Billionaire|Heiress
66b97e0cfee8426e0d01abb4,66b97e0cfee8426e0d01abb4,149000000000000292,契約結婚はじめました,https://v-mps.crazymaplestudios.com/images/b660e6d0-5a1d-11ef-838e-777d81c2a9c7.jpg,2,1,1,奇妙な形で始まった二人の関係。お互い打算を抱え、夫婦となった。彼は、家に迎えた妻を世間知らずのお嬢様だと決めつけていたが、ある時、彼女の意外な一面を目の当たりにする。,481996,2816,73,1,0,28112,169,j3zq62pd5x,1,結婚後の恋愛|女性向けのドラマ|スイート|コンテンポラリー|ワンナイトラブ|億万長者|ストロングウィル,Love After Marriage|Female|Sweet|Contemporary|One Night Stand|Billionaire|Strong-Willed
6704cce4b6bd5dfc57019e19,6704cce4b6bd5dfc57019e19,149000000000000483,君の妻になる運命,https://v-mps.crazymaplestudios.com/images/f7a44940-888d-11ef-a2d6-41216ff1602c.jpg,2,1,1,父に追い詰められて彼女は電撃結婚した。結婚相手は親友の兄だった。婚姻届を提出してから、旦那が急遽海外に出張した。1年後、彼女は市内でトップの法律事務所に正社員として雇用された。法律事務所は、帰国したばかりの謎の億万長者に買収された。この億万長者に認められて、彼女は秘書となった。二人は結婚した相手だと分からなかった。色々誤解があって、億万長者は妻が浮気をしたと誤解して、離婚を決意した。仕事を共にして、二人は相手のことが好きになった。最後に、誤解が解けて、二人はやっと一緒になった。,589334,3329,73,1,0,28850,270,m828dvmwh4,1,女性向けのドラマ|スイート|コンテンポラリー|結婚後の恋愛|人違い|スピード婚|億万長者|インディペンデント・ウーマン,Female|Sweet|Contemporary|Love After Marriage|Mistaken Identity|Flash Marriage|Billionaire|Independent Woman
66b97e0cfee8426e0d01abb4,66b97e0cfee8426e0d01abb4,149000000000000292,契約結婚はじめました,https://v-mps.crazymaplestudios.com/images/b660e6d0-5a1d-11ef-838e-777d81c2a9c7.jpg,2,1,1,奇妙な形で始まった二人の関係。お互い打算を抱え、夫婦となった。彼は、家に迎えた妻を世間知らずのお嬢様だと決めつけていたが、ある時、彼女の意外な一面を目の当たりにする。,482209,2816,73,1,0,28112,169,j3zq62pd5x,1,結婚後の恋愛|女性向けのドラマ|スイート|コンテンポラリー|ワンナイトラブ|億万長者|ストロングウィル,Love After Marriage|Female|Sweet|Contemporary|One Night Stand|Billionaire|Strong-Willed
6704cce4b6bd5dfc57019e19,6704cce4b6bd5dfc57019e19,149000000000000483,君の妻になる運命,https://v-mps.crazymaplestudios.com/images/f7a44940-888d-11ef-a2d6-41216ff1602c.jpg,2,1,1,父に追い詰められて彼女は電撃結婚した。結婚相手は親友の兄だった。婚姻届を提出してから、旦那が急遽海外に出張した。1年後、彼女は市内でトップの法律事務所に正社員として雇用された。法律事務所は、帰国したばかりの謎の億万長者に買収された。この億万長者に認められて、彼女は秘書となった。二人は結婚した相手だと分からなかった。色々誤解があって、億万長者は妻が浮気をしたと誤解して、離婚を決意した。仕事を共にして、二人は相手のことが好きになった。最後に、誤解が解けて、二人はやっと一緒になった。,589391,3329,73,1,0,28850,270,m828dvmwh4,1,女性向けのドラマ|スイート|コンテンポラリー|結婚後の恋愛|人違い|スピード婚|億万長者|インディペンデント・ウーマン,Female|Sweet|Contemporary|Love After Marriage|Mistaken Identity|Flash Marriage|Billionaire|Independent Woman
67318134adc48d410b0b6a7d,67318134adc48d410b0b6a7d,149000000000000514,記憶を失ったけど、ハイスぺ旦那ができた！,https://v-mps.crazymaplestudios.com/images/c4c7bbe0-a1a3-11ef-a2d6-41216ff1602c.jpg,2,1,1,家族に命を狙われ、埋められそうになった女性社長は、ほぼ命を落とし、記憶を失い、幼い子供のレベルだけの知能が残していた。彼女は乞食のように街をさまよっていたが、一見弱々しく見えるが、実は力のある社長に拾われた。二人は電撃結婚を果たすが、家族からの侮辱に次々と直面した。継母との激しい衝突がきっかけで、偶然にも彼女の記憶は戻るが、彼女は自分の本当の身分を隠すことを選んだ......,896763,4424,73,1,0,27671,229,boj274e0qd,1,女性向けのドラマ|スイート|コンテンポラリー|スピード婚|身分を隠せ|結婚後の恋愛|億万長者|インディペンデント・ウーマン,Female|Sweet|Contemporary|Flash Marriage|Hidden Identity|Love After Marriage|Billionaire|Independent Woman
673a9fe4dff9c74bb9047a11,673a9fe4dff9c74bb9047a11,149000000000000511,運命の交差点で見つけた愛,https://v-mps.crazymaplestudios.com/images/66f61e60-a72c-11ef-a2d6-41216ff1602c.jpg,2,1,1,彼女は18歳の時、養母に見捨てられる運命だったが、運命のいたずらで見知らぬ誰かに救われた。二人の間には一瞬にして特別なつながりが生まれ、深く愛し合うようになる。**しかし、彼の家族の画策が二人の幸せに影を落とす。**彼らは彼に、有力な家族の娘との結婚を強いていた。その娘が彼らの家に越して来たことで、23年前に起きた身元すり替えの衝撃的な秘密が徐々に明らかになる...,494177,2294,73,1,0,29985,246,zy9y7oeu6l,1,女性向けのドラマ|悪女ヒロイン|コンテンポラリー|迷子|守る夫|人違い|億万長者|ストロングウィル,Female|Strong Heroine|Contemporary|Lost Child|Protective Husband|Mistaken Identity|Billionaire|Strong-Willed
68b94566ff8970dc3d0e8a06,68b94566ff8970dc3d0e8a06,149000000000000923,この夫、要注意,https://v-mps.crazymaplestudios.com/images/6fbee020-a822-11f0-a06b-bdb674869ea1.jpg,2,1,1,継母に命を狙われた霍北梟は、宋知暖と出会い、彼女に拾われ養われることになる。彼は宋知暖を誘って結婚し、身分を偽り素直な青年を演じるが、その強い独占欲が原因で二人の間には摩擦が生じる。第三者の策略によって彼の裏の顔に気づいた宋知暖は、正体が明かされたことで信頼を失い、彼の元を去る。数々の苦難を経て、二人はついにわだかまりを解消し、共に継母たちへ復讐を果たす。,432629,10265,73,1,0,221018,9018,9hoxr1eb58,1,スピード婚|女性向けのドラマ,Flash Marriage|Female
68b945ba596ee0ea510a2ddd,68b945ba596ee0ea510a2ddd,149000000000000924,可愛い子を拾ったら、御曹司もついてきました,https://v-mps.crazymaplestudios.com/images/277e5d80-a823-11f0-a06b-bdb674869ea1.jpg,2,1,1,"盛グループの御曹司、盛墨辞は、5年間、双子の息子を男手一つで育ててきたが、その母親の正体は謎に包まれていた。
一方、雲家で寵愛を受けずに育った養女、雲小晚。24年間恋愛経験ゼロの彼女だったが、ある日、帰宅途中に盛墨辞の次男から突然「ママ」と呼ばれ、懐かれてしまう。
間もなく、長男も彼女の元を訪れ、さらには盛墨辞本人までもが、彼女の生活に強引に踏み込んでくるのだった。
雲小晚がこの父子3人と関わっていく中で、5年前の双子の出生にまつわる真実と陰謀が、次第に明らかになっていく……",439085,2612,73,1,0,7126,324,s6pshbbyoq,1,甘いロマンス|女性向けのドラマ,Sweet Romance|Female
68be7145fc052e9b6a074abf,68be7145fc052e9b6a074abf,149000000000001378,転生妻の決意：富豪夫への逆襲,https://v-mps.crazymaplestudios.com/images/fcb70330-8faa-11f0-a06b-bdb674869ea1.jpg,2,1,1,超豪門に嫁入りした蘇千慈は、唐夢穎の嫉妬に遭い、殺人の濡れ衣を着せられた上、無残に殺害された。幸いにも彼女は転生を果たし、今生ではあの男から離れることから始めると決意した。当初は歴司承は彼女を見下していたが、次第に彼女がたまらないほど魅力的であることに気付き始めた…,513114,2402,73,1,0,7589,320,naidwz3dxx,1,とぼける,Playing Dumb
68be7196fc052e9b6a074af1,68be7196fc052e9b6a074af1,149000000000001516,転生した実母の逆襲運命,https://v-mps.crazymaplestudios.com/images/a37758e0-8fac-11f0-a06b-bdb674869ea1.jpg,2,1,1,生まれ変わった姜聴夏が目にしたのは、崩壊寸前の家庭だった。夫は病み、女は群がり、長男は警察沙汰、娘は男に騙される始末。だが、彼女は家族を従順な犬のように躾け、悪女のライバルさえ涙で許しを乞うことに！,202768,1178,73,1,0,6982,242,zlpqaqu3so,1,とぼける,Playing Dumb
68be71a5fc052e9b6a074afd,68be71a5fc052e9b6a074afd,149000000000001396,悠久の神,https://v-mps.crazymaplestudios.com/images/a11d0aa0-8fab-11f0-a06b-bdb674869ea1.jpg,2,1,1,張若塵は逆境を乗り越え、凡庸を脱して並外れた存在へと成長した。逸材や魔物、そして絶世の美人までもがひしめく「長生の道」を進み、彼はついに誰も見たことのない新たな世界を切り拓いていく。,178261,1347,73,1,0,7167,355,2nyuwaqwqj,1,とぼける,Playing Dumb
68be722afc052e9b6a074b35,68be722afc052e9b6a074b35,149000000000001422,四つ子のパパは俺様社長,https://v-mps.crazymaplestudios.com/images/975e0140-9aaf-11f0-a06b-bdb674869ea1.jpg,2,1,1,孤児のヒロイン、沈芊は、重い病を患う妹・沈婉児を救うため、我が身を売ろうとする。しかし手違いで、主人公の傅寒川と思いがけず一夜を共にしてしまう。9ヶ月後、沈芊は三男一女の四つ子を出産。5年後、妹の命が再び危険にさらされたため、沈芊は4人の子供たちを連れて帰国し、空港で偶然にも傅寒川と再会を果たす。,305386,2124,73,1,0,7163,261,5emfrn7hdx,1,とぼける,Playing Dumb
6909638d3514b1201c0bf963,6909638d3514b1201c0bf963,149000000000002193,極道様の妻は田舎娘,https://v-mps.crazymaplestudios.com/images/e6ba6670-bbac-11f0-b4b4-bd031586a1b7.jpg,2,1,1,"田舎育ちの梁小草は田舎は祖母の治療費を工面するため、海市へと向かい、実の父親にお金を貰いに行くことになった。
列車の中で、彼女は海市マフィアのボス、陸寒梟と運命的な出会いを果たした。海市に入った後、父がお金をくれるつもりがなくて、小草をお金持ちの建材社長に売ろうとしていた。また、幼馴染みであり、婚約者であった顧澤も彼女を裏切り、他の女と浮気をしていた。
一方、陸寒梟は梁小草に対し、強引で世間を騒がすようなアプローチを始めた……",747682,4541,73,1,0,7092,308,l6lqa85mcb,1,スイート|女性向けのドラマ,Sweet|Female
691e73eb967bec54170e4a5b,691e73eb967bec54170e4a5b,149000000000002291,70年代に転生：若妻は今日もパイロットを赤面させる！,https://v-mps.crazymaplestudios.com/images/534c42f0-c90d-11f0-84ad-6b5693b490dc.jpg,2,1,1,もしも、すべてを奪った婚約者の『母親』になれるとしたら？前世で婚約者と義妹に裏切られ、非業の死を遂げた私。しかし目覚めると、すべての悲劇が始まる前に時間が巻き戻っていた。今度の人生で私が選んだのは、幸せな結婚じゃない。元婚約者の父である、14歳年上のエリート機長と結婚し、奴らを地獄に突き落とす、最も甘美な復讐劇。,199759,1661,73,1,0,6758,324,o6uvujmbka,1,甘いロマンス|女性向けのドラマ,Sweet Romance|Female
66ea77dbbf4d087b520fcbbc,66ea77dbbf4d087b520fcbbc,149000000000000452,秘書が、社長の精子ドナーになった！,https://v-mps.crazymaplestudios.com/images/81591140-7ef5-11ef-a2d6-41216ff1602c.jpg,2,1,1,不妊の副社長は、財閥グループを継ぐため、秘書と妻の間に子供を作らせるという計画を練った。この秘書は職務を利用し、証拠を集め、敵対する幹部を賄賂で陥れたが、内部対立がエスカレートしていくと、秘書は思いもよらぬクビになり、驚きと決意の中で、彼は激しい報復をしていく…,146173,671,74,1,0,30817,177,veblnpsccq,1,男向けのドラマ|カムバックストーリー|立身出世|タブー|とぼける|ビジネス|億万長者|ストロングウィル,Male|Comeback Story|Rags to Riches|Taboo|Playing Dumb|Business|Billionaire|Strong-Willed
6708f7cd6e96a530670da8f2,6708f7cd6e96a530670da8f2,149000000000000435,電撃結婚した彼が財閥の後継だった？,https://v-mps.crazymaplestudios.com/images/65c61850-8a2c-11ef-a2d6-41216ff1602c.jpg,2,1,1,"事故によって金持ちの御曹司と家に無視されてきた令嬢を引き合わせた。その出会いは予期せぬ妊娠。六年後子連れの彼女に見合い話が訪れた、そこで偶然に彼女を探しているあの男と再会するが、彼だと気づかず、電撃結婚してしました。
正体を隠しつつ彼女に接していく彼が、彼女の心を掴めるのか？",887999,4774,74,1,0,30195,245,zwdglz55ac,1,女性向けのドラマ|スイート|コンテンポラリー|スピード婚|身分を隠せ|再会|億万長者|インディペンデント・ウーマン,Female|Sweet|Contemporary|Flash Marriage|Hidden Identity|Reunion|Billionaire|Independent Woman
67e0e55b6a4f879f8b03ea5d,67e0e55b6a4f879f8b03ea5d,149000000000000636,真冬のラブソング 〜ホテルの恋〜,https://v-mps.crazymaplestudios.com/images/ed7b1360-0ae5-11f0-a38f-0d66b56fc320.jpg,2,1,1,婚約の前夜、林惜は虐待する家族のもとを逃げ出し、偶然大富豪と一夜の関係をもち、妊娠してしまう。彼女が働く高級ホテルは、大富豪に買収される。大富豪は彼女を追いかけ、彼女のひたむきな姿に次第に心を動かされ、魅了されていく。,2292116,17478,74,1,0,206942,7305,cry4oq13y9,1,妊娠|億万長者|ストロングウィル|コンテンポラリー|スイート|女性向けのドラマ,Pregnancy|Billionaire|Strong-Willed|Contemporary|Sweet|Female
683ea5906a6c9c948d05017e,683ea5906a6c9c948d05017e,149000000000000632,伝説の親父、再び降臨！,https://v-mps.crazymaplestudios.com/images/f2067c70-429f-11f0-b65a-27549cd2a91e.jpg,2,1,1,10年前、億万長者だった男は、最愛の長女を殺害した元妻とその愛人を手にかけ、刑務所に入った。服役を終えて10年ぶりに次女と再会するが、彼女が夫の家族からひどい虐待を受けていたことを知り、衝撃を受ける。男は娘を守ろうとするが、彼女は父親を憎んでいる。だが、幾多の困難と真実を乗り越える中で、二人は絆を取り戻し、やがて力を合わせて敵に立ち向かっていく。,501504,3154,74,1,0,7933,247,941rbfagcv,1,身分を隠せ|不可思議|スーパーウォーリアー|コンテンポラリー|家族ドラマ|女性向けのドラマ,Hidden Identity|Mystery|Super Warrior|Contemporary|Family Drama|Female
687a13a7511ecae14800807c,687a13a7511ecae14800807c,149000000000000842,シンママの私が 御曹司一家に溺愛されました,https://v-mps.crazymaplestudios.com/images/640c2e80-7759-11f0-a06b-bdb674869ea1.jpg,2,1,1,季甜は、母親に結婚を金で売られそうになり、家を飛び出すために、江慕白との予期せぬ妊娠を利用して姿を消す。5年後、江慕白は子どもの存在を知り、彼女を追いかけ始める。一方、余芷茵は季甜に嫉妬し、嫌がらせを繰り返すが、危機一髪のところで江慕白が母子を救い出す。その時、季甜は驚くべき真実を知る――自分こそが本当の余家の娘だったのだ。彼女の人生は、すり替えられていた…,497014,2723,74,1,0,6963,215,4jnk1gba9j,1,スイート|甘いロマンス|億万長者|コンテンポラリー|女性向けのドラマ,Sweet|Sweet Romance|Billionaire|Contemporary|Female
68b6a63cef1a9d407c078683,68b6a63cef1a9d407c078683,149000000000000911,主婦の弁護士人生,https://v-mps.crazymaplestudios.com/images/5dcc1480-8975-11f0-a06b-bdb674869ea1.jpg,2,1,1,"宁若薇と傅砚修の三年間の結婚生活‌　　
「家庭を守るために仕事を諦めた彼女、
「仕事のために妻の気持ちを見逃してきた彼。
そして、突然現れた元カノの離婚事件が、
二人の関係に裂け目を生み出す──

「弁護士の女王」と呼ばれる宁若薇は、
迷いの果てに、新たな一歩を踏み出した。
『今度こそ、自分らしく働きたい』",460111,8094,74,1,0,214931,6878,u5tih47076,1,あまりに遅すぎる|女性向けのドラマ,All-Too-Late|Female
68b9377ea10f1e8f7600ddf5,68b9377ea10f1e8f7600ddf5,149000000000000920,メイドの私が、御曹司兄弟に奪い合われています？！,https://v-mps.crazymaplestudios.com/images/94cb7660-a81f-11f0-a06b-bdb674869ea1.jpg,2,1,1,"弟の入院費を払うため、黎青はKTVで無理やり陸砚に押し付けられてしまった。弟の手術費をどうにか工面しようとしたその時――運命の悪戯で、なんと黎青は陸家の専属メイドとして働くことになった。
そこから、運命の歯車がゆっくりと回り始めた。
陸家の長男である陸砚は彼女に曖昧な態度を取り、「俺だけの専属メイドになれ」と持ちかけて来た。その一方、次男である陸羽までが「俺も、青青が好きだ」と、堂々と告白して来た！",534945,12048,74,1,0,241505,10409,3iqvn2eoer,1,スピード婚|女性向けのドラマ,Flash Marriage|Female
68b944b3a26ed3e8110cb175,68b944b3a26ed3e8110cb175,149000000000000921,偽りの花嫁～ワルすぎる夫が私に溺れるまで～,https://v-mps.crazymaplestudios.com/images/d7fbb5b0-a821-11f0-a06b-bdb674869ea1.jpg,2,1,1,京市の社交界で名を馳せるプレイボーイ、韓玄。彼の性格を矯正すべく、両親は結婚を迫る。韓玄の条件はただ一つ、「おとなしい娘」であること。時音は完璧に「おとなしい」を演じ、花嫁となる。しかし、彼女が仇敵を手にかける瞬間を目撃した時、韓玄の人生は狂い始める―。,612429,3338,74,1,0,7613,233,urabq0toy3,1,甘いロマンス|女性向けのドラマ,Sweet Romance|Female
68f5926e26cd0252e90c30a8,68f5926e26cd0252e90c30a8,149000000000000942,離婚シンデレラの逆襲,https://v-mps.crazymaplestudios.com/images/16c08910-b07e-11f0-a06b-bdb674869ea1.jpg,2,1,1,"夫の裏切りで全てを失った名家の若奥様、季姝。
一年後、彼女は数千万のフォロワーを持つカリスマインフルエンサーとして、かつてない輝きを放っていた。
資産は数十億円、求婚者は後を絶たない。
彼女が捨てた過去にすがる元夫と、彼女の未来を照らす新たな大富豪。
華麗なる逆転の恋の行方は——？",826416,12165,74,1,0,241270,8300,j4agmfrfhp,1,復讐|女性向けのドラマ,Revenge|Female
6901ecc34211e1a6930e3664,6901ecc34211e1a6930e3664,149000000000001792,家政婦の噓,https://v-mps.crazymaplestudios.com/images/d2952b00-bf9c-11f0-84ad-6b5693b490dc.jpg,2,1,1,リリアンは上場企業の会長という正体を隠し、一営業社員として地味に暮らしていた。しかし夫マイルが愛人ホイットニーと財産奪取を企てていることを知り、彼女の世界は崩壊する。傷つきながらも挫けず、覚醒したリリアンは、隠してきた力と冷静な計算でマイルの陰謀を暴き、娘を守り、その貪欲さがもたらした結果を彼に呪わせる。,177535,1139,74,1,0,8002,361,ps21nzx6di,1,復讐|女性向けのドラマ,Revenge|Female
66def58fff02c6f07004269f,66def58fff02c6f07004269f,149000000000000439,女乞食の逆襲,https://v-mps.crazymaplestudios.com/images/422041f0-725d-11ef-a2d6-41216ff1602c.jpg,2,1,1,かつて億万長者のCEOだった私ですが、夫が財産を奪おうと殺害を企てました。奇跡的に生き延び、身を隠していたところ、匿名のCEOに助けられました。今、準備万端で帝国を再建し、すべてを取り戻す覚悟です。,750945,3177,75,1,0,29235,227,0o470l3ytw,1,女性向けのドラマ|カムバックストーリー|コンテンポラリー|身分を隠せ|復讐|億万長者|インディペンデント・ウーマン,Female|Comeback Story|Contemporary|Hidden Identity|Revenge|Billionaire|Independent Woman
66ea7839e4983b2ab40a0ca7,66ea7839e4983b2ab40a0ca7,149000000000000294,満天の星に手を伸ばして,https://v-mps.crazymaplestudios.com/images/b9e27fc0-7ef9-11ef-a2d6-41216ff1602c.jpg,2,1,1, ずっと両親を殺した犯人と思われ、彼氏から虐げられた彼女。愛が報われないまま、体も心もボロボロになった彼女。いざ目が覚めた彼が目にしたのは何か、果たして、二人は本当の愛を結べるのか……,910227,3420,75,1,0,29069,131,crtn4572lw,1,妊娠|女性向けのドラマ|二度目のチャンス|コンテンポラリー|人違い|億万長者|ストロングウィル,Pregnancy|Female|Second Chance|Contemporary|Mistaken Identity|Billionaire|Strong-Willed
66def58fff02c6f07004269f,66def58fff02c6f07004269f,149000000000000439,女乞食の逆襲,https://v-mps.crazymaplestudios.com/images/422041f0-725d-11ef-a2d6-41216ff1602c.jpg,2,1,1,かつて億万長者のCEOだった私ですが、夫が財産を奪おうと殺害を企てました。奇跡的に生き延び、身を隠していたところ、匿名のCEOに助けられました。今、準備万端で帝国を再建し、すべてを取り戻す覚悟です。,751146,3177,75,1,0,29235,227,0o470l3ytw,1,女性向けのドラマ|カムバックストーリー|コンテンポラリー|身分を隠せ|復讐|億万長者|インディペンデント・ウーマン,Female|Comeback Story|Contemporary|Hidden Identity|Revenge|Billionaire|Independent Woman
66ea7839e4983b2ab40a0ca7,66ea7839e4983b2ab40a0ca7,149000000000000294,満天の星に手を伸ばして,https://v-mps.crazymaplestudios.com/images/b9e27fc0-7ef9-11ef-a2d6-41216ff1602c.jpg,2,1,1, ずっと両親を殺した犯人と思われ、彼氏から虐げられた彼女。愛が報われないまま、体も心もボロボロになった彼女。いざ目が覚めた彼が目にしたのは何か、果たして、二人は本当の愛を結べるのか……,910310,3420,75,1,0,29069,131,crtn4572lw,1,妊娠|女性向けのドラマ|二度目のチャンス|コンテンポラリー|人違い|億万長者|ストロングウィル,Pregnancy|Female|Second Chance|Contemporary|Mistaken Identity|Billionaire|Strong-Willed
6704cae7b0643999770b2894,6704cae7b0643999770b2894,149000000000000471,離婚したら億万長者と運命の恋に落ちた,https://v-mps.crazymaplestudios.com/images/dd092350-888b-11ef-a2d6-41216ff1602c.jpg,2,1,1,美しくて才能溢れるヒロインが、四年間音信不通だった夫と離婚。祖母の強い要望で子供を作るために紹介された男性は、実は長年密かに思いを寄せてくれていた億万長者のCEOだった！運命の恋が今、幕を開ける…,1394507,8025,75,1,0,28498,359,zgq7ssd5qe,1,女性向けのドラマ|スイート|コンテンポラリー|身分を隠せ|離婚後の愛|トキシック|億万長者|相続人/社会人,Female|Sweet|Contemporary|Hidden Identity|Love After Divorce|Toxic|Billionaire|Heiress/Socialite
670c931344f185dddf06bfee,670c931344f185dddf06bfee,149000000000001047,キューピッド三つ子～シンデレラママの恋愛支援作戦,https://v-mps.crazymaplestudios.com/images/7d2e2c90-8c38-11ef-a2d6-41216ff1602c.jpg,2,1,1,七年前、彼女は自分を目の敵にしている継母とその娘にはめられ、変な薬を飲まされた。意識が朦朧として、彼女はある男と一夜を過ごした。これを知った父が激怒し、彼女を家から追い出してしまった。七年後、彼女が再び姿を現した。ただし、今度は子供を三人も連れている。妹のフィアンセを見たら、どうも懐かしい気がするが、子供達がその男が自分の父親だと鋭く感じ取った。果たして、本当にそうなのか？,1469141,7700,75,1,0,10812,200,m7kc411xkr,1,女性向けのドラマ|スイート|コンテンポラリー|妊娠|天才ベビー|ワンナイトラブ|億万長者|楽天的,Female|Sweet|Contemporary|Pregnancy|Genius Babies|One Night Stand|Billionaire|Happy-Go-Lucky
674d2391a1afbf0a500d18c8,674d2391a1afbf0a500d18c8,149000000000001211,工事現場の最強お父さん,https://v-mps.crazymaplestudios.com/images/86e8d290-b12b-11ef-a2d6-41216ff1602c.jpg,2,1,1,外から見ると、この中年男性は普通の仕事をしている独身男性に見え、周囲から軽視され、時には困らされることも多い。しかしある日、業界有名な大物が突然「僕はこの人の息子だ」と宣言し、父親である彼を全力で支援し始めた。一方、美しい女社長との偶然の出会いが、彼女の強い追求を招き、彼をさらに助けることとなる。それにもかかわらず、彼はどこか冷静で無関心な様子を保っている。それは、彼がまだ明かしていない、驚くべき秘密の顔を持っているからだ。そして、女社長が強制的に結婚を迫られたその時、彼はついに本当の姿を現し、莫大な財産と人脈、権力、そして影響力を駆使して彼女を救い出した。,490669,2352,75,1,0,10899,149,917bclf1iv,1,身分を隠せ|男向けのドラマ|カムバックストーリー|コンテンポラリー|あまりに遅すぎる|億万長者|ストロングウィル,Hidden Identity|Male|Comeback Story|Contemporary|All-Too-Late|Billionaire|Strong-Willed
6861f2c37784421ae807e56d,6861f2c37784421ae807e56d,149000000000001369,イカサマ師,https://v-mps.crazymaplestudios.com/images/f3f41660-5bdf-11f0-b471-b9eef54adbd8.jpg,2,1,1,俺はイカサマ師だ。カジノで、神のような存在だった。だがこの身で味わった真実を教えよう——賭け事から足を洗え。覚えておけ、ギャンブルに八百長なしなんてありえねぇ。,160643,1156,75,1,0,7213,289,lvud1xkw60,1,カムバックストーリー|男向けのドラマ,Comeback Story|Male
68b93015f136f733d10d2b6d,68b93015f136f733d10d2b6d,149000000000000913,転生してエリートと再婚したら、裏切り夫が絶句しました,https://v-mps.crazymaplestudios.com/images/4174d320-8eb7-11f0-a06b-bdb674869ea1.jpg,2,1,1,蘇婉晴は死ぬ間際に、夫の姜遠誠がまだ生きていることを知る。しかし彼は、双子の兄である姜愷鳴になりすまし、義姉と夫婦になっていたのだ！生まれ変わった蘇婉晴は、彼らに徹底的に復讐することを決意する……,551197,12143,75,1,0,236125,10933,yi1l924j7j,1,復讐|女性向けのドラマ,Revenge|Female
68b93537a20880cce40ac46d,68b93537a20880cce40ac46d,149000000000000917,復讐の令嬢は二度と愛さない ～今さら兄が泣きついても遅すぎる～,https://v-mps.crazymaplestudios.com/images/824bf7d0-8d67-11f0-a06b-bdb674869ea1.jpg,2,1,1,前世、舒夏は実の母を救うために足を失ったにもかかわらず、最も近しい家族に「血袋」として利用され尽くし、婚約者と妹はあろうことか彼女の亡骸のそばで情を交わしていた。転生して戻ってきた彼女は、迷わず家族との縁を断ち切る！血を吸う家族を切り捨て、クズな婚約者を蹴り飛ばし、偽りの純真を装う妹の化けの皮を剥がしていく。古美術を修復する類まれな技術を武器に、富豪・喬沐霆と電撃結婚。彼の権力を借りて、復讐の道を突き進む。遅すぎた家族の情など何の価値もない。この人生で彼女が守るのは、育ての母と真実の愛だけ。そして、仇には血の代償を払わせる！,1024979,5135,75,1,0,7695,252,ftwydjp0n6,1,グループのお気に入り|女性向けのドラマ,Group Favorite|Female
68be722dfc052e9b6a074b37,68be722dfc052e9b6a074b37,149000000000001423,旦那様は、規格外,https://v-mps.crazymaplestudios.com/images/136ef5f0-9939-11f0-a06b-bdb674869ea1.jpg,2,1,1,林辰が白龍山に戻ると、師匠が自分に結婚相手を決めていたことを知る。しかも、その許嫁である顧悦兮が彼を訪ねてきたのだ。伝説の秘宝『天啓玉』が血なまぐさい争いを引き起こすのを防ぐため、林辰は彼女と共に山を下り、その行方を追うことを決意する。,405130,2464,75,1,0,7322,344,hkbsw68auz,1,とぼける,Playing Dumb
6923f6e58c9382bc87080630,6923f6e58c9382bc87080630,149000000000002366,星河に映る想い,https://v-mps.crazymaplestudios.com/images/530f3cc0-cb38-11f0-84ad-6b5693b490dc.jpg,2,1,1,6年前、黎悦は恋人・林天に捨てられ、娘は死んだと告げられた。だが彼は腎臓を提供して彼女を救い、娘と姿を消した。6年後、父のため歌う少女が黎悦の前に現れる。その歌声は、死んだはずの娘を思い出させ…。,100019,1196,75,1,0,7556,365,llnzqi0vfp,1,スイート|甘いロマンス,Sweet|Sweet Romance
69251113b49dfa882e029c91,69251113b49dfa882e029c91,149000000000002375,命を救ったあの日から――無愛想御曹司の溺愛が止まらない,https://v-mps.crazymaplestudios.com/images/42557170-cf29-11f0-84ad-6b5693b490dc.jpg,2,1,1,喬憬は田舎で重傷を負った戦祁霈に遭遇し、応急手術を施したあと立ち去った。大量出血していた戦祁霈は、喬憬の顔をはっきり見ることができなかった。一方、喬憬は祖父が決めた「百日婚約」に従い、戦家に嫁ぐことに。こうして彼女は戦祁霈と100日間の「期間限定の夫婦生活」を始めることになる。,340979,2325,75,1,0,8300,408,3d8gi9yio2,1,とぼける,Playing Dumb
69317621debc2a3be806f582,69317621debc2a3be806f582,149000000000002470,君に永遠の幸せを,https://v-mps.crazymaplestudios.com/images/abc22b80-d99c-11f0-84ad-6b5693b490dc.jpg,2,1,1,山村から来た全国首席の合格者、夏喬。京海大学で夢を追いかけていたが、キャンパスでのいじめによって全てを失う。職場でのセクハラ、元彼の裏切り…絶望の中、突然現れたのはエリートの陸時宴。「俺を踏み台にしろ、君のために全てを捧げる」――彼の愛が、彼女の運命を大きく変える。,153892,1543,75,1,0,8135,401,ai80mtwl62,1,復讐|女性向けのドラマ,Revenge|Female
69412a73bb0f17a1b803252d,69412a73bb0f17a1b803252d,149000000000002584,終末世界から来た最強継母、貧乏家族を叩き直す,https://v-mps.crazymaplestudios.com/images/319c17b0-dfc5-11f0-84ad-6b5693b490dc.jpg,2,1,1,飢えた子供4人、甲斐性なしの美形夫、そして押し寄せる借金取り…終末世界から転生した私を待っていたのは、絶望だらけのド底辺生活だった。だが、この私がただで死ぬとでも？まずは邪魔な夫を借金取りに売り飛ばし、家族改造計画を始動する！これは、一人のたくましき母が、全てをひっくり返す。,21210,410,75,1,0,6853,238,vql3ckpulg,1,とぼける,Playing Dumb
6944c37852172b74920cfbb7,6944c37852172b74920cfbb7,149000000000002668,皇女を即位させ、私は裏で支える！,https://v-mps.crazymaplestudios.com/images/0271a410-dcc7-11f0-84ad-6b5693b490dc.jpg,2,1,1,懐妊システムで転生した安青蘿。前世の復讐のため、公主を女帝にすべく暗躍する。,24913,510,75,1,0,6904,247,5mo8vxwqza,1,甘いロマンス|女性向けのドラマ,Sweet Romance|Female
665e7733766395639500576a,665e7733766395639500576a,149000000000000141,俺の妻は25歳の美人社長,https://v-mps.crazymaplestudios.com/images/89e6b140-2339-11ef-a6eb-0925fdddfb71.jpg,2,1,1,シングルペアレントとして、警備員の仕事からのわずかな収入に頼って生計を立てるのは苦労しました。しかし、運が向いて、突然裕福で美しいCEOの妻ができました。彼女が手を振るだけで、何百万もの価値がある豪華な贈り物が私に届き、その瞬間から私の人生は劇的に変わりました！,1147890,7577,76,1,0,31521,358,jugiun6la5,1,婿|男向けのドラマ|結婚後の恋愛|立身出世,Son-in-Law|Male|Love After Marriage|Rags to Riches
667a71d817af2634e9056685,667a71d817af2634e9056685,149000000000000315,天才医聖,https://v-mps.crazymaplestudios.com/images/a9cdac40-429a-11ef-a6eb-0925fdddfb71.jpg,2,1,1,裕福な後継者はお勧めとして自分の身分の秘密を守ります、そして彼の彼女と恋に落ちます。悲劇的な車事故により、彼は植物人間の状態のままになりますが、彼女は彼の側に留まり、忠誠心を失うことなく献身します。8年後、彼はついに目覚めます... 数年間彼女が世話をした植物人間の彼が、目覚めると大物になってしまう？,949937,5585,76,1,0,30150,222,8etyohxcdk,1,Masculino|Historia de Regreso|Contemporáneo|Identidad Oculta|Marido protector|multimillonario|Alegre y Despreocupado,Masculino|Historia de Regreso|Contemporáneo|Identidad Oculta|Marido protector|multimillonario|Alegre y Despreocupado
667e13e31a90855fcd075edd,667e13e31a90855fcd075edd,149000000000001032,瀾陵将軍、復讐に参る！,https://v-mps.crazymaplestudios.com/images/de08c070-2675-11f0-93de-cb0b88a6d7a9.jpg,2,1,1,君玉は夫の柳雲庭に代わって入隊し、国境を守り、数多な軍功をあげてきた。しかし帰還した彼女は栄華を享受するどころか夫に家族を殺され、恨みを持ったまま死を迎えることに…その後、20歳の自分に転生した君玉は、復讐のため北凉王と手を組んで、柳雲庭の本性を暴き始めた。,696231,4512,76,1,0,5996,215,n29ziuunmf,1,Femenino|Heroína fuerte|De Regreso en el Tiempo|Venganza|Mujer independiente|復讐,Femenino|Heroína fuerte|De Regreso en el Tiempo|Venganza|Mujer independiente|Revenge
66b2ed3c0037b5360800e051,66b2ed3c0037b5360800e051,149000000000000398,80年代に タイムスリップして、デブ妻から大逆転！,https://v-mps.crazymaplestudios.com/images/16c1fc90-7cc8-11ef-a2d6-41216ff1602c.jpg,2,1,1,デブの荏原玲奈が突然1988年にタイムスリップした。そして、依然としてデブだった。前世では、玲奈はトップのファッションデザイナーでした。現世では村人で、突然退役軍人と結婚することになった。タイムスリップした時に、ダイエットの本をもらった。それに従って、1ヶ月で体重を減らすことができた。自信を見に付けた彼女は、ずっとライバルに苛められていたが、曲げずに戦い始めた。ファッション事業に力を入れて、成功し続けた。愛情についても、勿論手に入れようと努力していた。,304114,1579,76,1,0,28922,336,lk4tzpnybx,1,女性向けのドラマ|スイート|バック・イン・タイム|タイムトラベル|結婚後の恋愛|守る夫|スーパーウォーリアー|ストロングウィル,Female|Sweet|Back in Time|Time Travel|Love After Marriage|Protective Husband|Super Warrior|Strong-Willed
6720932ac0c8493827051899,6720932ac0c8493827051899,149000000000001230,唖妃と愛しの双子ちゃん,https://v-mps.crazymaplestudios.com/images/eeecd8b0-aca7-11ef-a2d6-41216ff1602c.jpg,2,1,1,王妃一家に迫害される日々の中で、彼女は一夜限りの身代わりとして王様のもとへと送られる。屈辱の夜を経て、彼女は母親と共に王府から逃げ出したものの、妊娠が発覚。5年後、双子を出産した彼女の平穏な日々は長く続かず、王様が彼女のもとを訪れるのだった…,863280,4388,76,1,0,12062,145,me5z2co2wm,1,悪女ヒロイン|ストロングウィル|バック・イン・タイム|復讐|身分を隠せ|人違い|ロイヤル/貴族|女性向けのドラマ,Strong Heroine|Strong-Willed|Back in Time|Revenge|Hidden Identity|Mistaken Identity|Royalty/Nobility|Female
67209338f29bec33d30db07e,67209338f29bec33d30db07e,149000000000001259,もう一度、愛を伝いたい,https://v-mps.crazymaplestudios.com/images/fd4a8210-bddf-11ef-a2d6-41216ff1602c.jpg,2,1,1,事故によって、元々裕福な家庭に育った少女は家族と離れ離れになってしまう。何年後、再会のチャンスが訪れるが、運命のいたずらと、階級差別が何度も二人を引き離す。しかし、偏見を乗り越え、再び出会うために奮闘する彼らの姿が描かれる。どんな障害が立ちはだかっても、真実の絆を信じて、最後に心が通じ合う感動的な物語。,193050,873,76,1,0,12783,257,x27pf4ptnp,1,再会|済度|聖なる親族|相続人/社会人|ストロングウィル|コンテンポラリー|家族ドラマ|女性向けのドラマ,Reunion|Redemption|Saintly Parent|Heiress/Socialite|Strong-Willed|Contemporary|Family Drama|Female
67b2ae2650bf86924b030530,67b2ae2650bf86924b030530,149000000000000621,運命の瞳〜導かれる愛〜,https://v-mps.crazymaplestudios.com/images/772e1470-ef77-11ef-a38f-0d66b56fc320.jpg,2,1,1,"幼い頃に目の見えない楓と沫は恋に落ちた。事故で沫は楓に角膜を提供し姿を消す。 数年後、丞梟と名乗る楓は偶然に目の見えない沫と再会。互いに気づかぬまま、愛が芽生える二人
そして、ついに真実に辿り着こうとした時突如現れた許轻雨が、全てを狂わせる。愛と嘘が交錯する、運命の物語。",502300,2447,76,1,0,5478,209,vol2qivf8o,1,女性向けのドラマ|家族ドラマ|コンテンポラリー|お涙ちょうだい|億万長者|無邪気な乙女,Female|Family Drama|Contemporary|Tear-Jerker|Billionaire|Innocent Damsel
68be7135fc052e9b6a074ab3,68be7135fc052e9b6a074ab3,149000000000001375,妃の出世術、皇帝を攻略せよ！,https://v-mps.crazymaplestudios.com/images/d9eee610-8faa-11f0-a06b-bdb674869ea1.jpg,2,1,1,大手企業のエリート・姜嫻が異世界に転生し、知能が低いどうしようもないシステムとともに、目上の人全員を攻略する型破りな宮廷サバイバルを始まる。皇帝でさえも昇進のための「ツール」に過ぎない——感情など一切なく、すべては計算のみ。,143307,1077,76,1,0,7292,322,0i3y8lgnsq,1,とぼける,Playing Dumb
6901a9c64062186257051111,6901a9c64062186257051111,149000000000002169,昼夜回響～響き合う、昼と夜の宿命～,https://v-mps.crazymaplestudios.com/images/5e97b2b0-b969-11f0-b4b4-bd031586a1b7.jpg,2,1,1,出所した林夜は、冷酷な男・江昼に捕らわれる。彼の「債務者」として命じられたのは、実の兄・江宇華を身体で誘惑すること。それは、復讐のためだけに仕組まれた非情なゲームの始まりだった。だが、駒として操るはずの彼女の無垢な瞳に、仕掛け人である江昼の心が狂わされていく──,190328,1697,76,1,0,7953,347,yin0tx7jxa,1,復讐|女性向けのドラマ,Revenge|Female
69412b02d2b761144c0e13cc,69412b02d2b761144c0e13cc,149000000000002580,離縁からの逆転,https://v-mps.crazymaplestudios.com/images/4fca2760-dfd2-11f0-84ad-6b5693b490dc.jpg,2,1,1,侯爵家の嫡女・雲依は、新婚直後に夫が出征。三年後、愛人と庶子を連れて帰還した夫と義家族の醜態を見抜き、離縁を決断する。名医として摂政王の難病を治し県主に封ぜられ、陰謀渦巻く乱世で運命を切り開いていく。,17489,504,76,1,0,7659,364,5id36a826v,1,とぼける,Playing Dumb
67318064a069f207e60a8475,67318064a069f207e60a8475,149000000000000520,青空の下君と恋を,https://v-mps.crazymaplestudios.com/images/f5efc8d0-a323-11ef-a2d6-41216ff1602c.jpg,2,1,1,彼女は小さな街で暮らしている普通の大学生。自立心が強く、聡明で魅力的だが、毎日家庭によるプレッシャーを感じていた。学費を払う金がなく、無理やり結婚をさせられる状況に追い込まれた彼女は大胆な決断を下す。それは「逃げる」こと。逃走中、彼女は偶然にも大富豪の若者に出会い、彼の高級車に飛び乗ることになる。普段は、一切女性を寄せ付けない冷酷な性格であったが、次第に彼女に心を惹かれてしまう。たった1回の出会いから運命の歯車が動き始め、お互いに惹かれ合い深い関係へと発展する。しかし、とある誤解がきっかけで二人は離れ離れになってしまう。1ヶ月後、彼女は彼の子を妊娠していることに気づき、再会することになるが──,1582728,11576,77,1,0,30897,210,kpxs48ck90,1,男向けのドラマ|家族ドラマ|コンテンポラリー|人違い|迷子|億万長者|ストロングウィル,Male|Family Drama|Contemporary|Mistaken Identity|Lost Child|Billionaire|Strong-Willed
673180cd43a4fcbe93054b42,673180cd43a4fcbe93054b42,149000000000000521,胸キュン〜冷徹社長に溺愛されまくり！,https://v-mps.crazymaplestudios.com/images/ee0f1ad0-a18e-11ef-a2d6-41216ff1602c.jpg,2,1,1,死を悟った瞬間、人生終わりかと思いきや…再び目を開けると、まさか生まれ変わったとは…それに、彼から大切にされる日々が始まった！,2134610,11846,77,1,0,30007,126,t0d204dc4l,1,女性向けのドラマ|悪女ヒロイン|コンテンポラリー|転生|結婚後の恋愛|復讐|億万長者|ストロングウィル,Female|Strong Heroine|Contemporary|Reincarnation|Love After Marriage|Revenge|Billionaire|Strong-Willed
68be718cfc052e9b6a074ae9,68be718cfc052e9b6a074ae9,149000000000001514,転生女医の子作りミッション,https://v-mps.crazymaplestudios.com/images/90582cd0-8fac-11f0-a06b-bdb674869ea1.jpg,2,1,1,"現代の敏腕女医・紀千雪は、突如として古代・大梁国へ転生してしまう。
謎のシステムから下された過酷な使命は「世継ぎのいない将軍・趙君言に子を授けよ」。必死に任務を果たした千雪だったが、システムは冷酷に告げる。「皇帝となった将軍が心から愛した女性との子でなければ、ミッションは失敗」。誇り高き皇帝の心を射止めるため、千雪の本格的な攻略が始まる！
現代医学の知識を武器に、時に可憐に、時に大胆に――。",191545,1327,77,1,0,7312,332,1io3ox3j59,1,とぼける,Playing Dumb
68bfd6a681d521b91500ed7e,68bfd6a681d521b91500ed7e,149000000000000929,野良犬が牙を剥く時,https://v-mps.crazymaplestudios.com/images/fe61a4c0-9201-11f0-a06b-bdb674869ea1.jpg,2,1,1,"長年交際してきた幼馴染に浮気された医者の季舒語は、気晴らしにドライブへ行っていた先で修理工のアルバイトをしていた大学生 喬野と出会う。思いがけない出会いから、季舒語は喬野のパトロンとなる。
しかし喬野の正体は、行方不明になっていた北城の大富豪 阮家の御曹司だったのだ。喬野の環境の変化から、二人の中に亀裂を生んでしまう。自身が季舒語に釣り合わないと思っていた喬野は海外留学へ行く決意をするが、季舒語は既に喬野の子を身ごもっていたのだ。
5年の月日が経ち、喬野は帰国し季舒語に会いにいくのだが…。",352631,2978,77,1,0,7561,304,gfjz1ld3am,1,再会|女性向けのドラマ,Reunion|Female
68c14253918355c8da016f69,68c14253918355c8da016f69,149000000000000931,このボディーガード、無敵すぎる,https://v-mps.crazymaplestudios.com/images/38812e50-91df-11f0-a06b-bdb674869ea1.jpg,2,1,1,たかが警備員の林霜は、物語の冒頭で資産百億のお嬢様を手玉に取る。彼女は毎日彼のことを調査し、大勢の御曹司である恋敵たちが彼を脅かす。このままでは、自分の正体が暴かれてしまうのではないかと、彼は本気で恐れていた……,786244,6583,77,1,0,7072,340,lvss27saxk,1,身分を隠せ|男向けのドラマ,Hidden Identity|Male
693fde42e345cb9a860356a9,693fde42e345cb9a860356a9,149000000000002564,やり手奥様、冷徹な傅社長はまた涙する,https://v-mps.crazymaplestudios.com/images/39d76fc0-dcef-11f0-84ad-6b5693b490dc.jpg,2,1,1,交際7年、貧乏な夫は資産数百億の御曹司だった。夫の裏切りを知った彼女は、謎の大富豪との契約結婚を選ぶ。,264772,2277,77,1,0,7647,256,v2309l7lgc,1,女性向けのドラマ,Female
66829e567a54485dd90984bb,66829e567a54485dd90984bb,149000000000000203,CEOパパ の甘い愛,https://v-mps.crazymaplestudios.com/images/220eabb0-44de-11ef-8f0e-d52ec280f1a7.jpg,2,1,1,幼い頃から顔のホクロのせいで両親の不承承を受けてきた彼女。予期せず、彼は薬物から彼女を救い、奇跡的にホクロが消えました。彼は10億ドルの贈り物を計画し、結婚を申し込んで返したいと考えています... CEOは彼女のお金持ちではなく、夫になりたいのです！,668609,3303,78,1,0,32095,179,u6ixp9drty,1,ワンナイトラブ|女性向けのドラマ|スイート|コンテンポラリー|健忘症|年齢差|億万長者|楽天的,One Night Stand|Female|Sweet|Contemporary|Amnesia|Age Gap|Billionaire|Happy-Go-Lucky
6688d2ff3f8deaf30106ce44,6688d2ff3f8deaf30106ce44,149000000000000355,私の甘いスピード婚,https://v-mps.crazymaplestudios.com/images/c396d060-45b6-11ef-a96f-c3bf05c2bf9d.jpg,2,1,1,彼女は庶民の女の子で、彼は裕福な若き相続者です。彼らは急遽結婚しました！その後、彼らの出身の大きな差は彼らに多くの障害をもたらします。彼らは一緒でこれらの嵐をどのように乗り越えるでしょうか？最後にまで互いに立ち続けることができますか？,915351,4620,78,1,0,30112,239,clhg20tteh,1,Femenino|Dulce|Contemporáneo|Matrimonio relámpago|Amor después del matrimonio|Marido protector|multimillonario|Alegre y Despreocupado,Femenino|Dulce|Contemporáneo|Matrimonio relámpago|Amor después del matrimonio|Marido protector|multimillonario|Alegre y Despreocupado
66c412f2d9dc91f446094f61,66c412f2d9dc91f446094f61,149000000000000022,パワハラされる私が億万長者の姉と再会した！,https://v-mps.crazymaplestudios.com/images/afbcbcb0-6129-11ef-838e-777d81c2a9c7.jpg,2,1,1,彼女は職場でのいじめと嫌がらせに耐えていたが、ある日、強気な双子の妹がついに彼女を見つけて戻ってきた。,861852,3731,78,1,0,31175,223,6zn1c48yoc,1,復讐|再会|女性向けのドラマ|悪女ヒロイン|コンテンポラリー|億万長者|相続人/社会人|インディペンデント・ウーマン,Revenge|Reunion|Female|Strong Heroine|Contemporary|Billionaire|Heiress/Socialite|Independent Woman
66ea72d1044b651e7208cfe1,66ea72d1044b651e7208cfe1,149000000000000402,親友が私になりすまして、社長夫人に,https://v-mps.crazymaplestudios.com/images/fc55c100-7742-11ef-a2d6-41216ff1602c.jpg,2,1,1,"親友に裏切られ、間違って億万長者と一夜を共にしてしまった私。その熱い一夜の後、彼は街中で私を探していた。  
ところが、親友は彼の巨額の財産に目がくらみ、私に成りすましていた。  
憧れの会社の面接を通過した私。入社した先、社長がどこかで見たことのある顔で妙に気になる。
まさか彼こそが私の熱い一夜のお相手？
果たして彼はあの夜の私だと気付くのだろうか…？",629368,2926,78,1,0,31657,132,pz5fj1wiz3,1,女性向けのドラマ|スイート|コンテンポラリー|ワンナイトラブ|人違い|オフィスラブ|億万長者|モブキャラ,Female|Sweet|Contemporary|One Night Stand|Mistaken Identity|Office Romance|Billionaire|Wallflower
66f123a145c6a99f9306ddf3,66f123a145c6a99f9306ddf3,149000000000000408,幸せの扉をひらくとき,https://v-mps.crazymaplestudios.com/images/bae932d0-7f24-11ef-a2d6-41216ff1602c.jpg,2,1,1,生まれた時から顔には母斑があった私は、実の親に嫌われていて、小さい頃からいじめられていました。大きくなって、たまたま薬を飲まれた億万長者を助けて、顔の母斑も奇跡的に消えました。謎の億万長者は私と結婚するために、数千億の価値がある結納品を用意しました…,604505,2728,78,1,0,31941,218,g53ct1vrdq,1,女性向けのドラマ|スイート|コンテンポラリー|ワンナイトラブ|年齢差|妊娠|億万長者|人違い,Female|Sweet|Contemporary|One Night Stand|Age Gap|Pregnancy|Billionaire|Mistaken Identity
670cbe0f95c9479a0202fa0c,670cbe0f95c9479a0202fa0c,149000000000000420,社長の愛人になって大儲けした件,https://v-mps.crazymaplestudios.com/images/33b32e50-8c5e-11ef-a2d6-41216ff1602c.jpg,2,1,1,老社長は謎の死を遂げた。彼の息子は元凶を探るために、落ち込んだふりをして、使用人にまで身をやつした。貧困と権力者からの侮辱、更に私からの掠奪にも耐えてきた。今嵐が舞い戻っように、彼が再び頂点に立ち、かつて彼を侮辱した人たちに復讐し始めた。そして私は、彼の最初の復讐対象だった。,706242,3534,78,1,0,30356,250,0orjyr4jsk,1,身分を隠せ|女性向けのドラマ|悪女ヒロイン|コンテンポラリー|敵から恋人へ|復讐|億万長者|インディペンデント・ウーマン,Hidden Identity|Female|Strong Heroine|Contemporary|Enemies to Lovers|Revenge|Billionaire|Independent Woman
6710f575a8f0f21c6508ce17,6710f575a8f0f21c6508ce17,149000000000001138,Re: 美人に拾われてから俺成りあがる,https://v-mps.crazymaplestudios.com/images/f3b45160-9204-11ef-a2d6-41216ff1602c.jpg,2,1,1,かつては優れた武術の腕を持っていましたが、ある少女が命をかけて私を救ってくれた後、彼女を生き返らせるために全ての力を犠牲にし、記憶を失い愚か者になりました。私の犠牲に感謝した彼女は、私を夫として迎え入れ、3年間守ってくれました。しかし、愚か者の私はいじめの標的になりやすかったのです。今、彼女の家族が利益のために結婚を迫る中、突然記憶と力を取り戻しました。私は愚か者のふりを続け、彼女を密かに守りながら、私を侮る者たちを出し抜くことに決めました。,1069098,6458,78,1,0,11646,261,8orbmu7pbk,1,とぼける,Playing Dumb
674d24404ab4e4dfe90d6e52,674d24404ab4e4dfe90d6e52,149000000000000516,バツイチ令嬢は３兄弟に溺愛される,https://v-mps.crazymaplestudios.com/images/5406e140-b6a9-11ef-a2d6-41216ff1602c.jpg,2,1,1,かつて、家族に愛され、まるでお姫様のように大切に育てられていた彼女。しかし、彼氏のために家族との縁を切り、すべてを犠牲にする覚悟をしてしまった。ところが、彼氏は巨額の金を手に入れた途端、本性を現し、彼女を捨てて権力者の娘と結婚しようとする。彼女は元カレとその家族から侮辱され、心に深い傷を負う。,850938,3798,78,1,0,30507,151,rtxuqri2t2,1,女性向けのドラマ|悪女ヒロイン|コンテンポラリー|グループのお気に入り|身分を隠せ|あまりに遅すぎる|億万長者|相続人/社会人,Female|Strong Heroine|Contemporary|Group Favorite|Hidden Identity|All-Too-Late|Billionaire|Heiress/Socialite
684644a1ba3fec36d509bb25,684644a1ba3fec36d509bb25,149000000000000843,出産の日に離婚した私,https://v-mps.crazymaplestudios.com/images/99989a70-481a-11f0-860b-97fc2eb1c6d9.jpg,2,1,1,"秦悦は秦氏グループの後継者としての立場を隠し、母親とも絶縁し、貧乏な恋人・赵磊と結婚することを選ぶ。
10ヶ月の妊娠生活を送りながらも、胎位が悪く、私立病院で出産準備をしていたところ、赵磊の友人・徐艳に「虚栄心で楽しむために作っただけ」と言われ、赵磊は彼女を小さな病院に転院させようとする。その矛盾が激化し、秦悦の父・秦峰が娘の出産のために現れるが、赵磊と徐艳にひどく嘲笑される。しかし、金、華、黄の名だたるビジネスマンたちが秦峰の証言を後押しし、赵磊は初めて秦峰の立場を信じるが、秦悦はすでに流産し、離婚していた。赵磊は後悔し、嘘をついて秦悦と彼女の父親を殺人者に仕立て上げ、ネットで非難の声が広がる。秦峰は証拠を集め、強硬に反撃し、最終的に赵磊と徐艳は犯罪で有罪判決を受けることになる。",571184,3309,78,1,0,9341,454,uctrndc6n9,1,復讐|悪女ヒロイン|ストロングウィル|家族ドラマ|ファミリー|身分を隠せ|コンテンポラリー|女性向けのドラマ,Revenge|Strong Heroine|Strong-Willed|Family Drama|Family|Hidden Identity|Contemporary|Female
68b93227f266bdc3e70db59b,68b93227f266bdc3e70db59b,149000000000000914,スピード婚の相手は、極道令嬢でした,https://v-mps.crazymaplestudios.com/images/a2685030-8eb7-11f0-a06b-bdb674869ea1.jpg,2,1,1,ヤクザの組長の娘である許灼凝は、家族に結婚を急かされたことから、代々学者の家系に生まれた研究の権威、陸雲崢とスピード婚をすることに。さっぱりとして自由奔放な許灼凝の存在は、研究一筋で恋愛に興味のなかった陸雲崢の日常を、次第に面白く彩っていく……,676975,4263,78,1,0,7043,330,fuau3jv7bf,1,スピード婚|女性向けのドラマ,Flash Marriage|Female
68be713bfc052e9b6a074ab7,68be713bfc052e9b6a074ab7,149000000000001376,離縁してやる：殿下の身分がバレた,https://v-mps.crazymaplestudios.com/images/e983b2e0-8faa-11f0-a06b-bdb674869ea1.jpg,2,1,1,エリートエイジェットが大臣のアホ娘になって、醜い暴君である煜王と結婚しなければならない。子をなす王命から逃げるため、彼女は王城一の美男子に目を付けた。でもその美男子の正体はまさに結婚相手の煜王だ。この心を奪うゲームに勝つのは一体誰だ？,214786,1258,78,1,0,7695,256,31pvtjf02b,1,とぼける,Playing Dumb
691c2be109151c639308e96d,691c2be109151c639308e96d,149000000000002288,濡れ衣の姫の逆襲,https://v-mps.crazymaplestudios.com/images/091aca30-c5f7-11f0-84ad-6b5693b490dc.jpg,2,1,1,奔放に生きてきた長公主雲綺。しかしある日、彼女は自分を貶めるために書かれた物語の世界に転生し、「嫌われ者の悪役令嬢」に成り果ててしまう。冷酷な夫には離縁され、陰湿な義弟に蔑まれ、かつて袖にした男には追い詰められる日々。しかし、すべてを失ったはずの彼女が不敵に笑う時、物語は大きく歪み始める。「私を嫌っていたのではなくて？なぜ今になって、私の狗になりたがるのかしら」,135137,1148,78,1,0,7644,294,205l1ln199,1,甘いロマンス|女性向けのドラマ,Sweet Romance|Female
691c2d0f810db113ab0745d5,691c2d0f810db113ab0745d5,149000000000002290,社長と秘書のラブ革命,https://v-mps.crazymaplestudios.com/images/ca4db780-c6b0-11f0-84ad-6b5693b490dc.jpg,2,1,1,聡明でユーモアのセンスも抜群な25歳、邱瑜。彼女は冷徹で知られる社長季向東の「完璧な秘書」だ。しかし、元恋人からの執拗な嫌がらせや、彼の家族からの妨害が、彼女の日常を脅かし始める。窮地に立たされた彼女を守るうち、氷の仮面を被った社長の、隠された想いが少しずつ零れ落ちていく…これは偽りの庇護か、それとも本物の愛か。仕事と愛の渦の中で、彼女が掴み取る本当の幸せとは？,564467,4395,78,1,0,6630,241,91bdfzgub2,1,甘いロマンス|女性向けのドラマ,Sweet Romance|Female
691e73db967bec54170e4a3b,691e73db967bec54170e4a3b,149000000000002306,藩王の寵愛一身に、皇太子は涙,https://v-mps.crazymaplestudios.com/images/ea7c4010-cab8-11f0-84ad-6b5693b490dc.jpg,2,1,1,もう、泣き寝入りはしない。信じたはずの愛に裏切られ、家族に全てを奪われた名家の令嬢は、その涙を力に変えることを誓った。彼女が選んだ道は、復讐。一族の財を全て奪い、かつての婚約者に見切りをつけ、その莫大な黄金で孤高の燕王から王妃の座を手に入れる。商才を武器に、彼女は自分を貶めた者たちを一人、また一人と絶望の淵へ追いやっていく…,305163,3276,78,1,0,7455,274,uc169dd7gu,1,スイート|女性向けのドラマ,Sweet|Female
692510f0b49dfa882e029c83,692510f0b49dfa882e029c83,149000000000002382,身代わり令嬢の華麗なる逆襲,https://v-mps.crazymaplestudios.com/images/0d945c20-cf52-11f0-84ad-6b5693b490dc.jpg,2,1,1,家族からゴミのように扱われ、不能と噂の男へ身代わりに嫁がされた養女、宋婳。しかし、彼女の正体は、あらゆる分野で世界を震撼させた伝説の天才だった！利用され、裏切られ、全てを奪われた彼女の中で、ついに本物の魂が覚醒する。「復讐は、夜を待たない」。彼女を無能な田舎娘と見下した者たちが、本当の絶望を知るのは、もうすぐ。,211394,1471,78,1,0,7102,342,1p0hv1tb5b,1,とぼける,Playing Dumb
694221e5accc96aed30ce01f,694221e5accc96aed30ce01f,149000000000002361,身代わり婚の後、御曹司の腕の中へ,https://v-mps.crazymaplestudios.com/images/817ec5a0-df1d-11f0-84ad-6b5693b490dc.jpg,2,1,1,千年前から来た葉挽星。継妹の代わりに御曹司に嫁ぐも夫は初日に事故死。一家を手なずけ、悠々自適な未亡人生活…と思いきや、護衛の視線がだんだん怪しくなり…。,42888,722,78,1,0,7375,325,0ym3zsuxi3,1,復讐|女性向けのドラマ,Revenge|Female
667a6c7f6d99b175410f4f4d,667a6c7f6d99b175410f4f4d,149000000000000331,華麗なる逆襲,https://v-mps.crazymaplestudios.com/images/83caa770-4f27-11ef-a96f-c3bf05c2bf9d.jpg,2,1,1,最も裕福な家族の継承女が恩返しのため自分の身分のことを隠して、密かに生んでいる家族に嫁いでいます。三年後、彼女は夫の不倫を発見し、自分の継承女としての身分がメイドの娘に盗まれていることを学びます。家から追い出され、彼女を追い出した人々から容赦ない敵意に直面します。もはや寛大でいられない彼女は立ち向かうことに決めます。,1174904,5235,79,1,0,32556,277,wj3wcq0jb8,1,身分を隠せ|復讐|コンテンポラリー|悪女ヒロイン|女性向けのドラマ,Hidden Identity|Revenge|Contemporary|Strong Heroine|Female
667a37725d7affe4410655ef,667a37725d7affe4410655ef,149000000000000150,逃げたCEOの妻と双子,https://v-mps.crazymaplestudios.com/images/f7908b10-3547-11ef-a6eb-0925fdddfb71.jpg,2,1,1,彼は元妻と離婚してから、他の女性と関わることはなかった。かつて彼女を愛していたことを認めようとしなかった。しかし、再会すると、身体的にも感情的にも本当の愛は元妻であり、初恋の人ではなかったと気づいた。,1068328,5108,79,1,0,30322,234,zenj0d5ak4,1,女性向けのドラマ|離婚後の愛|スイート|コンテンポラリー|二度目のチャンス|天才ベビー|億万長者,Female|Love After Divorce|Sweet|Contemporary|Second Chance|Genius Babies|Billionaire
668c08b0177404f29f00a932,668c08b0177404f29f00a932,149000000000000345,結婚相手の正体は社長だった!?,https://v-mps.crazymaplestudios.com/images/a1f7b080-5fad-11ef-838e-777d81c2a9c7.jpg,2,1,1,離婚した母親は母親からの圧力を受け、やむなく子供を連れてお見合いに行く。偶然、彼女は彼に出会う。元夫に屈辱を受けたとき、彼は彼女のために立ち上がり、閃速結婚に至る。彼は CEO という身分を隠し、あらゆる方法で彼女を助ける。幸せへの道に障害があり、彼女は彼が数年前に一夜限りの関係を持った男で、自分の子供の生物学的な父親であることに気づく……。,917858,4282,79,1,0,31401,226,83ka4lt9j9,1,Femenino|Dulce|Contemporáneo|Matrimonio relámpago|Identidad Oculta|Una noche de pie|multimillonario|Indomable,Femenino|Dulce|Contemporáneo|Matrimonio relámpago|Identidad Oculta|Una noche de pie|multimillonario|Indomable
670cbdd0aff387c8c3003fe6,670cbdd0aff387c8c3003fe6,149000000000000421,二度目の夫婦生活,https://v-mps.crazymaplestudios.com/images/52f7dbf0-8c5c-11ef-a2d6-41216ff1602c.jpg,2,1,1,かつて妻と娘を売った男。時は経ち、経営者として成功した男は妻に突き落とされる。目が覚めると、妻と娘を売った日の前日に戻っていた。後悔の念から、男は今世では必ず二人を幸せにすると誓う。,537505,2637,79,1,0,33123,326,b6du2easb8,1,男向けのドラマ|立身出世|コンテンポラリー|転生|復讐|済度|億万長者,Male|Rags to Riches|Contemporary|Reincarnation|Revenge|Redemption|Billionaire
67170f9828f0586d5e0cf191,67170f9828f0586d5e0cf191,149000000000000490,40歳で妊娠!? CEOとの予期せぬ恋,https://v-mps.crazymaplestudios.com/images/63a1f1b0-9130-11ef-a2d6-41216ff1602c.jpg,2,1,1,虐待していた元夫と離婚した女性は、清掃の仕事をしながら一人で娘を育てていた。そんなある夜、酔っ払った社長との偶然の出会いがきっかけで、思いがけず妊娠してしまう。真実を打ち明けるべきか悩んでいると、社長とその母親が彼女の前に現れた。意外にも、彼とその家族は惜しみない支援と愛で彼女を支えようとするのだった。,409069,1983,79,1,0,31676,338,q8ozgxunt0,1,女性向けのドラマ|スイート|コンテンポラリー|妊娠|ワンナイトラブ|億万長者|楽天的,Female|Sweet|Contemporary|Pregnancy|One Night Stand|Billionaire|Happy-Go-Lucky
6728401d53c77327ef0a1e3b,6728401d53c77327ef0a1e3b,149000000000001145,折れた龍の骨,https://v-mps.crazymaplestudios.com/images/c71d7340-9ce3-11ef-a2d6-41216ff1602c.jpg,2,1,1,"百年に一人と謳われた武道の天才。稀代の龍骨を持つ名門の後継者であった彼の運命は、継母の野望により一変する。異母弟への龍骨移植により不具となった彼は、幼なじみの犠牲的な助けにより死の淵から逃れた。
十年の月日が流れ、今、彼は二つの誓いを胸に舞い戻る——裏切者への復讐と、彼女との約束を果たすために。しかし運命は残酷にも、皇族との政略結婚という新たな試練を彼の前に置く。復讐の果てに待つものは、哀しき愛の応酬か、それとも——。",1848035,10946,79,1,0,13051,177,le9sfhd5c0,1,男向けのドラマ|カムバックストーリー|コンテンポラリー|身分を隠せ|契約の恋人|スーパーウォーリアー|ストロングウィル,Male|Comeback Story|Contemporary|Hidden Identity|Contract Lovers|Super Warrior|Strong-Willed
68be7154fc052e9b6a074acb,68be7154fc052e9b6a074acb,149000000000001381,悪役令嬢のハッピーライフ,https://v-mps.crazymaplestudios.com/images/3b8d6070-8fbc-11f0-a06b-bdb674869ea1.jpg,2,1,1,主人公の姜南書は元の現実世界で人に陥れられ、交通事故で死亡した後、全員嫌われシステムと紐づけ、小説の世界に転生した。転生した彼女は、姜家が3年前に、田舎から連れ戻した悪玉令嬢となった。,403354,2072,79,1,0,7842,282,1itd1zbksb,1,とぼける,Playing Dumb
665efcf3e23286bbd9033036,665efcf3e23286bbd9033036,149000000000000062,天才双子の片割れを連れ元夫との再会,https://v-mps.crazymaplestudios.com/images/e723ec50-6b33-11ef-838e-777d81c2a9c7.jpg,2,1,1,"""6年前、命を落としかけた事件の後、彼女は姿を消した。
今、息子を連れて戻った彼女は、オークションで元夫と再会する。
しかし、彼女は彼のことを完全に忘れてしまったようだ…""",484824,2301,80,1,0,34041,283,osn8qcfnxo,1,離婚後の愛|二度目のチャンス|再会|結婚後の恋愛|億万長者|天才ベビー,Love After Divorce|Second Chance|Reunion|Love After Marriage|Billionaire|Genius Babies
665dabadd181fe85d8094615,665dabadd181fe85d8094615,149000000000000015,令嬢の華麗なる復讐,https://v-mps.crazymaplestudios.com/images/527749e0-66c3-11ef-838e-777d81c2a9c7.jpg,2,1,1,子供の頃、彼女は連れ去られたが、後に家族を見つけた。しかし、養女の妹が嫉妬し、彼女を騙して母親を死に追いやった。さらに、彼女は金持ちの男性によって妊娠する。死んだふりをして、5年後に彼女は戻り、自分を傷つけた人たちに報復を誓った。,613145,2575,80,1,0,32514,161,bmej16ew14,1,復讐|身分を隠せ|契約の恋人|相続人/社会人,Revenge|Hidden Identity|Contract Lovers|Heiress/Socialite
667a6c8c464a7792e206283e,667a6c8c464a7792e206283e,149000000000000332,億万長者CEOと五つ子,https://v-mps.crazymaplestudios.com/images/4eaccb70-4434-11ef-8bb2-91d66eccfa73.jpg,2,1,1,"""7年封印された真実、五倍の愛は失われた時を埋め合わせられるのか？
天才デザイナーの蘇黎は、7年前、華々しい活躍をしていたが、ある日突然姿を消した。7年後、彼女は謎めいた過去と衝撃的な秘密を携え、華麗に帰ってきた。
霧が深く、誰が真実を語っているのか、真偽のほどはわからない。家族の妨害、過去の恋人の疑い、そして絶えず隙を狙う敵たちに立ち向かう中で、蘇黎は真相を解き明かし、自分の潔白を証明できるのか？そして、五倍の愛情が訪れたとき、彼女はどのように決断するのか？
封印された秘密がついに明らかになり、愛と憎しみが織りなす壮絶な豪門の争いが今、始まる。""",2790558,16804,80,1,0,37192,272,febsww2njc,1,ワンナイトラブ|天才ベビー|再会|億万長者|楽天的|スイート|女性向けのドラマ,One Night Stand|Genius Babies|Reunion|Billionaire|Happy-Go-Lucky|Sweet|Female
668c15ef45bb15d0a005c68d,668c15ef45bb15d0a005c68d,149000000000000368,僕はパパとママのキューピット,https://v-mps.crazymaplestudios.com/images/a0cf8d00-6b5a-11ef-838e-777d81c2a9c7.jpg,2,1,1,一夜の関係で出来てしまった赤ん坊を出産後、とある女性に子供を奪い取られ、挙句に記憶喪失してしまう主人公の孟雨。一方、生まれたばかりの赤ん坊を目にするも、子供の母親が失踪したことを知った父親の陸庭楓は、女は子供を捨てて去ってしまったと思い込み、一人で子育てすることを決心する。その6年後、誤って交通事故に遭遇してしまうある男の子を救った孟雨は、その子にママだと呼ばれてしまい、恩返しの代わりにその子供と同棲することになってしまった…。,665580,2694,80,1,0,30140,141,bxg37rk08b,1,女性向けのドラマ|Segunda oportunidad|コンテンポラリー|Bebés genios|Una noche de pie|身分を隠せ|multimillonario|Heredera/socialité,Female|Segunda oportunidad|Contemporary|Bebés genios|Una noche de pie|Hidden Identity|multimillonario|Heredera/socialité
667a83910cb11cc42601479b,667a83910cb11cc42601479b,149000000000000324,まさか父は億万長者,https://v-mps.crazymaplestudios.com/images/f7e8bc10-7b36-11ef-a2d6-41216ff1602c.jpg,2,1,1,彼はかつて、ビジネス業界で一番有名な企業家であった。だが、迫害のせいで、彼は自ら行方を隠し、指定運転手として貧しい生活を送ってきた。二十年後、息子の会社を敵の陥れから救うため、彼は昔の姿に舞い戻ることを決めた。,248521,1230,80,1,0,30964,331,wuc8xlfgp1,1,男向けのドラマ|Historia de Regreso|コンテンポラリー|身分を隠せ|Bussiness|multimillonario,Male|Historia de Regreso|Contemporary|Hidden Identity|Bussiness|multimillonario
667130f845ec3cc62b09e2f7,667130f845ec3cc62b09e2f7,149000000000000142,夜空の遺産,https://v-mps.crazymaplestudios.com/images/87de99b0-434d-11ef-a6eb-0925fdddfb71.jpg,2,1,1,彼女の養父母は彼女を貧乏で偽の相続人として嫌っていたが、彼女が億万長者の実の家族に戻り、五人の兄と億万長者のCEOの彼氏に溺愛されることを知らなかった。,513114,2748,80,1,0,31170,197,h3mpyc3nj7,1,スイート|女性向けのドラマ|相続人/社会人|億万長者,Sweet|Female|Heiress/Socialite|Billionaire
669a294f726cebebbb030e2c,669a294f726cebebbb030e2c,149000000000000385,新時空の料理妻,https://v-mps.crazymaplestudios.com/images/65d13b00-7045-11ef-a2d6-41216ff1602c.jpg,2,1,1,世界トップレベルの料理人の私が事故で時空を超えて 古代に生まれ変わったら 農家ぶよぶよの新婚妻になってしまった。100キロ近くの私が屈辱といじめにあった。そして ダイエットを決心し 得意な料理で商売をはじめた。成功への道のりで 一番近い主人にまさかの秘密が…,587458,2799,80,1,0,30651,278,0furwwh29s,1,女性向けのドラマ|スイート|バック・イン・タイム|タイムトラベル|結婚後の恋愛|身分を隠せ|元帥/将軍|ストロングウィル,Female|Sweet|Back in Time|Time Travel|Love After Marriage|Hidden Identity|Marshal/General|Strong-Willed
667130f845ec3cc62b09e2f7,667130f845ec3cc62b09e2f7,149000000000000142,夜空の遺産,https://v-mps.crazymaplestudios.com/images/87de99b0-434d-11ef-a6eb-0925fdddfb71.jpg,2,1,1,彼女の養父母は彼女を貧乏で偽の相続人として嫌っていたが、彼女が億万長者の実の家族に戻り、五人の兄と億万長者のCEOの彼氏に溺愛されることを知らなかった。,513126,2749,80,1,0,31170,197,h3mpyc3nj7,1,スイート|女性向けのドラマ|相続人/社会人|億万長者,Sweet|Female|Heiress/Socialite|Billionaire
669a294f726cebebbb030e2c,669a294f726cebebbb030e2c,149000000000000385,新時空の料理妻,https://v-mps.crazymaplestudios.com/images/65d13b00-7045-11ef-a2d6-41216ff1602c.jpg,2,1,1,世界トップレベルの料理人の私が事故で時空を超えて 古代に生まれ変わったら 農家ぶよぶよの新婚妻になってしまった。100キロ近くの私が屈辱といじめにあった。そして ダイエットを決心し 得意な料理で商売をはじめた。成功への道のりで 一番近い主人にまさかの秘密が…,587617,2799,80,1,0,30651,278,0furwwh29s,1,女性向けのドラマ|スイート|バック・イン・タイム|タイムトラベル|結婚後の恋愛|身分を隠せ|元帥/将軍|ストロングウィル,Female|Sweet|Back in Time|Time Travel|Love After Marriage|Hidden Identity|Marshal/General|Strong-Willed
66b1f59238ce9f89ec0eb465,66b1f59238ce9f89ec0eb465,149000000000000395,龍とともに,https://v-mps.crazymaplestudios.com/images/f8e8a360-6b31-11ef-838e-777d81c2a9c7.jpg,2,1,1,"「なんだこれは。私の中からドラゴンの声が？」
「この役立たずめ。なぜお前のような子孫がいる」
妻の浮気と娘の病気。そんな絶望の中で、突如体内から聞こえてきた声。その声の主は自らを、私の中に長年住んでいるドラゴンだと言う。
ドラゴンの力を借り、運命を変えるチャンスを掴むことを誓う。",391409,1822,80,1,0,32097,278,6y0tjklax1,1,男向けのドラマ|立身出世|コンテンポラリー|復讐|聖なる親族|身分を隠せ|龍,Male|Rags to Riches|Contemporary|Revenge|Saintly Parent|Hidden Identity|Dragon
669873f508015ee6360d13e8,669873f508015ee6360d13e8,149000000000000377,神を統べる男,https://v-mps.crazymaplestudios.com/images/4b23b940-65f5-11ef-838e-777d81c2a9c7.jpg,2,1,1,"ある日、俺様の正体を知った元嫁が後悔しまくってる！ある日、俺様の正体を知った元嫁が後悔しまくってる！
昔は裏社会のトップだった俺様。でも、嫁と出会ってからは、普通の現場作業員として生きることにした。ところがよ、結婚記念日に俺様が首を長くして待ってる間、あいつは金持ち屋敷でバースデーパーティーしてやがった！",845206,3918,80,1,0,32174,310,p0r65y7j8r,1,Masculino|Historia de Regreso|Contemporáneo|Identidad Oculta|Harén|Venganza|Inmortal,Masculino|Historia de Regreso|Contemporáneo|Identidad Oculta|Harén|Venganza|Inmortal
66a84bf302917600400220be,66a84bf302917600400220be,149000000000000063,秘書の秘密の恋,https://v-mps.crazymaplestudios.com/images/1e250970-4f26-11ef-a96f-c3bf05c2bf9d.jpg,2,1,1,5年間、ある女性は上司の愛人でしたが、彼は本気で愛してくれませんでした。もう我慢できず、長年愛してきた彼を見限ることにしましたが、彼は大慌てでした…。,774255,7273,80,1,0,31579,352,8efh2cz2s8,1,億万長者|女性向けのドラマ|コンテンポラリー|三角関係|復讐|仕事|ストロングウィル,Billionaire|Female|Contemporary|Love Triangle|Revenge|Business|Strong-Willed
66b5bcf0f662eb0f6b06369f,66b5bcf0f662eb0f6b06369f,149000000000000295,消えた母,https://v-mps.crazymaplestudios.com/images/e553d220-5a1a-11ef-838e-777d81c2a9c7.jpg,2,1,1,事故がきっかけで社長と一夜を共にした彼女は、妊娠してしまう。しかし、親友によって生まれたばかりの我が子を崖から突き落とされる悲劇に見舞われる。幸運にもお腹の中にはもう一人生命が宿っていた。五年後、彼女は息子と共に社長の元へ戻ることを決意する。,755503,5908,80,1,0,30912,229,7qi356zh2x,1,女性向けのドラマ|トキシック|コンテンポラリー|ワンナイトラブ|天才ベビー|億万長者|無邪気な乙女,Female|Toxic|Contemporary|One Night Stand|Genius Babies|Billionaire|Innocent Damsel
66ad13cbc4f089b35a07050a,66ad13cbc4f089b35a07050a,149000000000000393,まさかの！？恋する泌尿器科女医,https://v-mps.crazymaplestudios.com/images/8d3348e0-5a1b-11ef-838e-777d81c2a9c7.jpg,2,1,1,女性泌尿器科医の私が、診察中に口説いてきた患者と契約結婚！？ 祖母に頼まれ、CEOの孫である彼の治療を担当することに。彼は私を祖母のセッティングしたお見合い相手と勘違いし、猛アプローチ！こんな男、星の数ほど見てきたわ。私は冷静に診察を続けた。治療後、なんと祖母が私たちを本当にくっつけようとしている！？これは父の冤罪を晴らすチャンス！そう思い契約結婚を承諾した私。彼との生活の中で、次第に彼に惹かれていく自分に気づく。,583935,2949,80,1,0,31074,143,xugjqvpup0,1,Femenino|Dulce|Contemporáneo|Amor Después del Matrimonio|Venganza|Amantes Por Contrato|Multimillonario|Mujer Independiente,Femenino|Dulce|Contemporáneo|Amor Después del Matrimonio|Venganza|Amantes Por Contrato|Multimillonario|Mujer Independiente
668e07421155684972043731,668e07421155684972043731,149000000000000019,ホームレスの夫は兆万長者,https://v-mps.crazymaplestudios.com/images/55af3780-3eaf-11ef-a6eb-0925fdddfb71.jpg,2,1,1,彼女は結婚の前日に、婚約者の不貞行為を知る。怒りに駆られ、気まぐれに通りすがりの男と結婚した。そして彼女は知らなかったが、その格好いいホームレスの夫は、実は兆万長者であるCEOだった！,633151,3422,80,1,0,33508,352,9iq2a1utvy,1,スピード婚|守る夫|億万長者,Flash Marriage|Protective Husband|Billionaire
66986e1a15f0ff84ce0db56e,66986e1a15f0ff84ce0db56e,149000000000000378,社長、新人インターン生は奥様？,https://v-mps.crazymaplestudios.com/images/5e110b70-65eb-11ef-838e-777d81c2a9c7.jpg,2,1,1,"「契約結婚の夫は億万長者のCEOだった！」
祖母が重病に倒れ、手術費用を賄うために見知らぬ男性と一年間の契約結婚をした私。ところが、インターン先の社長と恋に落ちてしまい、そして、その社長こそが私の結婚相手だったのです…。契約期間が終わりに近づき、離婚するはずだった私たち。しかし、何と、二人とも結婚証明書を紛失してしまいました。このままでは、離婚できないの…？彼の正体は…？私の恋の行方は…？",899280,4788,80,1,0,32455,244,cbtfa130bq,1,結婚後の恋愛|スピード婚|契約の恋人|億万長者|楽天的|コンテンポラリー|スイート|女性向けのドラマ,Love After Marriage|Flash Marriage|Contract Lovers|Billionaire|Happy-Go-Lucky|Contemporary|Sweet|Female
66c43e1e42be93740101c60f,66c43e1e42be93740101c60f,149000000000000016,実は億万長者！？警備員の父が隠していた秘密,https://v-mps.crazymaplestudios.com/images/528e20b0-5f85-11ef-838e-777d81c2a9c7.jpg,2,1,1,満足そうな警備員の父親は、野心的な息子が億万長者の帝国を築くのを見守り、慎重になるよう助言します。息子のビジネスが崩壊すると、父親が立ち上がり状況を好転させます。息子は、父親がただの警備員ではなく、実は世界一の富豪であることに驚きます。,1404411,14587,80,1,0,34156,241,ui1yl947po,1,とぼける|億万長者|男向けのドラマ|身分を隠せ|コンテンポラリー|カムバックストーリー|インディペンデント・ウーマン,Playing Dumb|Billionaire|Male|Hidden Identity|Contemporary|Comeback Story|Independent Woman
66def5ceb13c176c400dfcfe,66def5ceb13c176c400dfcfe,149000000000000441,記憶喪失後に恋が始まった,https://v-mps.crazymaplestudios.com/images/05939f20-71b3-11ef-a2d6-41216ff1602c.jpg,2,1,1,結婚して三年目、夫は終始、私に冷たく接していた。彼の初恋が帰国した後、待ちに待った夫からすぐ離婚を言い渡された。だが、離婚協議書にサインする直前に、夫が交通事故に遭い、記憶喪失になった。今の彼は、ただの忠実な愛妻家だ。,725408,2938,80,1,0,31386,216,9s2cet8ipk,1,女性向けのドラマ|スイート|コンテンポラリー|健忘症|結婚後の恋愛|守る夫|億万長者,Female|Sweet|Contemporary|Amnesia|Love After Marriage|Protective Husband|Billionaire
66ea7075e5c15874a501d1be,66ea7075e5c15874a501d1be,149000000000000425,富豪パパの帰還、逆転する令嬢,https://v-mps.crazymaplestudios.com/images/de21c420-7b36-11ef-a2d6-41216ff1602c.jpg,2,1,1,十五年前、父親は娘を守るために指を失い、それが原因で二人は離れ離れになった。今、彼女は元彼の裏切りに直面し、水の宅配をしていることで家族から軽蔑され、養父は屈辱の末に亡くなってしまう。そんな苦しい状況の中、突然、実の父親が富豪となって彼女を迎えに現れる。しかし、再会は一筋縄ではいかず、自分こそが本当の令嬢だと主張するもう一人の女性が現れ、家族内の対立が勃発する。,687089,2234,80,1,0,30723,248,6pltn2m3nx,1,女性向けのドラマ|立身出世|コンテンポラリー|迷子|人違い|復讐|相続人/社会人|ストロングウィル,Female|Rags to Riches|Contemporary|Lost Child|Mistaken Identity|Revenge|Heiress/Socialite|Strong-Willed
66f12761fcbd22cf3c0b64ba,66f12761fcbd22cf3c0b64ba,149000000000000380,将軍の大切な恋人,https://v-mps.crazymaplestudios.com/images/d7965690-7f2b-11ef-a2d6-41216ff1602c.jpg,2,1,1,夫が一族の財産を奪うために、私と子供を殺した！でも私は生まれ変わった、人生リセットのチャンスが与えられた。前世は借金を返すために、彼と結婚したが、この男は私の恩人ではなく、ただの偽善者だった。今回の人生、再び本当の恩人に助けてくれて、私は隠れて復讐することができた。危険に囲まれ、再び襲われ、私は記憶を失った...どうすればいい？,424121,2971,80,1,0,31713,123,2i6ypt9lxo,1,転生|女性向けのドラマ|スイート|バック・イン・タイム|守る夫|復讐|億万長者|相続人/社会人,Reincarnation|Female|Sweet|Back in Time|Protective Husband|Revenge|Billionaire|Heiress/Socialite
6704c8b20175d696400e3109,6704c8b20175d696400e3109,149000000000001063,俺は本当に仙人ではないんだ！,https://v-mps.crazymaplestudios.com/images/de692ec0-87aa-11ef-a2d6-41216ff1602c.jpg,2,1,1,"玉京山の弟子張易は、わずか20年で驚異的な力を身につける。しかし、師匠に資質がないと騙され、山から追放されてしまう。
下山後、彼はある有力な一族のリーダーの命を救い、自分でも気づかないうちに秘めた力を発揮する。感謝した一族は彼を有名な宗派に連れて行き、さらに修行を積ませる。そこで、混沌の神珠からの試練に臨むことになり、思いがけず10本目の金蓮が形成され、彼は仙人の境地へと昇華する。

やがて彼は、さまざまな宗派や有力派閥から求められ、求婚騒動に巻き込まれるようになる。そんな最中、ある宗派の主が毒殺されるという事件が起こる。そのことを知った彼は、他の錬金術師たちと協力し、根無しの水を使って伝説の黄金の薬を作り上げるのだった。",370782,2077,80,1,0,12267,219,cv15fwc2fq,1,男向けのドラマ|カムバックストーリー|バック・イン・タイム|転生|身分を隠せ|不老不死,Male|Comeback Story|Back in Time|Reincarnation|Hidden Identity|Immortal
6704cb75407b65a7c3076bc2,6704cb75407b65a7c3076bc2,149000000000000466,貧乏人ぶった億万長者達のスピード婚,https://v-mps.crazymaplestudios.com/images/1b03ae20-8a1f-11ef-a2d6-41216ff1602c.jpg,2,1,1,彼女は才色兼備な女社長。従順な結婚相手を見つけるために、身分を隠してお見合いに参加する。一方、彼は金目当ての結婚を避けるため貧乏な装いをして登場する。ふたりは意気投合してスピード結婚するが、会社同士に繋がりがあることには気づかない。何度もお互いの正体がバレそうになり、ハラハラする日々が続く…,1835301,9780,80,1,0,31601,250,22rbkz9nfw,1,女性向けのドラマ|スイート|コンテンポラリー|スピード婚|結婚後の恋愛|ワンナイトラブ|億万長者|インディペンデント・ウーマン,Female|Sweet|Contemporary|Flash Marriage|Love After Marriage|One Night Stand|Billionaire|Independent Woman
670cbcdaf3c4beed35063332,670cbcdaf3c4beed35063332,149000000000000434,逆転人生～魔法の指輪を託されたプアマン,https://v-mps.crazymaplestudios.com/images/3b59a250-8c5a-11ef-a2d6-41216ff1602c.jpg,2,1,1,男は貧乏人だったが、神の力が宿る指輪に選ばれ、英雄なる道へと向かう壮大な旅が始まった。彼女との結婚を目指す道のりで、義母からの過酷な要求、友人や家族からの嘲笑、そして偉い人達との激しい戦いに向き合い、常に隣から支えてくれる彼女の為に、彼は様々な挑戦に挑んだ。,243515,1734,80,1,0,30840,227,ze583hzttl,1,男向けのドラマ|立身出世|コンテンポラリー|復讐|スーパーパワー|スーパーウォーリアー,Male|Rags to Riches|Contemporary|Revenge|Super Power|Super Warrior
671f07b474889f11430b5b50,671f07b474889f11430b5b50,149000000000000473,復讐の炎：新しい顔で取り戻す人生,https://v-mps.crazymaplestudios.com/images/d120baf0-96a8-11ef-a2d6-41216ff1602c.jpg,2,1,1,"三年前の事故で植物状態に陥った彼女を、幼馴染の彼はずっと支え続けていた。しかし、彼は別の女性から契約結婚を結婚を強いられる。嫉妬に狂った契約結婚の奥さんは、彼女の顔を整形で奪い、声帯を焼き、火の中に投げ込む。奇跡的に生き延びた彼女だが、記憶と声を失い、恋人から冷遇されながらも新しい人生を受け入れる。
顔も記憶も奪われた彼女は、果たして自分を取り戻し、復讐を果たせるのか？",647666,2849,80,1,0,33589,240,d6uvv0pr3q,1,女性向けのドラマ|トキシック|コンテンポラリー|人違い|三角関係|健忘症|無邪気な乙女,Female|Toxic|Contemporary|Mistaken Identity|Love Triangle|Amnesia|Innocent Damsel
671f0bb505f8470fc60d36c2,671f0bb505f8470fc60d36c2,149000000000000477,Wの復讐姉妹の再会,https://v-mps.crazymaplestudios.com/images/16fb0600-9737-11ef-a2d6-41216ff1602c.jpg,2,1,1,金持ちの隠し子で生まれて来た彼女は気が弱い性格。結婚した後、旦那やその家族にずっといじめられていた。金持ちのお父さんが死んだ後、遺産を目当てにした旦那は殺し屋を雇って彼女を殺そうとしたところ、まさか二人はそっくりな顔をしていた。もめている間に二人は気絶して、身分も交換してしまった。この女は強い性格の持ち主だった。この女の協力で、親の遺産を取り戻して、双子だったという真実にたどり着いた。二人は力合わせて、両親の死の真相が明らかにして、復讐を果たした。,422562,2171,80,1,0,33272,249,vb0vtrz37e,1,女性向けのドラマ|家族ドラマ|コンテンポラリー|復讐|人違い|億万長者|相続人/社会人,Female|Family Drama|Contemporary|Revenge|Mistaken Identity|Billionaire|Heiress/Socialite
671f0c11bdfed2c9610f37df,671f0c11bdfed2c9610f37df,149000000000000474,99日の跪きから始まるスター伝説,https://v-mps.crazymaplestudios.com/images/09cb1950-9739-11ef-a2d6-41216ff1602c.jpg,2,1,1,元妻に99日間ひざまずき続けた彼は、トップスターを目指し再起を誓う。音楽オーディション番組での激闘、作詞作曲への挑戦、そして名家での運命的なステージ。元妻との複雑な想い、仲間との絆、宿敵との対立。己の才能を信じ、数々の試練を乗り越えながら、彼は新たな伝説を紡いでいく。,173831,928,80,1,0,32978,279,hqhkfoiw01,1,男向けのドラマ|立身出世|バック・イン・タイム|タイムトラベル|転生|セレブリティー|ストロングウィル,Male|Rags to Riches|Back in Time|Time Travel|Reincarnation|Celebrity|Strong-Willed
672c209ea68bc9f544016cf2,672c209ea68bc9f544016cf2,149000000000001270,運命のイタズラ〜奇跡の四つ子〜,https://v-mps.crazymaplestudios.com/images/de3e7a60-b930-11ef-a2d6-41216ff1602c.jpg,2,1,1,陥れられた社長が女と一夜ともにした。ただし社長とすれ違いになり、相手が違う男だったと勘違いしてしまい、四つ子を産んだ。その男が子供は一人しか生き残れなかったと女に伝え、女は悲しんでいた。女が持っている家を自分の物にしようと彼女と結婚し、手に入れてから女を追い出した。この時、女と社長が再会を叶えた。,1653349,11044,80,1,0,34260,287,xdt31q2oki,1,ワンナイトラブ,One Night Stand
67452c55f45ca8e8a904e525,67452c55f45ca8e8a904e525,149000000000000522,四兄妹の絆～運命を超えた再会～,https://v-mps.crazymaplestudios.com/images/f8ba7ab0-ae1d-11ef-a2d6-41216ff1602c.jpg,2,1,1,四兄妹は貧しかったが、幸せだった。でも両親は事故で死んでしまったので、全部変わった。長男も十歳だったので、兄妹を養うことができなかった。しかたなく、兄妹は離れ離れになった。20年後、長男は兄妹を探そうとした時、長女が社長になったことを知った。,394376,1936,80,1,0,32690,182,uxnmgh2668,1,男向けのドラマ|家族ドラマ|コンテンポラリー|迷子|人違い|億万長者|ストロングウィル,Male|Family Drama|Contemporary|Lost Child|Mistaken Identity|Billionaire|Strong-Willed
674d2846a4db93a39f055968,674d2846a4db93a39f055968,149000000000000540,お見合い婚富豪CEOからのプロポーズ,https://v-mps.crazymaplestudios.com/images/5b968a90-b6f5-11ef-a2d6-41216ff1602c.jpg,2,1,1,彼女は合コンに行ったら間違った相手と出会った。彼女はしっかりこれからの人生を一緒に歩んでくれる平凡な相手と出会いたかったが、最終的に子供連れのシングルファザーの嫁になって、その人はまさか自分の理想の男性だとは夢にも思わなかった。,736033,3735,80,1,0,31881,249,ugqcgkgpeq,1,女性向けのドラマ|スイート|コンテンポラリー|スピード婚|結婚後の恋愛|ワンナイトラブ|億万長者|ストロングウィル,Female|Sweet|Contemporary|Flash Marriage|Love After Marriage|One Night Stand|Billionaire|Strong-Willed
674d2880b877aecc5f09d265,674d2880b877aecc5f09d265,149000000000000539,それが愛というもの,https://v-mps.crazymaplestudios.com/images/4f0795a0-b6f3-11ef-a2d6-41216ff1602c.jpg,2,1,1,彼女は狡賢い社長さんと結婚し、甘やかされてきた事に自覚し始めた。婚約者の裏切りを知った彼女は、見知らぬ男性と一夜限りの関係を求めた。驚くほどに、彼らの関係を約束するように彼女が迫られた。結局、この男性はかねてから彼女に目をつけてきた大物企業家だった。,1081700,5236,80,1,0,32961,223,k60avt17iu,1,女性向けのドラマ|悪女ヒロイン|コンテンポラリー|ワンナイトラブ|身分を隠せ|三角関係,Female|Strong Heroine|Contemporary|One Night Stand|Hidden Identity|Love Triangle
674d2a98eeacaf7ef509968b,674d2a98eeacaf7ef509968b,149000000000000543,私たちの愛のキューピッド,https://v-mps.crazymaplestudios.com/images/ceee6760-b772-11ef-a2d6-41216ff1602c.jpg,2,1,1,"五年前、長い修行に疲れて山を降りて息抜きしたかったが、彼女は億万長者の社長と一夜を過ごした。その夜、彼の腕に消えない印をつけた。
五年後、四つ子に幼稚園を探す為に、再び山を降りたら、まさかの社長との再会を果たしたが、彼の傍には既に他の女がいた。しかも二人は既に婚約を結んでいる。二人の邪魔をしないように努力していたが、相手の女がこちらを許すつもりはなかった。子供達に背中を押されて、彼女はとうとう社長と仲直りした。",826799,4125,80,1,0,32407,215,f3gcgbqzsa,1,女性向けのドラマ|スイート|コンテンポラリー|天才ベビー|ワンナイトラブ|三角関係|億万長者|インディペンデント・ウーマン,Female|Sweet|Contemporary|Genius Babies|One Night Stand|Love Triangle|Billionaire|Independent Woman
67e0e59511276a4cd60a7605,67e0e59511276a4cd60a7605,149000000000000634,三人の恋 〜選べなかった愛〜,https://v-mps.crazymaplestudios.com/images/ae6be970-0bb1-11f0-a38f-0d66b56fc320.jpg,2,1,1,突然の出来事で、男性主人公はホストとなり、そこで出会った二人の女性が彼の人生において最も輝かしい存在となった。,903501,12033,80,1,0,180023,7507,kn5s7apfb7,1,復讐|男向けのドラマ|コンテンポラリー|億万長者,Revenge|Male|Contemporary|Billionaire
67e26f3fb9a800a48b0bbee8,67e26f3fb9a800a48b0bbee8,149000000000001363,できちゃった玉の輿婚,https://v-mps.crazymaplestudios.com/images/6048bd60-0f9c-11f0-a38f-0d66b56fc320.jpg,2,1,1,予期せぬ出会いの後、彼女は息子を出産した。6年後、その一夜の相手である男性が真実を知り、子供を探し始める。その過程で、彼女は偶然彼と再会し、一連の面白くも対立的なやり取りが始まる。最終的に、息子は父方の家族と再会し、皆で幸せと絆に満ちた生活を始める。,1041400,16338,80,1,0,204549,9409,1gbxsz0vyl,1,スイート|ワンナイトラブ|女性向けのドラマ|妊娠|コンテンポラリー,Sweet|One Night Stand|Female|Pregnancy|Contemporary
68b92da289489dc2df008689,68b92da289489dc2df008689,149000000000000912,溺愛妻、乱世でも暴れ放題！？,https://v-mps.crazymaplestudios.com/images/1ca54480-9ab0-11f0-a06b-bdb674869ea1.jpg,2,1,1,救急科医師・沈清棠は、過酷な連続手術により過労死し、民国時代に転生する。転生先で軍人・段司于と一夜を共にした彼女は、妊娠してしまう。5年後、子供がいることを知った段司于は清棠を探し出し、督軍府へ輿入れすることを求める。,340405,2167,80,1,0,7733,346,p3ktrl2j8g,1,甘いロマンス|女性向けのドラマ,Sweet Romance|Female
68be6f50961783d1600d3b93,68be6f50961783d1600d3b93,149000000000001374,飢饉の村に花嫁がやってきた〜システムで始まる大逆転〜,https://v-mps.crazymaplestudios.com/images/c817a350-8faa-11f0-a06b-bdb674869ea1.jpg,2,1,1,大玄王朝に転生した林淵は、寧安県の落ちぶれ書生となった。両親は亡く、財産は兄・林衡に奪われ、絶望のどん底にいた。時は大楚との戦争の真っただ中。朝廷は人口増加策として、全国の未婚男性に花嫁を分配するお達しを出す。林淵にも三人の美しい花嫁が届けられた。同時に、彼は「好感度システム」を覚醒させる。花嫁たちの好感度を上げ、任務をクリアするため、彼は知恵を絞り、財を成した。やがて時代の覇者になる。,416666,2974,80,1,0,6906,311,w342xskfnn,1,とぼける,Playing Dumb
68be714ffc052e9b6a074ac7,68be714ffc052e9b6a074ac7,149000000000001380,転生したらすり替わりの花嫁,https://v-mps.crazymaplestudios.com/images/6a7be750-8fab-11f0-a06b-bdb674869ea1.jpg,2,1,1,"謎に包まれる生きる伝説ーー「ミス・ソン」。彼女は航空事故で命を落し、名門宋家に引き取られた後、捨てられた田舎娘ーー宋婳として転生する。ある遺志を果たすため、彼女は宋家に戻り、義理の妹の代わりに、身体障害のある郁家の三男ーー郁廷之の花嫁にさせられる。
しかし実際、郁廷之の足は不自由ではないだけでなく、郁家の相続人でもあった。そして彼は、消えたミス・ソンを、ずっと探し続けていた——",501293,2373,80,1,0,7342,240,u82twvhpzu,1,とぼける,Playing Dumb
68be715afc052e9b6a074acf,68be715afc052e9b6a074acf,149000000000001382,張先生、もっと近寄ってくれる？,https://v-mps.crazymaplestudios.com/images/7e2d8f60-8fab-11f0-a06b-bdb674869ea1.jpg,2,1,1,結婚寸前、田舎出身の張瀚は暮らし向きが楽でないので、婚約者の家族に見下ろされていた。彼らに誠意と実力を示すために、張瀚は自分の全財産と祖母の老後資金を合わせて、現金一括で住宅を購入した。,176958,1191,80,1,0,6994,232,8j6w2hqvno,1,とぼける,Playing Dumb
68be716ffc052e9b6a074ad9,68be716ffc052e9b6a074ad9,149000000000001509,再び1984年、古物回収で富を掴む,https://v-mps.crazymaplestudios.com/images/2a0e76e0-8fbc-11f0-a06b-bdb674869ea1.jpg,2,1,1,1984へタイムリープ。まずは廃品回収でコツコツ→逆転。妻とお腹の子、最優先。金だけじゃない、信頼も取り返すんだ。初恋とも再会、もう一度 恋。昭和レトロ×お仕事、エモい。,272436,1625,80,1,0,7631,230,y2njic516a,1,とぼける,Playing Dumb
68be71edfc052e9b6a074b1b,68be71edfc052e9b6a074b1b,149000000000001409,転生したら、奪われた人生を取り戻す,https://v-mps.crazymaplestudios.com/images/e53879a0-9937-11f0-a06b-bdb674869ea1.jpg,2,1,1,何も成し遂げられなかった中年配達員葉冬青は、ある日の事故により、自分の身分が昔すり替えられていたことを知る。真相を求めて相手を訴えたところ、逆に殺されてしまった――が、彼は生まれ変わり、自分の人生を取り戻すために立ち上がる。,160797,900,80,1,0,6903,233,mr3g8jqthl,1,とぼける,Playing Dumb
68be7205fc052e9b6a074b25,68be7205fc052e9b6a074b25,149000000000001414,私の取り替えられた人生,https://v-mps.crazymaplestudios.com/images/07d54100-9938-11f0-a06b-bdb674869ea1.jpg,2,1,1,幼少時代の沈星が誘拐された後、母親である簡心柔は沈憶星を養子にしました。17年後、実の娘の沈星は名前を顧念に変え、偶然で沈憶星と同じ大学に通っているが、沈憶星にいじめられています。沈憶星に惑わされた簡心柔は「娘」と共に顧念を攻撃していたが、結局、顧念が実の娘であることを知り、非常に後悔し、顧念の心を取り戻すために様々な方法で補ってみました。,179325,998,80,1,0,6915,308,fwvttsgsud,1,とぼける,Playing Dumb
68e9c8830eae149b9d045cda,68e9c8830eae149b9d045cda,149000000000001520,寵愛日和,https://v-mps.crazymaplestudios.com/images/175b43b0-afd4-11f0-a06b-bdb674869ea1.jpg,2,1,1,"長年、名ばかりの婚約者・顧長河の裏切りに耐えてきた徐晚安。ついに堪忍袋の緒が切れた彼女が選んだ復讐は、彼の叔父である傅正南に嫁ぐことだった。
「今日から私は、あなたの叔母さんよ」
偽りの結婚から始まった二人の関係。しかし、傅家の財産を狙う陰謀に共に立ち向かううち、二人の間には本物の愛が芽生え始める。これは、復讐から始まった、甘く危険なラブストーリー。",507112,2637,80,1,0,7694,361,tmrsttewdj,1,とぼける,Playing Dumb
691f2201631bb4af630fc6ab,691f2201631bb4af630fc6ab,149000000000002373,氷のCEOと甘い犬系男子～彼が私だけに見せる素顔～,https://v-mps.crazymaplestudios.com/images/42e75ae0-cb3c-11f0-84ad-6b5693b490dc.jpg,2,1,1,婚約者のために尽くしてきたのに、彼は都会で妻子持ちだったなんて…人生のどん底に突き落とされた私を救ってくれたのは、偶然命を助けた冷徹な大物社長。彼は私に一目惚れして突然のプロポーズ？ しかも、外では氷の仮面を被る彼が、私の前では甘える子犬に…彼の本当の顔は一体どっちなの？,293628,1938,80,1,0,7869,378,zypb9oonue,1,とぼける,Playing Dumb
6923dc52010ab34c9806f96b,6923dc52010ab34c9806f96b,149000000000002350,転生して嫁ぎなおしたら、短命皇太子が長寿に,https://v-mps.crazymaplestudios.com/images/d1108b90-cc39-11f0-84ad-6b5693b490dc.jpg,2,1,1,前世で全てを奪われた彼女は、裏切り者を捨て余命わずかな皇太子に嫁ぐ。殉死を待つ都。だが現れた美男子は、あの皇太子に瓜二つで…？,204091,1445,80,1,0,8186,279,5xfp0enb1t,1,甘いロマンス|転生|女性向けのドラマ,Sweet Romance|Rebirth|Female
691f2201631bb4af630fc6ab,691f2201631bb4af630fc6ab,149000000000002373,氷のCEOと甘い犬系男子～彼が私だけに見せる素顔～,https://v-mps.crazymaplestudios.com/images/42e75ae0-cb3c-11f0-84ad-6b5693b490dc.jpg,2,1,1,婚約者のために尽くしてきたのに、彼は都会で妻子持ちだったなんて…人生のどん底に突き落とされた私を救ってくれたのは、偶然命を助けた冷徹な大物社長。彼は私に一目惚れして突然のプロポーズ？ しかも、外では氷の仮面を被る彼が、私の前では甘える子犬に…彼の本当の顔は一体どっちなの？,294128,1940,80,1,0,7869,378,zypb9oonue,1,とぼける,Playing Dumb
6923dc52010ab34c9806f96b,6923dc52010ab34c9806f96b,149000000000002350,転生して嫁ぎなおしたら、短命皇太子が長寿に,https://v-mps.crazymaplestudios.com/images/d1108b90-cc39-11f0-84ad-6b5693b490dc.jpg,2,1,1,前世で全てを奪われた彼女は、裏切り者を捨て余命わずかな皇太子に嫁ぐ。殉死を待つ都。だが現れた美男子は、あの皇太子に瓜二つで…？,205150,1449,80,1,0,8186,279,5xfp0enb1t,1,甘いロマンス|転生|女性向けのドラマ,Sweet Romance|Rebirth|Female
69315a63a9461b90e008d15d,69315a63a9461b90e008d15d,149000000000002434,ときめきの神様,https://v-mps.crazymaplestudios.com/images/58323b00-d739-11f0-84ad-6b5693b490dc.jpg,2,1,1,転生後、夫に捨てられた令嬢・明月。彼女が選んだのは乞食姿の超ハイスペック男子！家では甘え、外では元夫に痛快な復讐を！謎の正体が明かされ、2人の甘い生活が始まる。,273629,2360,80,1,0,8121,354,p02q6xin4r,1,甘いロマンス|女性向けのドラマ,Sweet Romance|Female
693255785e2ba2a38a0b131d,693255785e2ba2a38a0b131d,149000000000002469,パパは天師様,https://v-mps.crazymaplestudios.com/images/c07b46c0-d4e1-11f0-84ad-6b5693b490dc.jpg,2,1,1,不運な葉天真は7年前、乞食姿の霍云霄と一夜を過ごし、天師の才能と女装癖を持つ息子を産む。7年後、父子は偶然再会し親子と判明。一方、天真は雲霄のアシスタントになるが、彼の不能を治せる唯一の存在だった。しかし祖父の秘密が誤解を生み、愛憎劇へと発展。一家は再会を果たせるのか。,171912,1756,80,1,0,8024,392,7743ipffat,1,スピード婚|天才ベビー|甘いロマンス|女性向けのドラマ,Flash Marriage|Genius Babies|Sweet Romance|Female
6936a1ccb09febd4090c3a27,6936a1ccb09febd4090c3a27,149000000000002492,庶子、自ら駒となり女主人の座へ,https://v-mps.crazymaplestudios.com/images/2b036120-d72c-11f0-84ad-6b5693b490dc.jpg,2,1,1,前世、姉夫婦に殺された顧画。今世では義兄の父を籠絡し、彼の継母の座に。国公府の女主人として、自分を陥れた者たちに地獄を見せる！,86506,1085,80,1,0,7431,325,lrf79imn99,1,復讐|女性向けのドラマ,Revenge|Female
693bfdef3ce21f8f960db989,693bfdef3ce21f8f960db989,149000000000002544,スピード婚したら、クールな夫に溺愛された,https://v-mps.crazymaplestudios.com/images/7eb1ed30-df21-11f0-84ad-6b5693b490dc.jpg,2,1,1,祖母を救うため、靳沉舟はとっさに妊婦をつかまえ、自分との子だと嘘をつく。祖母は奇跡的に回復するが、この出会いは偶然ではなかった…。,60818,978,80,1,0,7205,293,6vahc3557k,1,甘いロマンス|女性向けのドラマ,Sweet Romance|Female
69412b25b013a3e7860a6a9e,69412b25b013a3e7860a6a9e,149000000000002579,神眼覚醒,https://v-mps.crazymaplestudios.com/images/2b88d7c0-dfd2-11f0-84ad-6b5693b490dc.jpg,2,1,1,継父のもとで育ち、病弱な妹・張佳を一人で支える張天。配車ドライバーとして働くある日、鄭楚を助けたことで宝石鑑定の才能に目覚める。その力で治療費を稼ぎ、大物・五郎に認められるが、実父への憎しみから養子への誘いは断固拒絶。その後、楚と共に宝石店を開業し、脅威を退け妹も回復、ついに幸せな人生を手に入れる。,303421,10140,80,1,0,293947,9965,2jyliuvuxi,1,とぼける,Playing Dumb
667a853f4232f4d2ec0825b2,667a853f4232f4d2ec0825b2,149000000000000334,離婚後、五人のお兄ちゃんが私を甘やかす,https://v-mps.crazymaplestudios.com/images/77cf7440-4433-11ef-8bb2-91d66eccfa73.jpg,2,1,1,ある事故がきっかけで、名家・後藤家のお嬢様は帰らぬ人となり、華やかな一族は深い悲しみに包まれた。数年後、雑踏の中に懐かしい姿が現れる。目尻の泣きぼくろ、そしてその笑顔は、記憶の中の娘にそっくりだった。これは運命の悪戯か、それとも綿密に仕組まれた罠なのか？二人の後藤湘、一体どちらが本物なのか？幾重にも重なる謎、その裏に隠されているのは、一族の秘密か、それとも愛憎渦巻く過去なのか？,2560310,38308,81,1,0,31999,197,gy60vq5oqn,1,Identidad Oculta|Femenino|Heroína fuerte|Contemporáneo|Harem inverso|Reunión|Heredera/socialité,Identidad Oculta|Femenino|Heroína fuerte|Contemporáneo|Harem inverso|Reunión|Heredera/socialité
66c4131c57b2f973da0027ec,66c4131c57b2f973da0027ec,149000000000000006,妻の反撃,https://v-mps.crazymaplestudios.com/images/57253a40-6391-11ef-838e-777d81c2a9c7.jpg,2,1,1,結婚して3年、彼女は妻としてすべきことをすべてやったが、彼の気持ちを引き寄せることはできなかった。心が折れた彼女は、その結婚を終わらせることを選んだ…,3443916,47487,81,1,0,30900,332,vipsbuefn3,1,身分を隠せ|相続人/社会人,Hidden Identity|Heiress/Socialite
6704aa1d19351baf9f070427,6704aa1d19351baf9f070427,149000000000000449,妹に捧げる億万長者,https://v-mps.crazymaplestudios.com/images/66b4e750-87ca-11ef-a2d6-41216ff1602c.jpg,2,1,1,沈臨楓は、大手企業に入社した恋人のために名門大学への入学を諦め、清掃員として恋人と同じ会社に入社した。しかしその恋人は会社の令嬢にプロポーズをした。悲しみに打ちひしがれている中、突如として双子の姉を名乗る人物が現れる。姉はとある大企業の陰の権力者であり、自分の代わりに会社の経営と結婚をしてほしいと言い出す。,786286,4010,81,1,0,33960,308,0da4ierv6x,1,女性向けのドラマ|立身出世|コンテンポラリー|迷子|復讐|身分を隠せ|億万長者|相続人/社会人,Female|Rags to Riches|Contemporary|Lost Child|Revenge|Hidden Identity|Billionaire|Heiress/Socialite
6710f630ffd41b92580e5846,6710f630ffd41b92580e5846,149000000000000487,家族の誇り～強者の帰還,https://v-mps.crazymaplestudios.com/images/bc3ef730-9830-11ef-a2d6-41216ff1602c.jpg,2,1,1,俺は強大な能力を持つ家族で生まれて、超人並みの天賦と限りない力を持っている。母はある凄い秘密を知っている。その原因で私たちは家族に裏切られた。追われた母は死ぬ間際に、俺を大親友の蘇ママに頼んだ。俺を守る為に、蘇ママは両足と自分の全てを無くしてしまった。二十年間、俺はずっと霊島仙人の所で訓練を重ねて、復讐の日が来るのを待っていた。俺はもうか弱い子供ではない、自分の力で真実と犯人を探し出して、母の仇を討つ。,446432,2205,81,1,0,12490,301,lkxdb2j0fp,1,男向けのドラマ|カムバックストーリー|コンテンポラリー|復讐|ストロングウィル,Male|Comeback Story|Contemporary|Revenge|Strong-Willed
6710f6ab5bc372ce3a0f9d7d,6710f6ab5bc372ce3a0f9d7d,149000000000000446,将軍様、奥さんを間違えたよ,https://v-mps.crazymaplestudios.com/images/f2600490-92cb-11ef-a2d6-41216ff1602c.jpg,2,1,1,自分を守るために、私は恋人と別れなければならなかった。数年後、父は私をある残酷な将軍に売った。この将軍はまさかかつての恋人と同じ苗字で、私と同じ腕輪まで持っていた。だが私の腕輪は、昔私を虐めてた人に取られて、自分の身分まであの人に持って行かれた…,808201,5719,81,1,0,33936,168,d29p8kfl08,1,女性向けのドラマ|トキシック|バック・イン・タイム|再会|人違い|元帥/将軍|無邪気な乙女,Female|Toxic|Back in Time|Reunion|Mistaken Identity|Marshal/General|Innocent Damsel
671f606f5fa5ea990c017a20,671f606f5fa5ea990c017a20,149000000000001142,俺様社長のメイド嫁になりました,https://v-mps.crazymaplestudios.com/images/830cecd0-abd9-11ef-a2d6-41216ff1602c.jpg,2,1,1,養女として、彼女は育ててくれた祖母を救うために、麻痺した裕福な老人と結婚しなければならなかった。しかし、ひどい近視のため、結婚式の日に間違った男性を認識してしまい、夫は結婚証明書を取得した後、急いで国を去った。一年後、彼女は大きな別荘でメイドとして働くことになった。有名な若い社長がちょうど中国に戻ってきた。二人は初対面のはずなのに、彼女は社長が妙に見覚えがあると感じた...,1047378,5285,81,1,0,11960,237,ye7pyqwsqs,1,結婚後の恋愛|女性向けのドラマ|スイート|コンテンポラリー|スピード婚|契約の恋人|億万長者|楽天的,Love After Marriage|Female|Sweet|Contemporary|Flash Marriage|Contract Lovers|Billionaire|Happy-Go-Lucky
6731808239b5946bcb0da63f,6731808239b5946bcb0da63f,149000000000000504,失ってから気づく大切のあなた,https://v-mps.crazymaplestudios.com/images/368b47f0-a330-11ef-a2d6-41216ff1602c.jpg,2,1,1,理想の結婚相手を見つけ、愛する娘と三人で幸せな日々を過ごしていた主人公。しかし、膵臓がんの診断を受けた運命の日、夫が昔の恋人と、その連れ子らしき少年を空港まで迎えに行っている事実を知る。崩れ落ちていく日常の中で、彼女は結婚生活の真実と向き合い、この許しがたい裏切りの後で、二人の愛に未来はあるのかを問わざるを得なくなる。,1796366,7649,81,1,0,31860,234,wjwa0rlb4v,1,女性向けのドラマ|悪女ヒロイン|コンテンポラリー|あまりに遅すぎる|三角関係|復讐|億万長者|インディペンデント・ウーマン,Female|Strong Heroine|Contemporary|All-Too-Late|Love Triangle|Revenge|Billionaire|Independent Woman
674d235a88f73d4db1009801,674d235a88f73d4db1009801,149000000000000422,炎に甦る毒妃,https://v-mps.crazymaplestudios.com/images/1143e620-b12a-11ef-a2d6-41216ff1602c.jpg,2,1,1,天才医師の弟子で丞相の娘だった彼女は愛ゆえに皇室に嫁ぐ。しかし裏切られ、愛人に虐殺される。炎の中で再誕し、摂政王の妃となった彼女は家族の仇を討ち、王を助けて王位を奪い取る決意をする。,582310,2936,81,1,0,32775,158,6orlnhg1b0,1,転生|女性向けのドラマ|悪女ヒロイン|バック・イン・タイム|復讐|ロイヤル/貴族|ストロングウィル,Rebirth|Female|Strong Heroine|Back in Time|Revenge|Royalty/Nobility|Strong-Willed
674d296a923802c8f4014d7c,674d296a923802c8f4014d7c,149000000000000530,霧の中の恋,https://v-mps.crazymaplestudios.com/images/d6c67320-b6f4-11ef-a2d6-41216ff1602c.jpg,2,1,1,かつて深い愛に包まれていた二人。しかし、彼が重傷を負う際、彼の母の強い圧力により彼女は別れを選び、彼の心は深く傷ついた。治癒を求め彼は海外へ旅立った。5年後帰国した彼は偶然、彼女との再会を果たす。しかし彼女の隣には、一人の子供がいた…,339933,1806,81,1,0,30678,351,zq7ffdxoot,1,女性向けのドラマ|二度目のチャンス|コンテンポラリー|再会|天才ベビー|ワンナイトラブ|無邪気な乙女,Female|Second Chance|Contemporary|Reunion|Genius Babies|One Night Stand|Innocent Damsel
674d2ab1ab1507b210070b5f,674d2ab1ab1507b210070b5f,149000000000000503,元旦那は影の支配者,https://v-mps.crazymaplestudios.com/images/661dd620-b79b-11ef-a2d6-41216ff1602c.jpg,2,1,1,主人公は慈愛に満ちた監獄の教師を務めていた。主人公を嫌う妻は権力に取り入るため、主人公に離婚を迫った。しかし彼には裏の顔があった。なんと九ヶ国の権力の均衡を裏で支え、他の追随を許さない影の支配者だった。,552713,2359,81,1,0,32442,136,jg8zic6fbm,1,男向けのドラマ|カムバックストーリー|コンテンポラリー|人違い|スーパーパワー|スーパーウォーリアー|ストロングウィル,Male|Comeback Story|Contemporary|Mistaken Identity|Super Power|Super Warrior|Strong-Willed
67b2ae03870fd334d1054a7d,67b2ae03870fd334d1054a7d,149000000000000604,嫌われガールのヒロイン化計画,https://v-mps.crazymaplestudios.com/images/3e8cb450-ef77-11ef-a38f-0d66b56fc320.jpg,2,1,1,演奏中の事故により死亡した天才ピアニスト。しかし目を覚ますとそこは小説の中の世界、しかも転生先は嫌われ者のヒロイン。そんな運命を変えるため、小説の知識を駆使しながら、自分を嫌う人間たちと戦うことを決める。憧れの男キャラと結ばれるため、ストーリーを変えながら突き進んでいく。,530708,2393,81,1,0,5581,235,65m6wiw6nj,1,復讐|済度|多重アイデンティティ|インディペンデント・ウーマン|ファンタジー|二度目のチャンス|女性向けのドラマ,Revenge|Redemption|Multiple Identities|Independent Woman|Fantasy|Second Chance|Female
68be715ffc052e9b6a074ad1,68be715ffc052e9b6a074ad1,149000000000001506,転生1990：村からのやり直し,https://v-mps.crazymaplestudios.com/images/bed44f90-8fab-11f0-a06b-bdb674869ea1.jpg,2,1,1,前世、母・程錦湘が産んだ妹は、祖母の王桂香によって他の人に渡されてしまった。母は罪悪感から失意のうちに亡くなり、死の間際に娘の趙大鵞に趙家への憎しみを打ち明ける。母と同じく趙家を憎んでいた趙大鵞は、不慮の事故で命を落とすが、自分が生まれた日に時を遡り、人生をやり直すことになる。,145776,906,81,1,0,7157,313,wa0d6sqqvm,1,とぼける,Playing Dumb
691fa381d30a02efe7079eb1,691fa381d30a02efe7079eb1,149000000000002391,年下妻と、私を甘やかすダンナ様,https://v-mps.crazymaplestudios.com/images/2e29c7c0-c770-11f0-84ad-6b5693b490dc.jpg,2,1,1,恋人に裏切られた夜、出会ったのは元カレの父！結婚して継母となり、痛快な逆襲劇が始まる。,405911,2735,81,1,0,6722,302,tf2ox8uttw,1,甘いロマンス|女性向けのドラマ,Sweet Romance|Female
6923d58a985d9d5e170e8d72,6923d58a985d9d5e170e8d72,149000000000002289,婚礼の夜に回帰、逆境からの大逆転,https://v-mps.crazymaplestudios.com/images/2cb58f60-cc33-11f0-84ad-6b5693b490dc.jpg,2,1,1,富豪の娘・云筝は婚礼の夜に回帰。夫に復讐し、九千歳・厉未恙と手を取り合って侯爵家を滅ぼし、幸せを掴む物語。,143380,1252,81,1,0,7227,266,81rfgqxo0y,1,とぼける,Playing Dumb
692510f5b49dfa882e029c85,692510f5b49dfa882e029c85,149000000000002381,CEOへの甘い復讐,https://v-mps.crazymaplestudios.com/images/015b8b90-cf52-11f0-84ad-6b5693b490dc.jpg,2,1,1,君も、お腹の子も望んでいない。愛したはずの彼にそう告げられ、私は出産直後に我が子と引き裂かれた。全ては仕組まれた罠とも知らずに…３年後、記者として彼の前に再び姿を現した私。私に気づかぬまま、なぜか私に惹かれていく彼。近づけば近づくほど、新たな誤解が二人を傷つけていく。この残酷な運命の先にある真実とは？,139437,1141,81,1,0,7787,333,miies8u1rn,1,とぼける,Playing Dumb
692510ffb49dfa882e029c89,692510ffb49dfa882e029c89,149000000000002379,天から舞い降りた許嫁,https://v-mps.crazymaplestudios.com/images/e56cf8b0-cf51-11f0-84ad-6b5693b490dc.jpg,2,1,1,なぜ俺だけがこんな目に？婿養子として屈辱的な日々を送る秦玉は、妻の裏切りによって命さえも脅かされる。だが、彼の人生は偽りだった。突如現れた美しき許嫁・顔若雪がもたらした父の遺品。それに触れた瞬間、秦玉の中に眠っていた何かが目覚める。失踪した父の謎、世界の裏に潜む修行者たちの存在。本当の自分を取り戻す戦いが、今、始まる。,217065,1650,81,1,0,8288,383,1ypitw9w1g,1,とぼける,Playing Dumb
693fde47e345cb9a860356b5,693fde47e345cb9a860356b5,149000000000002570,白夜陥落,https://v-mps.crazymaplestudios.com/images/54892200-dc90-11f0-84ad-6b5693b490dc.jpg,2,1,1,窮地の葉微燃は富豪・薄聿に危険な賭けで接近する。冷酷な彼は、下心を知りつつ彼女をそばに置く。遊びだったはずが、孤高の存在だった彼は彼女を守る神となる。,100752,1288,81,1,0,7939,339,ful0yljihu,1,復讐|女性向けのドラマ,Revenge|Female
667e5f8e21fc34a60606b229,667e5f8e21fc34a60606b229,149000000000000184,CEOパパは、別人だった！？,https://v-mps.crazymaplestudios.com/images/d5d4bd70-4f28-11ef-a96f-c3bf05c2bf9d.jpg,2,1,1,彼女は病気の母のために、CEOと子供を持つことに同意しました。その後、彼女は男の子と女の子を出産しました。彼は娘を連れて行って、彼女は息子を海外に連れて行きました。数年後、彼女は天才的な息子と共に勝利を収め、帰国しました。偶然、彼女は彼との関係を再燃させ、女の子の元にも再会し、家族として再会しました。,536399,2624,82,1,0,33032,302,v2n6no4mme,1,女性向けのドラマ|スイート|コンテンポラリー|Una noche de pie|Demasiado Tarde|Bebés genios|multimillonario|Mujer independiente,Female|Sweet|Contemporary|Una noche de pie|Demasiado Tarde|Bebés genios|multimillonario|Mujer independiente
669e42b05a070945a10d865b,669e42b05a070945a10d865b,149000000000000384,進撃のお嬢様,https://v-mps.crazymaplestudios.com/images/d02252c0-6b2f-11ef-838e-777d81c2a9c7.jpg,2,1,1,6年間の婚姻生活を終えて、私は父の会社を引き継いで、彼らに復讐します!父に無実な罪を着せたあの男、私を成りすまして、私の旦那を奪ったあの女へ。,534017,2250,82,1,0,30761,260,e2ilg658we,1,身分を隠せ|女性向けのドラマ|二度目のチャンス|コンテンポラリー|復讐|離婚後の愛|億万長者|相続人/社会人,Hidden Identity|Female|Second Chance|Contemporary|Revenge|Love After Divorce|Billionaire|Heiress/Socialite
66986e829ba83985050aa1ce,66986e829ba83985050aa1ce,149000000000000372,エリート医師と 契約結婚の甘い罠,https://v-mps.crazymaplestudios.com/images/02520f90-7f23-11ef-a2d6-41216ff1602c.jpg,2,1,1,"復讐のため、お坊ちゃまと偽装結婚！？
私の正体は天才外科医。ひょんなことから、大企業の御曹司と出会ってしまった。彼は難病で、私にしか治せない。両親の謎めいた死の真相を暴くため、契約結婚を決意。でも、まさか...二人で困難を乗り越えるうちに、本気で恋しちゃうなんて！",471703,2009,82,1,0,31907,323,10nibslhbt,1,女性向けのドラマ|スイート|コンテンポラリー|契約の恋人|Amor después del matrimonio|復讐|multimillonario|Mujer independiente,Female|Sweet|Contemporary|Contract Lovers|Amor después del matrimonio|Revenge|multimillonario|Mujer independiente
6704a9c9d1bfa8432d04eeda,6704a9c9d1bfa8432d04eeda,149000000000000450,生まれ変わりリベンジ醜女弁護士,https://v-mps.crazymaplestudios.com/images/6b1d16b0-8a2b-11ef-a2d6-41216ff1602c.jpg,2,1,1,目立つあざを持つ太った女性弁護士は、常に差別を受けてきた。ある日彼女が仕事終えると、美しい社長夫人がビルから飛び降りる現場に遭遇する。受け止めた彼女の魂は、奇跡的に社長夫人の体に移ってしまう。目を覚ました彼女は新たなアイデンティティを持ち、復讐を誓い第二の人生が始まる！,1885417,10471,82,1,0,33578,152,sopie70qrk,1,女性向けのドラマ|家族ドラマ|コンテンポラリー|復讐|転生|三角関係|相続人/社会人|インディペンデント・ウーマン,Female|Family Drama|Contemporary|Revenge|Reincarnation|Love Triangle|Heiress/Socialite|Independent Woman
6710f6bbffd41b92580e5850,6710f6bbffd41b92580e5850,149000000000001125,失われた父をもう一度,https://v-mps.crazymaplestudios.com/images/6ade8eb0-95be-11ef-a2d6-41216ff1602c.jpg,2,1,1,少女を守るため交通事故に遭い、記憶を失った大企業の社長。家族のことも忘れてしまい、自らが助けた少女を養子とし、平凡な肉体労働者として新たな人生を歩む。慎ましやかに暮らす二人であったが、少女は金のために男を裏切り、絶縁してしまう。しかし少女は男が元大企業の社長であることを知らない。,177072,854,82,1,0,11608,163,vt51usueoj,1,男向けのドラマ|カムバックストーリー|サバイバル|ビジネス|復讐|聖なる親族|スーパーウォーリアー|ストロングウィル,Male|Comeback Story|Survival|Business|Revenge|Saintly Parent|Super Warrior|Strong-Willed
673a9f6f2a6efee90103ac8b,673a9f6f2a6efee90103ac8b,149000000000000535,奪われたキスから始まる癒し恋,https://v-mps.crazymaplestudios.com/images/5ee68710-a7da-11ef-a2d6-41216ff1602c.jpg,2,1,1,貧乏家庭に生まれた謝清歓は、学費も払えない窮地に立たされた時、ある人物の支援を得て、大学に通うことができた。食い違いが生じて、彼女は喬家の御曹司喬一州を支援者と勘違いした。その後、二人が付き合い始めて、謝清歓は彼を深く愛していた。ジュエリーデザイナーとして、優れた才能を持っていながら、彼女は表舞台に出ずに自分の作品をどんどん喬氏グループに提供した。実は、喬の愛している女は別にいて、謝清歓を道具として好き放題に使っているだけ。それと同時に、本当の支援者である肖慶雲は八年も彼女を見守ってきた。さて、彼はどうやって謝清歓を救い出すだろう。,2216735,13194,82,1,0,32868,262,z77141ev0f,1,女性向けのドラマ|トキシック|コンテンポラリー|スラング|浮気|三角関係|億万長者|無邪気な乙女,Female|Toxic|Contemporary|Steamy|Affair|Love Triangle|Billionaire|Innocent Damsel
68c7b280068327a805082533,68c7b280068327a805082533,149000000000001253,忘れられない恋,https://v-mps.crazymaplestudios.com/images/f9667fb0-985d-11f0-a06b-bdb674869ea1.jpg,2,1,1,十年前、沈凉川は学校で喬恋という名前を耳にし、それが何度も心に現れるのを感じながらも、縁なく結ばれなかった。十年後、沈凉川は二冠を得たトップ俳優に成長し、喬恋はジャーナリストになった。七夕の偶然の再会をきっかけに二人はスピード婚をし、沈凉川は結婚後、本気で妻を追いかける長い恋の道を歩み始める。,387282,2128,82,1,0,6496,307,nxro2zk4bh,1,スピード婚,Flash Marriage
68c7b29be1bd99e81d0e708c,68c7b29be1bd99e81d0e708c,149000000000001210,いつの間にか大富豪の妻に!?,https://v-mps.crazymaplestudios.com/images/d822b8a0-985d-11f0-a06b-bdb674869ea1.jpg,2,1,1,ひょんなことから自分が既婚者だと知った許南歌は、夫探しの爆笑珍道中を繰り広げる。夫である霍北宴と様々な誤解を重ねるが、次第に心を開き、互いを理解し、深く知り合うことで愛を育んでいく。そしてついに、祖母の後押しもあって自身の気持ちと向き合い、二人は結ばれるのであった。,848407,4111,82,1,0,7356,243,snuf3zk9dr,1,結婚後の恋愛,Love After Marriage
68ef5c2ecd412fa7d30f9617,68ef5c2ecd412fa7d30f9617,149000000000000940,ベンデラの咲く夏〜逃げる心と運命の恋〜,https://v-mps.crazymaplestudios.com/images/54af5170-ab29-11f0-a06b-bdb674869ea1.jpg,2,1,1,"フリーカメラマンの白清枚は、ハンサムなCEO・周晟安との望まぬ婚約を強いられる。「退屈な男」と彼を拒絶する清枚だったが、彼の不器用ながらも深い優しさに、次第に心を許していく。
しかし、過去のトラウマから彼の愛を信じきれず、清枚は一方的に婚約を破棄。離れてみて初めて、彼への本当の気持ちに気づく。
すれ違い、再び惹かれ合う二人。果たして彼女は、心の壁を乗り越え、彼の愛を受け入れることができるのか。真夏に咲くベンデラの花が、二人の運命を見守る。",431971,11108,82,1,0,226146,9702,wm90cjet0c,1,スイート|女性向けのドラマ,Sweet|Female
690d5a7a70a5f480b60717b4,690d5a7a70a5f480b60717b4,149000000000002201,一夜限りの若様は、私を離さない,https://v-mps.crazymaplestudios.com/images/95ffc060-be07-11f0-b4b4-bd031586a1b7.jpg,2,1,1,財界の女帝、安南笙。彼女がようやく手に入れたはずの夫は、なんと結婚式当日に別の女と一夜を過ごした。街中が彼女を笑い者にする中、本人は平然と言い放つ。「女は、男と別れてからが本番よ！」と。シングルに戻った彼女は、気晴らしに訪れた店で出会った美男をホストと勘違いし、一夜を共にしてしまう。その思い出に最高評価の「星5つ」を付けて。しかし、その男の正体は、誰もが恐れる穆家の若様、穆伏城だった。これで縁は終わり。そう思っていた彼女だったが、その出会いが偶然ではなく、すべてが彼によって周到に計画された「猫とネズミのゲーム」の始まりだったことを、まだ知る由もなかった。,571943,3527,82,1,0,7231,243,1u9io1wt73,1,ワンナイトラブ|女性向けのドラマ,One Night Stand|Female
69251117b49dfa882e029c93,69251117b49dfa882e029c93,149000000000002374,"この弁護士、ちょっとヤバい
反逆の弁護士ー良心の代償ー",https://v-mps.crazymaplestudios.com/images/ca6d32a0-cf51-11f0-84ad-6b5693b490dc.jpg,2,1,1,エリート弁護士・唐方鏡は、担当した被告の無罪を主張した結果、逆恨みから父親を失い、自らの信念を揺るがされる。その後、6年に及ぶ自棄の人生で行き倒れになっていた彼は、ある労働者の林有糧に救われた…,67108,713,82,1,0,7766,377,ineg4d2vf4,1,とぼける,Playing Dumb
6937be32afef6515b3098603,6937be32afef6515b3098603,149000000000002503,影武者の龍吟,https://v-mps.crazymaplestudios.com/images/9ef25770-d962-11f0-84ad-6b5693b490dc.jpg,2,1,1,俳優が皇帝の影武者に。皇太后に追い詰められ、演技力で形勢逆転。しかし本物の皇帝が帰還する。,44731,623,82,1,0,7493,320,fa9xnldjdw,1,復讐|女性向けのドラマ,Revenge|Female
69251117b49dfa882e029c93,69251117b49dfa882e029c93,149000000000002374,"この弁護士、ちょっとヤバい
反逆の弁護士ー良心の代償ー",https://v-mps.crazymaplestudios.com/images/ca6d32a0-cf51-11f0-84ad-6b5693b490dc.jpg,2,1,1,エリート弁護士・唐方鏡は、担当した被告の無罪を主張した結果、逆恨みから父親を失い、自らの信念を揺るがされる。その後、6年に及ぶ自棄の人生で行き倒れになっていた彼は、ある労働者の林有糧に救われた…,67246,713,82,1,0,7766,377,ineg4d2vf4,1,とぼける,Playing Dumb
6937be32afef6515b3098603,6937be32afef6515b3098603,149000000000002503,影武者の龍吟,https://v-mps.crazymaplestudios.com/images/9ef25770-d962-11f0-84ad-6b5693b490dc.jpg,2,1,1,俳優が皇帝の影武者に。皇太后に追い詰められ、演技力で形勢逆転。しかし本物の皇帝が帰還する。,45256,621,82,1,0,7493,320,fa9xnldjdw,1,復讐|女性向けのドラマ,Revenge|Female
6673edaee9b9c91fb203fef4,6673edaee9b9c91fb203fef4,149000000000000206,予期せぬ離婚,https://v-mps.crazymaplestudios.com/images/0dc23ce0-4041-11ef-a6eb-0925fdddfb71.jpg,2,1,1,CEOの夫に離婚を求められた彼女は、冷静にすぐ手続きを進めるよう頼んだ。彼がずっと彼女を愛していたことを知らずに。誤解から、彼女は妊娠したときに彼を離れた。再び彼の前に現れたとき、彼は再婚を決意した。,813643,3260,83,1,0,33564,344,b5ufo4meg5,1,女性向けのドラマ|トキシック|コンテンポラリー|妊娠|億万長者|離婚後の愛,Female|Toxic|Contemporary|Pregnancy|Billionaire|Love After Divorce
6704c6e058a0b9a185050862,6704c6e058a0b9a185050862,149000000000000419,三兄弟からの溺愛が止まらない,https://v-mps.crazymaplestudios.com/images/eee64ef0-888a-11ef-a2d6-41216ff1602c.jpg,2,1,1,幼い頃に別の家庭に誤って引き取られた大富豪の娘が、成長して本当の家族の元に戻ることに。帰宅後、3人の兄から溺愛される彼女は、幼少期に助けた名家の次男とも再会し、やがて二人の関係が深まっていく。,1166708,5568,83,1,0,31763,214,dbp1ukh10v,1,身分を隠せ|女性向けのドラマ|スイート|コンテンポラリー|義理の兄弟姉妹|億万長者|相続人/社会人,Hidden Identity|Female|Sweet|Contemporary|Step Siblings|Billionaire|Heiress/Socialite
6704ca42407b65a7c3076ba0,6704ca42407b65a7c3076ba0,149000000000000453,偽装結婚？いや逃がさないよ,https://v-mps.crazymaplestudios.com/images/09ee4070-888d-11ef-a2d6-41216ff1602c.jpg,2,1,1,ギャンブル狂の兄の借金を返すために、仕方なく姉がセットしてくれたお見合いに参加した。もう今更誰と結婚しても別いいやと思ったが、実際お見合いの現場に行ってみると、相手は手に赤いバラを持った超絶金持ちイケメン。話していくうちに、お互いこのお見合いは本心ではないとわかり、彼から偽装結婚を提案された。偽装結婚のお礼は6000千万、さらに三か月たったら離婚してくれるという。断る理由もなくそれにすんなりと応じた。しかし、そのすべてが彼の計画だということをまだ誰も知らない...,1519485,7701,83,1,0,34468,355,0n5whlmcbj,1,女性向けのドラマ|スイート|コンテンポラリー|契約の恋人|年齢差|スピード婚|幼馴染みの恋人|楽天的,Female|Sweet|Contemporary|Contract Lovers|Age Gap|Flash Marriage|Childhood Sweetheart|Happy-Go-Lucky
67bc1faff81f8dffbc01ab89,67bc1faff81f8dffbc01ab89,149000000000000622,双世の絆 〜隠された皇子の秘密〜,https://v-mps.crazymaplestudios.com/images/ca2ce1a0-f581-11ef-a38f-0d66b56fc320.jpg,2,1,1,"幼い頃から家族に厄病神扱いされてきた秦疏瑕。ある日、思わぬ出来事から南詔国の皇帝 東方衍の子を身ごもるが、母と姉にその子を奪われそうになり、命の危機に陥る。幸いにも天下一の名医に救われ、なんとか難を逃れた。
それから六年後、幼い息子の病を治すため、秦疏瑕は再び南詔国へと足を踏み入れる。そこで母と姉、そして大国師による陰謀を暴き、再会を果たした東方衍との運命も次第に明らかになっていくのだった。",769741,9687,83,1,0,197123,6308,eyl61fllmp,1,女性向けのドラマ|家族ドラマ|バック・イン・タイム|迷子|人違い|ロイヤル/貴族|ストロングウィル,Female|Family Drama|Back in Time|Lost Child|Mistaken Identity|Royalty/Nobility|Strong-Willed
67f79800b56f86bcc706f0b7,67f79800b56f86bcc706f0b7,149000000000000771,ママっ！天降りのハニーが現れた！,https://v-mps.crazymaplestudios.com/images/22896810-1c05-11f0-a650-71056cbfe3ac.jpg,2,1,1,家族に仕組まれて、ノラ・ウッドはタイラー・ホルトの子供を妊娠し、後にその子はブライアンと名付けられます。残念ながら、ブライアンが5歳の時に白血病と診断されます。医療費を賄うため、ノラはタイラーから贈られた家族の翡翠のペンダントを売ることに決め、ホルト家によるブライアンの捜索が市全体で始まります。その間、ノラはホルトグループにタイラーの秘書として加わります。二人が密接に働く中で、お互いの気持ちは次第に深まり、関係は時間と共に発展していきます。,574280,2605,83,1,0,4844,196,6zn9rihwgj,1,スイート|天才ベビー|億万長者|再会|インディペンデント・ウーマン|女性向けのドラマ|コンテンポラリー,Sweet|Genius Babies|Billionaire|Reunion|Independent Woman|Female|Contemporary
68b94733e0f01670ec011380,68b94733e0f01670ec011380,149000000000000925,出所したら、若き富豪に溺愛されました,https://v-mps.crazymaplestudios.com/images/cc7f5450-8d67-11f0-a06b-bdb674869ea1.jpg,2,1,1,蘇小歓は江城一の富豪・墨寒洲と一夜を共にした後、投獄されてしまう。10ヶ月後、獄中で男の子を出産した小歓は、妹の蘇小雪に頼み、その子を墨寒洲のもとへ届けてもらう。赤ん坊を受け取った墨寒洲は、小歓の悲惨な過去を知ることに。出所した小歓を、墨寒洲は深く愛し、二人は手を取り合って自分たちを貶めた者たちに復讐を果たし、幸せな未来を掴む！,1220681,13017,83,1,0,232607,8490,2cnwjh6p0y,1,甘いロマンス|女性向けのドラマ,Sweet Romance|Female
68be7202fc052e9b6a074b23,68be7202fc052e9b6a074b23,149000000000001413,消えた恋人,https://v-mps.crazymaplestudios.com/images/80f97ac0-9829-11f0-a06b-bdb674869ea1.jpg,2,1,1,"沈若京の婚約者・楚辞琛が突然姿を消した——まるで最初から存在しなかったかのように。5年間探し続けた沈若京は、二人の子供を抱えて、ついに彼と運命の再会を果たす。だが、彼は彼女のことを何一つ覚えていなかった。「恋人なんていたことがない。あの子たちは一体誰の子なんだ？」失われた記憶の奥に隠された真実とは。
消えた記憶の謎を解き、愛を取り戻す戦いが今、始まる——。",252030,1363,83,1,0,6445,211,t5813z0hmk,1,とぼける,Playing Dumb
669dc8d1d1aa68af500c1e6c,669dc8d1d1aa68af500c1e6c,149000000000000086,俺は竜王だ,https://v-mps.crazymaplestudios.com/images/02e9dab0-4818-11ef-a96f-c3bf05c2bf9d.jpg,2,1,1,彼は隠された皇帝で、普通の人間に変装していました。彼は秘密裏に妻を会社のCEOになる手助けをしていました。しかし、妻は彼が貧乏であると見下し、彼を裏切りました。離婚後、彼の真実の身分が明らかになり、皆を驚かせました。,882961,4265,84,1,0,32134,297,ga6upne8cz,1,男向けのドラマ|カムバックストーリー|コンテンポラリー|身分を隠せ|億万長者|楽天的,Male|Comeback Story|Contemporary|Hidden Identity|Billionaire|Happy-Go-Lucky
66f121d5325af67a4a0d592b,66f121d5325af67a4a0d592b,149000000000000464,伝説の龍王、乞食から奇跡の治癒へ,https://v-mps.crazymaplestudios.com/images/bafa9090-7cb6-11ef-a2d6-41216ff1602c.jpg,2,1,1,ホームレスに装った彼は街でブラブラする毎日を過ごしている。大富豪の長女が難病にかかり、報酬を厚くしたのに治せる医者は出て来ず。その時、大富豪の次女の善心で、神医の彼と出会い、姉の治療をしてくれる事になった。しかし、彼の事を神医だと思ったら、実はもう一つの秘密を抱いている…,2498833,13112,84,1,0,34760,198,fmpgqosb9b,1,男向けのドラマ|カムバックストーリー|ファンタジー|多重アイデンティティ|スーパーパワー|守る夫|スーパーウォーリアー|ストロングウィル,Male|Comeback Story|Fantasy|Multiple Identities|Super Power|Protective Husband|Super Warrior|Strong-Willed
670cbbaf7fdc022b460efa98,670cbbaf7fdc022b460efa98,149000000000000433,芸能界トップ女優〜復讐に燃える華麗なるリベンジ〜,https://v-mps.crazymaplestudios.com/images/dae9d430-8c59-11ef-a2d6-41216ff1602c.jpg,2,1,1,前世は愛してた恋人と親友に裏切られ、家族を失い、芸能界トップ女優の武器である美貌までも奪われ、絶望の中自殺した。なんと目が覚めたら、死ぬ前に転生していた。前世奪われたすべてを取り返して、芸能界で華麗なる復讐劇を繰り広げる。,425444,2140,84,1,0,34867,216,medcfafpx4,1,女性向けのドラマ|悪女ヒロイン|コンテンポラリー|転生|浮気|復讐|セレブリティー|インディペンデント・ウーマン,Female|Strong Heroine|Contemporary|Reincarnation|Affair|Revenge|Celebrity|Independent Woman
667a84453c69b4e7870b51bf,667a84453c69b4e7870b51bf,149000000000000326,お嬢様は、私だった,https://v-mps.crazymaplestudios.com/images/c8f39460-4f27-11ef-a96f-c3bf05c2bf9d.jpg,2,1,1,彼は彼女が亡くなった自分の妹に驚くほど似ているために、彼女をそばに置くのです。彼に知られていない間に、彼女は無知を装って、自分の復讐のために彼を利用しようとしています。お互いに陰謀を抱えていますが、最終的に彼らはお互いの救済となり、深い相互の愛情を発展させます。,812979,4228,85,1,0,33294,324,d7fuy8lzi7,1,女性向けのドラマ|スイート|コンテンポラリー|復讐|Amor después del matrimonio|契約の恋人|multimillonario|ストロングウィル,Female|Sweet|Contemporary|Revenge|Amor después del matrimonio|Contract Lovers|multimillonario|Strong-Willed
668e070eb8084f074f059998,668e070eb8084f074f059998,149000000000000174,ごめんなさい、私の娘,https://v-mps.crazymaplestudios.com/images/c8976300-3eb2-11ef-a6eb-0925fdddfb71.jpg,2,1,1,6歳の時、彼女は誘拐されました。12年後に、彼女は養母の移植手術の費用を出するために、見かけ上の愚かな億万長者と結婚しました。 結婚は無尽の苦痛をもたらしました。心を壊し、彼女は窓から飛び降りました。 そして、彼らはその時初めて知りました：彼女は裕福な後継者です。,413989,1918,85,1,0,33862,344,mqs7zp5nqk,1,とぼける|女性向けのドラマ|コンテンポラリー|お涙ちょうだい,Playing Dumb|Female|Contemporary|Tear-Jerker
66b03c70f513fb2dc00f454e,66b03c70f513fb2dc00f454e,149000000000000238,彼と、妖艶な美貌を持つ「魔猫」の秘密…,https://v-mps.crazymaplestudios.com/images/2f82ced0-54aa-11ef-838e-777d81c2a9c7.jpg,2,1,1,会社員の男が、偶然にも知ってしまった「獣人」の存在…。 人間社会に潜む悪の企み、迫害を、美しき黒猫と共に打ち砕く！ 数々の戦いを経て、明かされる自らの出生の秘密、そして、美しいCEOとの恋の行方は…？,161678,1419,85,1,0,32044,132,mvzb503hm4,1,男向けのドラマ|立身出世|ファンタジー|スーパーパワー,Male|Rags to Riches|Fantasy|Super Power
67b2ae8789b6e5fd16066c4e,67b2ae8789b6e5fd16066c4e,149000000000000592,光なき世界の君へ,https://v-mps.crazymaplestudios.com/images/dbde0490-f038-11ef-a38f-0d66b56fc320.jpg,2,1,1,ヒロインは家業を継ぐために恋人と結婚するが、結婚式当日に胃がんと診断され、恋人にあっさり捨てられてしまった。 裏切り者への復讐を誓った彼女は、すぐに目が見えない男性と結婚したが、実は彼が障害者ではなく、街で最も裕福な人物だったことを知った。夫婦は手を組んで元恋人と浮気相手に立ち向かい、家業を取り戻した。そして、彼女の病気が誤診だったと判明し、二人は幸せな人生を歩んでいく。,2211881,15972,85,1,0,132803,5604,hi3ujnmf4r,1,運命の恋人|スピード婚|ストロングウィル|コンテンポラリー|立身出世|女性向けのドラマ,Fated Lovers|Flash Marriage|Strong-Willed|Contemporary|Rags to Riches|Female
6822c1430b6e851ed70eba47,6822c1430b6e851ed70eba47,149000000000000803,溺れるほど君に,https://v-mps.crazymaplestudios.com/images/db0b77c0-3172-11f0-b65a-27549cd2a91e.jpg,2,1,1,"沈清梨は、8年間密かに想い続けた男・顧珩と一夜を共にした——そして、彼から金を渡された。
それはただの過ちだったはずなのに、顧珩は彼女を何度も救い、執着するように追いかけてくる。
家族の政略結婚、昔の闇、すべてを抱えた彼の愛は、狂気にも似ていた——。
「私はただの遊び？」そう思っていた彼女が知るのは、愛という名の中毒。",1379909,8973,85,1,0,7225,311,9p22eu6vxz,1,ワンナイトラブ|再会|億万長者|インディペンデント・ウーマン|スイート|女性向けのドラマ|コンテンポラリー,One Night Stand|Reunion|Billionaire|Independent Woman|Sweet|Female|Contemporary
68be7209fc052e9b6a074b27,68be7209fc052e9b6a074b27,149000000000001415,運命の人は婚約者の叔父さん,https://v-mps.crazymaplestudios.com/images/147a8f00-9938-11f0-a06b-bdb674869ea1.jpg,2,1,1,18歳のとき、継母と異母妹にはめられた喬菁は、五年後に復讐を始める。婚約を控えた彼女は、婚約者の燕軒が義妹と不倫していることを知り、酒に逃げることにした。その時、彼女はバーで燕軒の叔父・燕衿と出会った。燕衿は、実は長年喬菁に思いを寄せていたのだった。やがて二人の関係が露見し、喬菁は国外へ逃れる。数年後、喬菁は息子の喬治を連れて帰国し、母の自殺の真相を探り始める。そして燕衿からプロポーズを受ける。最終的に燕衿は喬治を実の息子として受け入れ、喬菁は母の会社を立て直し、真実を明らかにして、一家は再び絆を取り戻すのだった。,343339,1737,85,1,0,6521,305,m2ilqgjowz,1,とぼける,Playing Dumb
69367c09f2d68d85c90d8149,69367c09f2d68d85c90d8149,149000000000002294,薔薇にくちづけ,https://v-mps.crazymaplestudios.com/images/a6893180-dbc3-11f0-84ad-6b5693b490dc.jpg,2,1,1,6年前、彼は偽の裏切りで去った。6年後、裏社会のドンと弁護士として再会。だが過去の事件の真実が二人の愛を阻む。,32612,646,85,1,0,7928,315,ughdz1x68z,1,甘いロマンス|女性向けのドラマ,Sweet Romance|Female
668c043661b9ce3e1a003253,668c043661b9ce3e1a003253,149000000000000340,醜いアヒルの子と億万長者の結婚,https://v-mps.crazymaplestudios.com/images/92b06580-5a1d-11ef-838e-777d81c2a9c7.jpg,2,1,1,才能に恵まれたデザイナーは、醜い容姿のせいで婚約者に捨てられる。追い打ちをかけるように、継母と家族から酷い扱いを受け、家から追い出されてしまう。絶望の淵に立たされた時、彼女の前に現れたCEO。彼は、彼女を毒殺しようとする犯人から守り、病院へと運び出す。美貌を取り戻した彼女は、CEOと結婚し、かつて自分を捨てた婚約者を見返す！,733995,2763,86,1,0,34488,155,659n48o4pp,1,Femenino|Dulce|Contemporáneo|Identidad Oculta|Matrimonio relámpago|Amor después del matrimonio|multimillonario|Indomable,Femenino|Dulce|Contemporáneo|Identidad Oculta|Matrimonio relámpago|Amor después del matrimonio|multimillonario|Indomable
66a71097426358e89d0b48f9,66a71097426358e89d0b48f9,149000000000000299,復活の魔王,https://v-mps.crazymaplestudios.com/images/478e89d0-4f26-11ef-a96f-c3bf05c2bf9d.jpg,2,1,1,彼は濡れ衣を着せられ、世界を守るために命を失った。しかし、これで終わりではない。全盛期に戻り、悪を罰し、善を奨励し、本当の正義をもたらすのだ！,1296242,10377,86,1,0,34204,178,1l8a5xvxmq,1,男向けのドラマ|カムバックストーリー|ファンタジー|復讐|転生|身分を隠せ|不老不死|楽天的,Male|Comeback Story|Fantasy|Revenge|Reincarnation|Hidden Identity|Immortal|Happy-Go-Lucky
66b1f600164d1e3bed0339d1,66b1f600164d1e3bed0339d1,149000000000000396,男たるもの、強くあれ,https://v-mps.crazymaplestudios.com/images/b87bb810-6b56-11ef-838e-777d81c2a9c7.jpg,2,1,1,"物語は、物事が終わりかけた時に、南省一の富豪が「初めて会った時、見覚えがあるような」と言ったところから始まり…
トップの大学に合格した直後、母は重い病で亡くなり、あの貴公子が父を傷つけ、取引を持ちかけてきた
「お父さんを助けたいだろう？なら、大学の入学枠を渡せ」当時、同意せざるを得なかった。
しかし、誰か諦めるもんか！その後、軍隊に入り、兵士となった。数年後、家に戻ってきた時、すでに実権を握る将官になっていたことは誰も知らなかった！さらに、あのクズではなく、実は私が本当の貴公子かもしれないということを発見した…",260523,1079,86,1,0,35169,337,2x14vzzvf4,1,男向けのドラマ|立身出世|コンテンポラリー|身分を隠せ|復讐|聖なる親族|元帥/将軍,Male|Rags to Riches|Contemporary|Hidden Identity|Revenge|Saintly Parent|Marshal/General
66b8ad136e48d65e7a0b7480,66b8ad136e48d65e7a0b7480,149000000000000404,優しい君と世界,https://v-mps.crazymaplestudios.com/images/aacd3e50-7b37-11ef-a2d6-41216ff1602c.jpg,2,1,1,六年前、彼は義兄に騙され、見知らぬインターンだった私と一夜を共にした。それから六年、私は小さなクレープ屋をやっていたが、お姉ちゃんに百万の結納金と引き換えに、六十歳の退職した老人との結婚を押し付けられた。しかし、偶然の重なりで、私は軍から帰還したばかりの若きCEOと結婚してしまった。そして彼のお母さんは六年前…,552785,2371,86,1,0,34229,338,cth00xu6p7,1,女性向けのドラマ|スイート|コンテンポラリー|スピード婚|ワンナイトラブ|再会|億万長者|インディペンデント・ウーマン,Female|Sweet|Contemporary|Flash Marriage|One Night Stand|Reunion|Billionaire|Independent Woman
66f11fc6e90e137c6a0a84ab,66f11fc6e90e137c6a0a84ab,149000000000000417,親の恋物語 1993,https://v-mps.crazymaplestudios.com/images/52aeab00-8627-11ef-a2d6-41216ff1602c.jpg,2,1,1,1990年代、ある鉄道作業員が偶然に都会の女の子を救い、その後二人の運命が交差することになった。彼女は元カレに裏切られ、生母にも好まれていなかった。唯一、作業員と彼の息子の愛と優しさが彼女の人生を光で照らしていた。勇敢で優しく、責任感が強かった彼は、元カノの心臓病の息子を育て、都会の女の子の面倒を細かに見た。多くの困難を経て、二人はようやく結ばれたが、その時また予期せぬ出来事が起こった。彼に惹かれていた女性の死、そして元カノの帰還が彼らの生活をめちゃくちゃにした。最後に、彼らは決断を下した…,213206,1073,86,1,0,32871,241,8id1j7m89w,1,女性向けのドラマ|家族ドラマ|バック・イン・タイム|ハートフェルト|シングルファーザー|無邪気な乙女,Female|Family Drama|Back in Time|Heartfelt|Single Dad|Innocent Damsel
66b1f600164d1e3bed0339d1,66b1f600164d1e3bed0339d1,149000000000000396,男たるもの、強くあれ,https://v-mps.crazymaplestudios.com/images/b87bb810-6b56-11ef-838e-777d81c2a9c7.jpg,2,1,1,"物語は、物事が終わりかけた時に、南省一の富豪が「初めて会った時、見覚えがあるような」と言ったところから始まり…
トップの大学に合格した直後、母は重い病で亡くなり、あの貴公子が父を傷つけ、取引を持ちかけてきた
「お父さんを助けたいだろう？なら、大学の入学枠を渡せ」当時、同意せざるを得なかった。
しかし、誰か諦めるもんか！その後、軍隊に入り、兵士となった。数年後、家に戻ってきた時、すでに実権を握る将官になっていたことは誰も知らなかった！さらに、あのクズではなく、実は私が本当の貴公子かもしれないということを発見した…",260583,1079,86,1,0,35169,337,2x14vzzvf4,1,男向けのドラマ|立身出世|コンテンポラリー|身分を隠せ|復讐|聖なる親族|元帥/将軍,Male|Rags to Riches|Contemporary|Hidden Identity|Revenge|Saintly Parent|Marshal/General
66b8ad136e48d65e7a0b7480,66b8ad136e48d65e7a0b7480,149000000000000404,優しい君と世界,https://v-mps.crazymaplestudios.com/images/aacd3e50-7b37-11ef-a2d6-41216ff1602c.jpg,2,1,1,六年前、彼は義兄に騙され、見知らぬインターンだった私と一夜を共にした。それから六年、私は小さなクレープ屋をやっていたが、お姉ちゃんに百万の結納金と引き換えに、六十歳の退職した老人との結婚を押し付けられた。しかし、偶然の重なりで、私は軍から帰還したばかりの若きCEOと結婚してしまった。そして彼のお母さんは六年前…,553282,2371,86,1,0,34229,338,cth00xu6p7,1,女性向けのドラマ|スイート|コンテンポラリー|スピード婚|ワンナイトラブ|再会|億万長者|インディペンデント・ウーマン,Female|Sweet|Contemporary|Flash Marriage|One Night Stand|Reunion|Billionaire|Independent Woman
66f11fc6e90e137c6a0a84ab,66f11fc6e90e137c6a0a84ab,149000000000000417,親の恋物語 1993,https://v-mps.crazymaplestudios.com/images/52aeab00-8627-11ef-a2d6-41216ff1602c.jpg,2,1,1,1990年代、ある鉄道作業員が偶然に都会の女の子を救い、その後二人の運命が交差することになった。彼女は元カレに裏切られ、生母にも好まれていなかった。唯一、作業員と彼の息子の愛と優しさが彼女の人生を光で照らしていた。勇敢で優しく、責任感が強かった彼は、元カノの心臓病の息子を育て、都会の女の子の面倒を細かに見た。多くの困難を経て、二人はようやく結ばれたが、その時また予期せぬ出来事が起こった。彼に惹かれていた女性の死、そして元カノの帰還が彼らの生活をめちゃくちゃにした。最後に、彼らは決断を下した…,213349,1073,86,1,0,32871,241,8id1j7m89w,1,女性向けのドラマ|家族ドラマ|バック・イン・タイム|ハートフェルト|シングルファーザー|無邪気な乙女,Female|Family Drama|Back in Time|Heartfelt|Single Dad|Innocent Damsel
674d266c921be41b6204ee1b,674d266c921be41b6204ee1b,149000000000001058,君こそが、運命の人,https://v-mps.crazymaplestudios.com/images/656a3ea0-b6cc-11ef-a2d6-41216ff1602c.jpg,2,1,1,"5年前、事故で失明した僕を支えてくれたのは、正体を隠した謎の女性だった。彼女の優しさに触れ、僕は恋に落ちた。けれど、視力が回復した瞬間、彼女は僕の前から消えてしまった。
億万長者のCEOとして復帰した僕は、彼女を探し出すことを誓い、契約結婚の準備を進めていた。そんな中、いくつかの手掛かりが僕のアシスタントを指していた。もしかして……彼女が、あの時の女性？僕の探し求めていた「運命の人」は、ずっとそばにいたのかもしれない。",1022858,4981,86,1,0,10682,255,8w3ajrz4u3,1,女性向けのドラマ|スイート|コンテンポラリー|身分を隠せ|守る夫|ビジネス|億万長者|ストロングウィル,Female|Sweet|Contemporary|Hidden Identity|Protective Husband|Business|Billionaire|Strong-Willed
668c0c15a34c2d6a7b0f3704,668c0c15a34c2d6a7b0f3704,149000000000000350,ただ君だけを愛している,https://v-mps.crazymaplestudios.com/images/b3a640d0-4fef-11ef-a96f-c3bf05c2bf9d.jpg,2,1,1,家族の事情で、彼女は自尊心が強く、パートナーには高い基準を設けており、「成功した男性」しか考えていませんでした。最初は、裕福な家庭からのプレイボーイである彼を見下して却っていました。しかし、家族の事情が変化したため、彼女は一歩前進して責任を負い、彼と結婚する意思を示しました。徐々に、彼女は彼の優点を発見しました。,458021,2184,87,1,0,33980,166,66zv87i5sk,1,Femenino|Dulce|Contemporáneo|Amantes Por Contrato|De enemigos a amantes|Amor después del matrimonio|multimillonario|Heredera/socialité,Femenino|Dulce|Contemporáneo|Amantes Por Contrato|De enemigos a amantes|Amor después del matrimonio|multimillonario|Heredera/socialité
66b2ef30a844d0f7ce05744e,66b2ef30a844d0f7ce05744e,149000000000000401,可愛すぎる双子ちゃんとドS社長,https://v-mps.crazymaplestudios.com/images/84e31210-7744-11ef-a2d6-41216ff1602c.jpg,2,1,1,"幼なじみの彼と10年間も付き合っていたのに、結局私は花嫁になれなかった。ショックのあまり、衝動的に見知らぬ男性と一夜を共にしてしまった。まさかその相手が超大物セレブだったなんて！でも、私はその夜のうちに姿を消すことにした...。5年後、可愛い双子ちゃんを連れて戻ってきたら、思いもよらず彼に見つかってしまった。
「約束した通りだ。見つけたからには、もう二度と逃がさない。」",1114968,5013,87,1,0,33533,291,tdja2qglkx,1,Rollo de una Noche|Femenino|Dulce|Contemporáneo|Bebés Genios|Multimillonario|Mujer Independiente,Rollo de una Noche|Femenino|Dulce|Contemporáneo|Bebés Genios|Multimillonario|Mujer Independiente
668e077f2fe616956305d537,668e077f2fe616956305d537,149000000000000056,CEOの一夜の結婚フレンジー,https://v-mps.crazymaplestudios.com/images/8eaf5210-3eb2-11ef-a6eb-0925fdddfb71.jpg,2,1,1,彼氏と親友に裏切られ、女の子は道端の屋台の主人と急遽結婚した。誰が予想できただろうか、その屋台の主人は実はお金持ちで格好良いCEOだった！,643807,2607,87,1,0,36191,342,681ylma3g4,1,身分を隠せ|相続人/名士|スピード婚|億万長者|結婚後の恋愛,Hidden Identity|Heiress/Socialite|Flash Marriage|Billionaire|Love After Marriage
66cc08d9ee431b83e90f0082,66cc08d9ee431b83e90f0082,149000000000000253,ママ、もういちど愛して,https://v-mps.crazymaplestudios.com/images/b5bf6760-65e9-11ef-838e-777d81c2a9c7.jpg,2,1,1,冤罪により死に追いやられた池嬌。旦那である傅寒声は自らの娘ではなく、替え玉として用意された子を娘とした。「もう一度人生をやり直せるなら、私は大切な人を守り、私と娘を追い込んだ奴らを絶対に許さない」池嬌はそう強く誓う。,2762838,16728,87,1,0,35898,259,21cr0ue9dr,1,転生|女性向けのドラマ|家族ドラマ|コンテンポラリー|人違い|再会|億万長者|ストロングウィル,Reincarnation|Female|Family Drama|Contemporary|Mistaken Identity|Reunion|Billionaire|Strong-Willed
66d55346d2b71367b80ee492,66d55346d2b71367b80ee492,149000000000000405,社長にもう一度チャンスを！,https://v-mps.crazymaplestudios.com/images/3f023ca0-6b58-11ef-838e-777d81c2a9c7.jpg,2,1,1,"子供の頃婚約を交わした私たちだが、18年後、彼は偶然にも知的障害を負ってしまい、私はそれでも彼と結婚した。ある事故で彼は記憶を取り戻し、両親を殺したのが私の養父だと知ってしまった！
目覚めた彼は、私に怒りをぶつけた。今こそ、私の正体を明かす時だ！",703797,2964,87,1,0,35267,166,78ipz1cg5x,1,女性向けのドラマ|コンテンポラリー|身分を隠せ|二度目のチャンス|離婚後の愛|億万長者,Female|Contemporary|Hidden Identity|Second Chance|Love After Divorce|Billionaire
6731809a613e213c670587e2,6731809a613e213c670587e2,149000000000000515,反撃の転生,https://v-mps.crazymaplestudios.com/images/443a07f0-a336-11ef-a2d6-41216ff1602c.jpg,2,1,1,宝探し中に親友に裏切られ命を奪われた天才が500年前に転生し、最愛の妻に見放され、離婚を求められる。しかし彼の無敵の力が、海城の冷酷なビジネス女王の目に留まり、新たな人生を歩むことに。失われた過去を取り戻す復讐の道が、今始まる。,634644,2685,87,1,0,35944,217,c7kwav69v4,1,男向けのドラマ|カムバックストーリー|ファンタジー|スーパーパワー|フィール・グッド|不可思議|不老不死|ストロングウィル,Male|Comeback Story|Fantasy|Super Power|Feel-Good|Mystery|Immortal|Strong-Willed
67318111cc56d7540a0edf8c,67318111cc56d7540a0edf8c,149000000000000507,何度でも君と恋したい,https://v-mps.crazymaplestudios.com/images/e57dd4d0-a196-11ef-a2d6-41216ff1602c.jpg,2,1,1,突然の誘拐により、最愛の彼女を救うため命を投げ出した社長。二人で迎えた悲しい最期。しかし、天は彼女に再度のチャンスを与える。転生を遂げた彼女の胸に秘めたものは、ただ一つ。それは「復讐」という名の誓い。大切な人を守り、奪われた全てを取り戻すため、彼女は宿敵たちに相応の代償を払わせることを決意する。,643518,2952,87,1,0,35915,329,4gdyigtovg,1,女性向けのドラマ|悪女ヒロイン|バック・イン・タイム|復讐|転生|済度|億万長者|ストロングウィル,Female|Strong Heroine|Back in Time|Revenge|Reincarnation|Redemption|Billionaire|Strong-Willed
68b93674feae98aa5e0104bd,68b93674feae98aa5e0104bd,149000000000000919,棋聖,https://v-mps.crazymaplestudios.com/images/750b9ac0-a820-11f0-a06b-bdb674869ea1.jpg,2,1,1,"困窮する青岩居士は、愛弟子・糖宝を黒白棋館の館主・蘇御のもとへ下山させる。
糖宝は20年封印された「真龍棋局」を一手で解き、棋王・夜梟も跪かせる。
戦いの後、蘇御は亡き妻の秘密を探す想いを糖宝に打ち明け、二人の伝説が始まる。",536535,3099,87,1,0,8283,395,jvhi92j6zd,1,天才ベビー|男向けのドラマ,Genius Babies|Male
68bfd73af39caa245a0afb24,68bfd73af39caa245a0afb24,149000000000000930,転生幼女は、世界一の愛されっ子,https://v-mps.crazymaplestudios.com/images/17c3e770-9202-11f0-a06b-bdb674869ea1.jpg,2,1,1,5歳の可愛い女の子に生まれ変わった雲桃。目立たずに母を守ろうと決意するが、その愛くるしさと、隠し持っていたピアノ、書画、医術といった多彩な才能で、祖母、祖父、師匠などの大物たちから次々と溺愛されることに。彼女を嘲笑う者たちを次々と見返していく。実の父は雲城一、新しい父はアジア一、そして未来の夫は世界一の大富豪。彼女は、最強の富豪一家に愛される唯一無二の存在となる。物語の結末で、彼女は母を守り抜き、家族の絆を取り戻す。その才能で各分野で成功を収め、愛する人々と幸せな日々を送りながら、かつて自分を見下した者たちを完全に認めさせ、完璧な人生を歩んでいく。,464921,2372,87,1,0,7274,297,2mtjg862k9,1,スイート|甘いロマンス|女性向けのドラマ,Sweet|Sweet Romance|Female
68cb6e7c0930b6c3610bc3ab,68cb6e7c0930b6c3610bc3ab,149000000000000934,大富豪の妻は幼馴染ちゃん,https://v-mps.crazymaplestudios.com/images/a5ba6670-9780-11f0-a06b-bdb674869ea1.jpg,2,1,1,子供の頃、勉強嫌いだった傅景辰のため、彼の母親は寧七をお目付け役として家に迎える。寧七の姿に多くの美点を見出した傅景辰は、次第に自分を律し勉学に励むようになり、大人になったら必ず彼女を妻に迎えると心に固く誓うのだった。時は流れ、大人になった傅景辰はビジネス界でその名を轟かせ、世界一の富豪にまで上り詰めた。成功を収めた彼が最初に取り掛かったこと、それは幼い頃の誓いを果たすため、田舎にいる寧七を迎えに行くことだった。,674052,3227,87,1,0,6635,331,suwjxa2p01,1,スイート|女性向けのドラマ,Sweet|Female
69315a70a9461b90e008d175,69315a70a9461b90e008d175,149000000000002420,良縁の行方,https://v-mps.crazymaplestudios.com/images/ce4b6b00-d5a3-11f0-84ad-6b5693b490dc.jpg,2,1,1,死産後、罠で富豪の子を妊娠した肖夢瑩。誤解から始まる関係のなか、愛に傷ついた彼女の選択は？,196636,1513,87,1,0,8293,393,5sp6rvgbe3,1,甘いロマンス|女性向けのドラマ,Sweet Romance|Female
69327dd08e0e16e1e90bcd37,69327dd08e0e16e1e90bcd37,149000000000002476,愛妻の出所、若様の執着愛,https://v-mps.crazymaplestudios.com/images/5abc9a20-d4ee-11f0-84ad-6b5693b490dc.jpg,2,1,1,母のため御曹司に嫁ぐも、身分と子を奪われ投獄。3年後、家政婦として潜入し、医術で我が子を守りながら真相を暴き、愛を取り戻す。,155977,1228,87,1,0,8024,359,oei433h8ls,1,甘いロマンス|女性向けのドラマ,Sweet Romance|Female
66a85b92338ae486d50ecd25,66a85b92338ae486d50ecd25,149000000000000391,再婚生活はちょっと甘い,https://v-mps.crazymaplestudios.com/images/26223fc0-8627-11ef-a2d6-41216ff1602c.jpg,2,1,1,親たちが手配した婚姻を避けるために，私はこっそり結婚した。全ては平穏すると思って，結婚した後，夫は浮気した。離婚する前に，ある男とワンナイトラブした。本気だとは思わなかったけど、この男は私を好きになった，私は彼と付き合っていて，彼は数年前親は私に結婚させた男だと分かった，どうすればいいか,763533,3065,88,1,0,34768,294,kezrjfabh7,1,ワンナイトラブ|女性向けのドラマ|スイート|コンテンポラリー|契約の恋人|身分を隠せ|億万長者|楽天的,One Night Stand|Female|Sweet|Contemporary|Contract Lovers|Hidden Identity|Billionaire|Happy-Go-Lucky
66def5b10048a3d3cc0ab31e,66def5b10048a3d3cc0ab31e,149000000000000440,覚醒者：女スパイ・フェニックスの復讐,https://v-mps.crazymaplestudios.com/images/ace117a0-71ca-11ef-a2d6-41216ff1602c.jpg,2,1,1,妹の翟曼雲を連れて友人を訪ねた翟霊だったが、その友人に騙され地元の犯罪者に売られてしまう。非人道的な扱いを受ける二人、そして二人を助けにきた両親も犯罪者たちの手によって殺されてしまった。復讐を誓う翟霊はフェニックスと出会い弟子入りをする。翟霊は裏社会で着実に地位を築きあげ、犯罪組織を壊滅させて妹を救い出す。,160353,795,88,1,0,36905,157,9bskr7qn5q,1,男向けのドラマ|カムバックストーリー|コンテンポラリー|多重アイデンティティ|タブー|犯罪組織の親玉|ストロングウィル,Male|Comeback Story|Contemporary|Multiple Identities|Taboo|Crime Lord|Strong-Willed
6704c62f0f452500990ba4e8,6704c62f0f452500990ba4e8,149000000000000448,盲目の妻が仕掛けた罠,https://v-mps.crazymaplestudios.com/images/70cfeb80-87cb-11ef-a2d6-41216ff1602c.jpg,2,1,1,盲目だった人妻が、ある日突然視力が回復し、夫が親友と不倫をしていたのを発見した。彼らは遺産を狙って彼女を殺そうとしていた。危機に直面した彼女は、まだ盲目のふりをしながら、次々と彼らを翻弄し、真相究明に乗り出した。,1179709,4725,88,1,0,34924,272,ucyjdjxyy4,1,女性向けのドラマ|悪女ヒロイン|コンテンポラリー|復讐|とぼける|三角関係|相続人/社会人,Female|Strong Heroine|Contemporary|Revenge|Playing Dumb|Love Triangle|Heiress/Socialite
6710f610697774fe4e0f6dff,6710f610697774fe4e0f6dff,149000000000000491,二度目の人生なのに御曹司の溺愛,https://v-mps.crazymaplestudios.com/images/58995c60-9133-11ef-a2d6-41216ff1602c.jpg,2,1,1,前世、愛する人に全てを捧げた彼女。しかし、その人と愛人の裏切りにより命を落としてしまう。最期の瞬間、そばにいたのは彼女が傷つけた婚約者だった。10年前の過去に転生した彼女は、今度こそ本当の愛を知る男性と幸せをつかむと決意する。,1395055,7774,88,1,0,36367,315,51tiywpko7,1,女性向けのドラマ|スイート|コンテンポラリー|妊娠|守る夫|億万長者|ストロングウィル,Female|Sweet|Contemporary|Pregnancy|Protective Husband|Billionaire|Strong-Willed
68d358b7f422c5473a0b8161,68d358b7f422c5473a0b8161,149000000000001373,いい子ちゃんの秘密,https://v-mps.crazymaplestudios.com/images/6f2ed5a0-9aaf-11f0-a06b-bdb674869ea1.jpg,2,1,1,10年間、家族の支配という悪夢に囚われていた彼女は、完璧な逃げ道となる一人の男性と出会う。最初は脱出のために彼を利用するだけだったが、彼の無条件の信頼と献身的な愛が、彼女の固く閉ざした心をゆっくりと溶かしていく。計算ずくで始まった関係は、やがて愛と癒し、そして新たな人生を歩み出す強さを見つける、予期せぬ旅へと変わっていくのだった。,498054,2623,88,1,0,7450,329,3re2ingzoq,1,浮気|復讐|フィール・グッド|億万長者|コンテンポラリー|スイート|女性向けのドラマ,Affair|Revenge|Feel-Good|Billionaire|Contemporary|Sweet|Female
6925110fb49dfa882e029c8f,6925110fb49dfa882e029c8f,149000000000002376,うちの奥さん　なんかおかしい,https://v-mps.crazymaplestudios.com/images/70a4e970-cf29-11f0-84ad-6b5693b490dc.jpg,2,1,1,"現代の男子大学生・洛青舟（ルオ・チンジョウ）は突如として成国府の庶子に転生した。
母は殺され、自身は秦家に婿入りさせられ、「愚かな花嫁」と婚礼を挙げることになった。
だが結婚後、洛青舟は詩才と学識で美しい義母と可憐な小姑を魅了し、
夜は謎の女と武術の修行を重ねていく。
ただし、毎晩、同じ寝所にいる妻はどうやら別人らしい…？",206807,1320,88,1,0,7734,271,wopm2rb075,1,とぼける,Playing Dumb
693a76c264b93774b305b2f9,693a76c264b93774b305b2f9,149000000000002534,結婚前に転生、最強令嬢の復讐,https://v-mps.crazymaplestudios.com/images/a2ecf310-da72-11f0-84ad-6b5693b490dc.jpg,2,1,1,殺された前世から転生。富豪と電撃婚し、父の会社を守るためクズ男に華麗なる復讐を！,233906,1855,88,1,0,7063,276,z31g69rhvz,1,復讐|女性向けのドラマ,Revenge|Female
668b5ca7c9f5e5cef106bd17,668b5ca7c9f5e5cef106bd17,149000000000000199,離婚された彼女が最強すぎる,https://v-mps.crazymaplestudios.com/images/fe387570-41be-11f0-b65a-27549cd2a91e.jpg,2,1,1,幼い頃の誘拐事件から救われた蘇桃は、恩人の陸寒川と結婚する。しかし、陸は別の女性を当時の蘇桃だと誤認し、突然の離婚を告げる。後に真実を知った彼は深い後悔に苛まれ、失った愛を取り戻そうとするが―。運命に翻弄される二人の切ないラブストーリー。,1125261,4574,89,1,0,7976,282,2vw6na8fgm,1,Femenino|Dulce|Contemporáneo|Demasiado Tarde|Amor después del divorcio|multimillonario|Heredera,Femenino|Dulce|Contemporáneo|Demasiado Tarde|Amor después del divorcio|multimillonario|Heredera
66c46053c44580f740073922,66c46053c44580f740073922,149000000000001086,今夜、冷酷CEOと愛に溺れる,https://v-mps.crazymaplestudios.com/images/43c122a0-92c8-11ef-a2d6-41216ff1602c.jpg,2,1,1,30 年経って、ついに姉を見つけた。私は億万長者という身元を隠して彼女に会った。彼女は私を彼女が働いている煉瓦工場に連れて行き、決して私を苦しい生活を送らせないと誓った。しかし、彼女はこの煉瓦工場が私のものだと知らない。そして、他の労働者たちも知らない…… 彼らがいじめている私が、彼らの最大のボスなのだ！,894108,3817,89,1,0,12553,173,4o5l5qtx15,1,身分を隠せ,Hidden Identity
66d554205b78cde44a0ffd9f,66d554205b78cde44a0ffd9f,149000000000000013,かりそめの花嫁ですが、社長に溺愛されています,https://v-mps.crazymaplestudios.com/images/ab02b370-6b63-11ef-838e-777d81c2a9c7.jpg,2,1,1,デキ婚で、彼との子供を出産。思わぬ事で、その子供があの世にいってしまい、悲しみの中彼と離婚。それから、2人の誤解が解けて、いよいよ…,2523795,31799,89,1,0,36796,281,231jicwcvv,1,契約の恋人|二度目のチャンス|億万長者|離婚後の愛,Contract Lovers|Second Chance|Billionaire|Love After Divorce
675a9b0b63d5f7827206b0c3,675a9b0b63d5f7827206b0c3,149000000000001113,僕の両親は億万長者？！,https://v-mps.crazymaplestudios.com/images/31b612c0-bc56-11ef-a2d6-41216ff1602c.jpg,2,1,1,僕は親のいない普通のサラリーマンだった。しかし、ある日、地味な服装をした二人の男女が現れ、自分たちが僕の両親だと名乗る。最初は信じられなかったが、彼らの正体は想像を超えるものだった…実は彼らは大富豪だったのだ！,667829,3891,89,1,0,11773,268,xcxyjswjv5,1,迷子|男向けのドラマ|立身出世|コンテンポラリー|億万長者,Lost Child|Male|Rags to Riches|Contemporary|Billionaire
692d606ab6bd5e6ece00c7d9,692d606ab6bd5e6ece00c7d9,149000000000002415,復縁なんてお断り！ヤキモチ夫は超難関,https://v-mps.crazymaplestudios.com/images/97c6bdd0-cea7-11f0-84ad-6b5693b490dc.jpg,2,1,1,夫に裏切られ、愛人の世話まで強要された天才科学者・蘇景年。離婚後、財産と特許を取り戻し元夫の会社を破綻させる。かつてのライバルと再会し、愛も仕事も手に入れ逆襲を果たす。,1246674,7776,89,1,0,7953,342,l5lhlgvtuw,1,甘いロマンス|女性向けのドラマ,Sweet Romance|Female
692febf57c536330fe0b0e85,692febf57c536330fe0b0e85,149000000000002437,電撃婚の奥様はちょっとワイルド,https://v-mps.crazymaplestudios.com/images/d5474710-d181-11f0-84ad-6b5693b490dc.jpg,2,1,1,田舎育ちの林希は富豪の家に居候。彼と惹かれ合う中、自らの出生の謎と彼の秘密が明らかになっていく。,250567,2068,89,1,0,8013,397,a2p4n5l814,1,甘いロマンス|女性向けのドラマ,Sweet Romance|Female
666bb6da36e7dc55b007ab11,666bb6da36e7dc55b007ab11,149000000000000200,妊娠中の妻を捨てたCEOの後悔,https://v-mps.crazymaplestudios.com/images/9ade1390-2a45-11ef-a6eb-0925fdddfb71.jpg,2,1,1,映画の女王として、彼女は妹に陥れられ、大統領との一夜で偶然妊娠してしまった。彼女は映画業界から引退することを決意したが、出産の日に大統領に見つかってしまった。,1902848,8968,90,1,0,36848,217,r5cme1duwp,1,とぼける|女性向けのドラマ,Playing Dumb|Female
6678f3b6c6c5dcd5240cb342,6678f3b6c6c5dcd5240cb342,149000000000000143,私の美しい 五人姉妹,https://v-mps.crazymaplestudios.com/images/76063250-3553-11ef-a6eb-0925fdddfb71.jpg,2,1,1,私には献身的な五人の姉がいます。彼女たちは女性将軍、グループCEO、暗殺者の王、無双の医師、トップスターです！私は市場の魚屋に見えるかもしれませんが、実はスーパーワリアーです！裕福な家庭の甘やかされた後継者たちに立ち向かい、愛する人々を守ります！ 魚屋でありながら、私は五人の大物姉たちに甘やかされています。,876197,3878,90,1,0,34530,147,esxgy8w4w7,1,男向けのドラマ|カムバックストーリー|スーパーウォーリアー|身分を隠せ|不可思議|ハーレム|再会|相続人/名士,Male|Comeback Story|Super Warrior|Hidden Identity|Mystery|Harem|Reunion|Heiress/Socialite
668c135c1e163c71c304d96e,668c135c1e163c71c304d96e,149000000000000363,令嬢は全く気にしない,https://v-mps.crazymaplestudios.com/images/7ecd0a30-7f2c-11ef-a2d6-41216ff1602c.jpg,2,1,1,"あなたの結婚式で、誰かがDNA鑑定書を持ってきて、あなたの身元に疑問を投げかけた！ そして、家族や婚約者までもがそれを信じてしまい、結婚式当日、あなたは屈辱を受けて閉じ込められ、自信を失い、自分の人生に疑念を抱き始めた。そんな時、まるで光のように彼が現れ、あなたを支え、立ち上がらせた。
その後、少しずつ影から抜け出し、もう弱くならないと決意した。真の愛に支えられ、あなたは自分自身を証明し、全てを取り戻し、悪事を働いた者たちに代償を払わせることを誓う！",536499,1683,90,1,0,35352,204,6t6653vfwp,1,女性向けのドラマ|スイート|コンテンポラリー|人違い|復讐|Marido protector|multimillonario|Heredera/socialité,Female|Sweet|Contemporary|Mistaken Identity|Revenge|Marido protector|multimillonario|Heredera/socialité|Mistaken Identity
66817a8402f1c4ec1902bce0,66817a8402f1c4ec1902bce0,149000000000000236,消えた妻の秘密、CEOと三つ子の再会,https://v-mps.crazymaplestudios.com/images/932339a0-5a1f-11ef-838e-777d81c2a9c7.jpg,2,1,1,交通事故をきっかけに、彼の幸運のために結婚を決意した彼女。しかし、彼の心には別の女性がいることを知る。三年後、耐えきれなくなった彼女は、彼のもとを去り、密かに三つ子を出産する。しかし、二人の子供は血液の難病を抱えていた。長年、懸命に治療薬を研究し、ついに特効薬を完成させた彼女。彼は、すべての真実を知ることになるのだろうか？,939666,3396,90,1,0,35508,234,1jad4y4v5h,1,Femenino|Dulce|Contemporáneo|Demasiado Tarde|Bebés genios|multimillonario|Mujer independiente,Femenino|Dulce|Contemporáneo|Demasiado Tarde|Bebés genios|multimillonario|Mujer independiente
669dc93460199e09d20faafc,669dc93460199e09d20faafc,149000000000000146,田舎者は大物,https://v-mps.crazymaplestudios.com/images/985d8c50-4817-11ef-a96f-c3bf05c2bf9d.jpg,2,1,1,"""皆に軽蔑された移住労働者の彼は、戦神の堕落者であることが明らかになりました。妻に裏切られ、彼は真実の自己を明かし、正当に彼に属するものをすべて回復する決意をしました...
彼の妻は、彼が移住労働者であると蔑ろに思い、彼が戦神である真実の自己を知りませんでした。""",997597,4005,90,1,0,37946,351,vdwuc2afqh,1,身分を隠せ|男向けのドラマ|カムバックストーリー|スーパーウォーリアー|コンテンポラリー,Hidden Identity|Male|Comeback Story|Super Warrior|Contemporary
670cbb05d0824894e2036139,670cbb05d0824894e2036139,149000000000001034,転生戦神～天帝のリベンジ物語,https://v-mps.crazymaplestudios.com/images/fad82f50-8c57-11ef-a2d6-41216ff1602c.jpg,2,1,1,"父親に捨てられた若き子が、宿敵の陰謀により大事な人が悲劇に遭う。
未知な人に救われ、冷酷無情な強き戦士と化す。天地をも覆す最強である彼が選ぶ道は、
果たして悪魔か仏か、、！！！",490326,2239,90,1,0,34992,303,4w3zg6yl8z,1,男向けのドラマ|カムバックストーリー|サバイバル|転生|スーパーパワー|復讐|スーパーウォーリアー|ストロングウィル,Male|Comeback Story|Survival|Reincarnation|Super Power|Revenge|Super Warrior|Strong-Willed
671f073acdcbe808900fc038,671f073acdcbe808900fc038,149000000000000193,ご懐妊!一夜限りの相手は社長！？,https://v-mps.crazymaplestudios.com/images/8a15a080-96a8-11ef-a2d6-41216ff1602c.jpg,2,1,1,望んでもないのに彼と一夜とともにし、その後彼女はたまたま彼のアシスタントの職に就いた。一緒に仕事をしていくうちに、彼は彼女を好きになった。だが彼らの関係は名義上の彼女にバレてしまい、消えてくれるように彼女を脅した！,1650077,9339,90,1,0,35412,130,tav8wttouh,1,女性向けのドラマ|スイート|コンテンポラリー|ワンナイトラブ|億万長者|無邪気な乙女,Female|Sweet|Contemporary|One Night Stand|Billionaire|Innocent Damsel
673a9eaaafe21fc3fd08a97b,673a9eaaafe21fc3fd08a97b,149000000000000523,麗しき彼女の華麗なる変身,https://v-mps.crazymaplestudios.com/images/a9138fd0-a87b-11ef-a2d6-41216ff1602c.jpg,2,1,1,祖母の葬式後、家から追い出されてしまった養女の叶笙(カノウ・ショウ)。しかし彼女は、大富豪の娘であることが判明。実家に戻ると、養子の姉からの様々な嫌がらせを受け、さらには婚約まで迫られることに――波乱に満ちた運命の行方とは？,3138690,14207,90,1,0,35298,312,6a8hnk0uvh,1,女性向けのドラマ|悪女ヒロイン|コンテンポラリー|復讐|フィール・グッド|身分を隠せ|億万長者|ストロングウィル,Female|Strong Heroine|Contemporary|Revenge|Feel-Good|Hidden Identity|Billionaire|Strong-Willed
674d23f4615f945cb503ea21,674d23f4615f945cb503ea21,149000000000000517,離婚後3兄弟に甘やかされすぎて困っちゃう,https://v-mps.crazymaplestudios.com/images/c16e0680-b12e-11ef-a2d6-41216ff1602c.jpg,2,1,1,結婚生活が３年経ち、彼女は義母からの絶え間ない屈辱に耐え続けてきました。彼女は義母から、夫の遠い親戚（実は夫の愛人）の世話を強要されました。一方、長い間行方不明だった兄たちは彼女の居場所を見つけ、彼女を家に連れ戻そうとしているところです。,972024,3803,90,1,0,34839,129,ffucgtjvwj,1,女性向けのドラマ|悪女ヒロイン|コンテンポラリー|グループのお気に入り|天才ベビー|身分を隠せ|億万長者|家庭主婦,Female|Strong Heroine|Contemporary|Group Favorite|Genius Babies|Hidden Identity|Billionaire|Housewife
68be71e6fc052e9b6a074b17,68be71e6fc052e9b6a074b17,149000000000001407,女社長のボディーガード,https://v-mps.crazymaplestudios.com/images/7c6d1f60-982a-11f0-a06b-bdb674869ea1.jpg,2,1,1,ある日、思いがけないヒーローごっこが縁で結ばれた楚嘉雪と林辰。親族からのお見合い圧力に耐えかねた嘉雪は、林辰に「偽りの彼氏」役を依頼する。しかしその後、二人の間には忘れ去られていた婚約が存在することが判明して…。それぞれの事情から、「三ヶ月限りの偽装結婚」を決意する二人。最初は演技だと思っていたのに、共に過ごすうちに次第に本当の心が揺れ動いていく。果たして、この偽りの結婚は本物の恋へと発展するのか…,363555,1808,90,1,0,6742,206,ag9y8x76d9,1,とぼける,Playing Dumb
68be7211fc052e9b6a074b2b,68be7211fc052e9b6a074b2b,149000000000001417,万道龍皇：至尊神殿の継承者,https://v-mps.crazymaplestudios.com/images/e1fd7d70-9938-11f0-a06b-bdb674869ea1.jpg,2,1,1,玄元剣派の陸鳴は、無実の罪を着せられ宗門を追われる。しかし、至尊神殿で九龍至尊の血脈を受け継いだことで、逆襲を果たし、熱く輝かしい道を歩み始める。彼は無限の主霊を喰らい、諸天の血脈を融合させ、幾多の試練を乗り越え、ついに長年行方不明だった父を救い出すのであった。,117014,927,90,1,0,7589,357,29otntr1g9,1,とぼける,Playing Dumb
691e73d3967bec54170e4a2b,691e73d3967bec54170e4a2b,149000000000002292,村で恐れられる鬼猟師と、彼に嫁いだ絶世の私,https://v-mps.crazymaplestudios.com/images/bb436670-c9dc-11f0-84ad-6b5693b490dc.jpg,2,1,1,村で最も恐れられる凶暴な猟師、薄言山。彼の願いはただ一つ、嫁を娶り、子を成し、温かい家庭を築くこと。しかし、虎や狼を素手で仕留め、気に食わぬ者は殴り飛ばすという噂から、誰も彼に近づこうとしない。そんな彼に、自ら嫁入りを志願した女がいた。現代から転生してきた金満銀、ただ一人だけ。人々が恐れる「鬼」に、彼女はなぜ嫁いだのか？その選択の裏に隠された、甘い秘密とは…,163376,1373,90,1,0,7143,344,olqbgk3ewn,1,甘いロマンス|女性向けのドラマ,Sweet Romance|Female
66726fee1e9c0354830f5762,66726fee1e9c0354830f5762,149000000000000240,最強の冥界王,https://v-mps.crazymaplestudios.com/images/ddd14680-2f00-11ef-a6eb-0925fdddfb71.jpg,2,1,1,彼は裏社会の大物で、オークションで乙女を救出する。しかし、彼自身の妻と娘がいじめられていることを知ったとき、復讐を決意し、本当の正体を明かして家族のために戦う！,1105894,4615,91,1,0,34968,139,47xhtyjd0u,1,男向けのドラマ|カムバックストーリー|コンテンポラリー|身分を隠せ|復讐,Male|Comeback Story|Contemporary|Hidden Identity|Revenge
66861527dfb9a2b1930a8669,66861527dfb9a2b1930a8669,149000000000000195,CEO、秘密の子供が！,https://v-mps.crazymaplestudios.com/images/904de1d0-3acb-11ef-a6eb-0925fdddfb71.jpg,2,1,1,「6年前に、彼女はCEOの夫に知られずに離婚し、妊娠していた。今、彼女は一人で子供と暮らしています。再会してブラインドデートで出会った時、彼らは誤解を解き明かし、壊れた関係を修復できるでしょうか？,1024220,4929,91,1,0,38452,149,7ccodsxry0,1,天才ベビー|億万長者|離婚後の愛|二度目のチャンス,Genius Babies|Billionaire|Love After Divorce|Second Chance
66ad12b5b9c6b71f56084f78,66ad12b5b9c6b71f56084f78,149000000000000382,お忙しい社長の奥さん,https://v-mps.crazymaplestudios.com/images/e81fa800-86eb-11ef-a2d6-41216ff1602c.jpg,2,1,1,おじいちゃんが死ぬ前に3人の婚約者候補を用意してくれた。イケメンで金持ちの彼たちから逃れようと自分にブサイクなメイクをしていた。しかし、自分の才能で私は世界トップレベルの鑑定師になり、人に自分の身分を見せようとした時、意外に彼と出会った。昔助けた男はまさか最も金持ちの億万長者だった。,705600,2545,91,1,0,34385,126,4fsjo0yy36,1,女性向けのドラマ|スイート|コンテンポラリー|身分を隠せ|多重アイデンティティ|再会|億万長者|相続人/社会人,Female|Sweet|Contemporary|Hidden Identity|Multiple Identity|Reunion|Billionaire|Heiress/Socialite
671f0cd0b80be6f84b065932,671f0cd0b80be6f84b065932,149000000000000480,流浪のプリンセスの帰還,https://v-mps.crazymaplestudios.com/images/b4b46d50-973c-11ef-a2d6-41216ff1602c.jpg,2,1,1,皇帝の最愛の王女は外出の途中で誘拐され、農家で十年以上花嫁として暮らしていた。数年後、皇帝はようやく娘の行方を突き止めるが、人違いだった...王宮の内部からも、外部からも、陰謀が渦巻き、本当の王女は身分を取り戻すことができるのか？,411827,1799,91,1,0,36570,342,mw8suy9jwp,1,女性向けのドラマ|家族ドラマ|バック・イン・タイム|迷子|再会|ロイヤル/貴族|無邪気な乙女,Female|Family Drama|Back in Time|Lost Child|Reunion|Royalty/Nobility|Innocent Damsel
68be71d8fc052e9b6a074b13,68be71d8fc052e9b6a074b13,149000000000001405,スピード婚の夫はまさかの大富豪,https://v-mps.crazymaplestudios.com/images/66f1e7e0-979b-11f0-a06b-bdb674869ea1.jpg,2,1,1,許南歌はなぜか突然、一番金持ちの霍北宴とスピード婚してしまった。しかし霍北宴は、自分の妻が誰なのかまったく知らず、すれ違いと誤解を何度も繰り返したが、最終には二人はお互いを知り、恋に落ちた。,350563,1917,91,1,0,6616,283,chrngdkpwi,1,とぼける,Playing Dumb
667a83e9785314cbbc024ad1,667a83e9785314cbbc024ad1,149000000000000325,あの日の私たち,https://v-mps.crazymaplestudios.com/images/154d7ed0-49a0-11ef-a96f-c3bf05c2bf9d.jpg,2,1,1,彼らの記念日に、彼は妻が裕福な相続人と不倫をしていたのを捕らえました。7年後、彼は最も裕福なCEOになりました。偶然再会すると、彼女は混乱しており、7歳の子供を連れていました...,328552,1559,92,1,0,36714,287,lqy8f4c204,1,Femenino|Segunda oportunidad|Contemporáneo|Amor después del divorcio|El embarazo|multimillonario|Damisela inocente,Femenino|Segunda oportunidad|Contemporáneo|Amor después del divorcio|El embarazo|multimillonario|Damisela inocente
668c06160f8a90d05e0ba5c4,668c06160f8a90d05e0ba5c4,149000000000000362,離婚後、私は御曹司達に超寵愛されている,https://v-mps.crazymaplestudios.com/images/28963980-6126-11ef-838e-777d81c2a9c7.jpg,2,1,1,"「家族と何年も離れていたあなたは、ついに令嬢として帰宅することを決めました。億万長者の父親があなたのカムバックを歓迎するために開いたパーティーで、これらの人々がどうしてあなたの身元を疑うことができるのでしょうか？！
あなたは男性と結婚し、裕福な令嬢という身元を秘密にしていましたが、彼の家族にいじめられ、彼に裏切られてしまいました。あなたはもう我慢できず、自分の家族のもとに戻ることにしました。しかし、あなたは誰かがあなたのふりをしていることに気づきました。
幸いなことに、3 人のハンサムな男性があなたを支えてくれています。あなたの運命の王子はその中の一人でしょうか？そして、あなたは自分の能力と力でどのように復讐しますか？」",1077148,4092,92,1,0,36799,210,qlv2o7riva,1,Femenino|Dulce|Contemporáneo|Identidad Oculta|Harem inverso|Venganza|multimillonario|Heredera/socialité,Femenino|Dulce|Contemporáneo|Identidad Oculta|Harem inverso|Venganza|multimillonario|Heredera/socialité
6673eb9ac65b394f5d0f8805,6673eb9ac65b394f5d0f8805,149000000000000291,CEOとの絡み,https://v-mps.crazymaplestudios.com/images/09d1f1d0-2fd8-11ef-a6eb-0925fdddfb71.jpg,2,1,1,一夜の過ちが原因で、彼女と億万長者はタブロイド紙の注目の的になった。さらに驚いたのは、彼らがビジネスパートナーになったことだった。最初はただの仕事上の関係だと思っていたが、彼が常に彼女を支えてくれるとは思わなかった。しかも、彼が長年密かに彼女に恋していたとは夢にも思わなかった。,695709,3589,92,1,0,39154,316,94fr8v229f,1,女性向けのドラマ|スイート|コンテンポラリー|ワンナイトラブ|スラング|オフィスラブ|億万長者|インディペンデント・ウーマン,Female|Sweet|Contemporary|One Night Stand|Steamy|Office Romance|Billionaire|Independent Woman
6679243a7c80e46683095756,6679243a7c80e46683095756,149000000000000301,君が妻だったらいいのに,https://v-mps.crazymaplestudios.com/images/f44b7340-3478-11ef-a6eb-0925fdddfb71.jpg,2,1,1,彼らは若い頃、お互いに結婚を約束したが、何年も経った後、彼はその約束を忘れてしまった。結婚はしたものの、彼は彼女のもとに戻らず、彼女の顔さえ知らなかった。偶然にも、彼が雇った離婚弁護士が、離婚したいと思っていた妻だった...,733885,3950,92,1,0,34688,353,i8jr6v85z4,1,女性向けのドラマ|スイート|コンテンポラリー|離婚後の愛|再会|オフィスラブ|億万長者|インディペンデント・ウーマン,Female|Sweet|Contemporary|Love After Divorce|Reunion|Office Romance|Billionaire|Independent Woman
668c0f7f819bf24b490f032b,668c0f7f819bf24b490f032b,149000000000000357,私の電撃婚相手のウェーターは大物？,https://v-mps.crazymaplestudios.com/images/1a948cd0-725e-11ef-a2d6-41216ff1602c.jpg,2,1,1,年が若い女性CEOである私は、結婚式の前日に、婚約者に浮気されたことに気付きながら、式場に駆けつけた。そこで適当なウェーターと電撃婚したはずなのに、思わぬ展開になっちまった！そのウェーターは実は大富豪だったなんて！,731559,3434,92,1,0,35545,345,two3wh4dlq,1,女性向けのドラマ|スイート|コンテンポラリー|Matrimonio relámpago|身分を隠せ|契約の恋人|multimillonario|Heredera/socialité,Female|Sweet|Contemporary|Matrimonio relámpago|Hidden Identity|Contract Lovers|multimillonario|Heredera/socialité
6684f677f4e54e016d09e6cd,6684f677f4e54e016d09e6cd,149000000000000034,私の夢、私の恐怖,https://v-mps.crazymaplestudios.com/images/8de0e5e0-3eaf-11ef-a6eb-0925fdddfb71.jpg,2,1,1,彼女はいつも彼が自分の救いだと思っていました。彼は彼女を苦しみから導き出し、完全に彼女を守ってくれました。しかし、彼女が子供を失う原因となったのも、結婚を失う原因となったのも、愛する人たちを失う原因となったのも、そして彼女が持っていた全てを失う原因となったのも、彼でした。彼は嘘で彼女に甘い檻を編み出しました... 彼女が自分が持っている幸せな結婚が、実はただの芝居だと分かる時...,179019,731,92,1,0,37178,168,owgghqv1ok,1,お涙ちょうだい|三角関係|妊娠|女性向けのドラマ|トキシック|コンテンポラリー|億万長者|ストロングウィル,Tear-Jerker|Love Triangle|Pregnancy|Female|Toxic|Contemporary|Billionaire|Strong-Willed
66b18bc208cbb358ed099bab,66b18bc208cbb358ed099bab,149000000000000008,彼の隣にいる、地味だけど「最強」な妻の正体とは,https://v-mps.crazymaplestudios.com/images/41142460-54a9-11ef-838e-777d81c2a9c7.jpg,2,1,1,街を震わせる男が、ひっそりと結婚？！ 相手は田舎娘…と思いきや、実は医学の知識、華麗な戦闘力、果ては超巨大企業の株主！？ 怯えるCEO、妻に謝罪「もう、あなたの秘密を探ったりしません…！」,3359131,34106,92,1,0,35540,245,xuiotkdr9o,1,身分を隠せ|多重アイデンティティ|億万長者,Hidden Identity|Multiple Identities|Billionaire
6941285fb41309fc0a0b9a21,6941285fb41309fc0a0b9a21,149000000000002587,会うは難く、別れもまた難し,https://v-mps.crazymaplestudios.com/images/ea55b750-dcb6-11f0-84ad-6b5693b490dc.jpg,2,1,1,天下最強の剣神・陳長安は妻の女帝・洛依澄に裏切られ悲憤の死を遂げる。だが彼は転生し帰還。時すでに遅く真実を知った彼女の、壮絶な償いの日々が始まる。,15132,391,92,1,0,8079,307,yo04iv5wm9,1,とぼける,Playing Dumb
667a831817f0739a160f261f,667a831817f0739a160f261f,149000000000000322,龍王の末裔,https://v-mps.crazymaplestudios.com/images/711006e0-5a1a-11ef-838e-777d81c2a9c7.jpg,2,1,1,七年前、彼は貧しい孤児、彼女はやり手の女性CEO。恋に落ちた二人は、すべてを捨てて駆け落ちをした。七年後、彼は国を動かすほどの権力と富を手にした実業家として戻ってくる。過去の償いと彼女を守るため、彼はあらゆる手段で彼女の安全と幸福を約束する。,742216,2807,93,1,0,38273,300,3d4orbrrqj,1,Masculino|Pobreza a la riqueza|Contemporáneo|multimillonario|身分を隠せ|人違い|とぼける,Masculino|Pobreza a la riqueza|Contemporáneo|multimillonario|Hidden Identity|Mistaken Identity|Playing Dumb
668c0a83e8c4e7d21a0b5b4c,668c0a83e8c4e7d21a0b5b4c,149000000000000348,男装令嬢、御曹司との恋,https://v-mps.crazymaplestudios.com/images/a4d13b40-603a-11ef-838e-777d81c2a9c7.jpg,2,1,1,彼女は幼い頃から生き延びるために男の子に変装することを余儀なくされていた。予想外にも、彼女は裕福な家庭の後継者と絡み合い、徐々に彼に恋をしていった。女性であることを隠すため、彼女は彼が他人を自分だと誤認するのを見守るしかなかった。一方、彼は誤って自分が男に恋をしていると思い、自分が同性愛者になったと思っていた……。,755353,3135,93,1,0,38913,346,bbqljs8wgm,1,Femenino|Dulce|Contemporáneo|Identidad Oculta|Identidad Equivocada|comedia romántica|multimillonario|Indomable,Femenino|Dulce|Contemporáneo|Identidad Oculta|Identidad Equivocada|comedia romántica|multimillonario|Indomable
668c11ef23a35361e101f4b6,668c11ef23a35361e101f4b6,149000000000000360,スピード婚した夫は映画俳優,https://v-mps.crazymaplestudios.com/images/9cb04dc0-4ff0-11ef-a96f-c3bf05c2bf9d.jpg,2,1,1,私は落ちぶれた相続人で、生活に苦しんでいました。エレベーターで彼に出会い、パパラッチによって大きな噂になり、大きな問題を引き起こしました。私に対する復讐として、彼は父が残した唯一の家を買収しました！噂に対処するために、私たちはすぐに結婚することを決めました。契約結婚後、私たちはお互いに徐々に恋をしました、そして彼は家を私に返すことを決めました。しかし、さらに多くの課題が待っています…,400271,1985,93,1,0,37374,245,y1ep9njg1t,1,Femenino|Dulce|Contemporáneo|Matrimonio relámpago|Amantes Por Contrato|Amor después del matrimonio|multimillonario|Heredera/socialité,Femenino|Dulce|Contemporáneo|Matrimonio relámpago|Amantes Por Contrato|Amor después del matrimonio|multimillonario|Heredera/socialité
66b2edda6598db76060e4de6,66b2edda6598db76060e4de6,149000000000000400,突然パパに？！ シャレた妻に翻弄された俺,https://v-mps.crazymaplestudios.com/images/bd193740-7bb8-11ef-a2d6-41216ff1602c.jpg,2,1,1,"六年前の成人式で、父と姉に薬を盛られ、社長さんといけないことをしてしまった。その後妊娠してしまい、家を追い出されてしまって、子供も一人盗まれた。母の死の真相を知らされて、絶望を感じて、残りの子供二人を連れて行った。
六年後、トップレベルの医者になった私はすべてを取り戻したくて、偶然あの社長さんと出会い、告白されて、絶好な復讐のチャンスと恋愛ゲームが私を待っている。",785921,2632,93,1,0,35707,168,qw49le94v1,1,女性向けのドラマ|スイート|コンテンポラリー|復讐|ワンナイトラブ|妊娠|億万長者|相続人/社会人,Female|Sweet|Contemporary|Revenge|One Night Stand|Pregnancy|Billionaire|Heiress/Socialite
671a0796ee9bd5a07a018eae,671a0796ee9bd5a07a018eae,149000000000000399,大富豪のバツイチ孫娘,https://v-mps.crazymaplestudios.com/images/56e20700-9205-11ef-a2d6-41216ff1602c.jpg,2,1,1,航空事故にあった彼女が、偶然旦那の浮気現場を目撃しまった…離婚後、大富豪の孫娘として帰来、そして、元夫に華麗なリベンジを開始！,2220041,9867,93,1,0,37297,328,o30yhqpw1q,1,女性向けのドラマ|スイート|コンテンポラリー|あまりに遅すぎる|身分を隠せ|復讐|億万長者|相続人/社会人,Female|Sweet|Contemporary|All-Too-Late|Hidden Identity|Revenge|Billionaire|Heiress/Socialite
68aea9d0a6cec9062f0b8411,68aea9d0a6cec9062f0b8411,149000000000000901,時空を越えた婚活大作戦,https://v-mps.crazymaplestudios.com/images/d6b91980-84b4-11f0-a06b-bdb674869ea1.jpg,2,1,1,宋琦はキャリアウーマンだが、母親・宋春梅から見れば“負け犬のオールドミス”。ありえないほど強烈なお見合い攻撃に悩まされていた。ある日、交通事故に遭い、目が覚めると——時代は1994年。眼前にいるのは、若き日の母親！今度は宋琦が母親をお見合い地獄に導くが…。母親を追いかける二人の男性、果たして本当の父親はどちら？ そして、祖母と叔父の“結納金目的”の結婚話に直面し、宋琦の思いは“復讐”から“母親の幸せ”へと変化していく。自分が生まれなくてもいい、ただ母に幸せになってほしい——そんな時、驚愕の真実が明らかにされる…！,59102,662,93,1,0,7720,377,va2hvbece0,1,家族ドラマ|ファミリー|女性向けのドラマ,Family Drama|Family|Female
68d11e8ffaa67529a601e83e,68d11e8ffaa67529a601e83e,149000000000001252,結局、君しか勝たん,https://v-mps.crazymaplestudios.com/images/2f674ef0-979b-11f0-a06b-bdb674869ea1.jpg,2,1,1,恋人を守るために、顔卿はあえて別の男の懐に入った。5年後、その恋人が、「必ず代償を払ってもらう！」と誓い、帰ってきた。,181903,1187,93,1,0,7348,281,ir0nfzmpn5,1,離婚後の愛,Love After Divorce
669dc87df1e972289a026fa9,669dc87df1e972289a026fa9,149000000000000060,前世への復讐,https://v-mps.crazymaplestudios.com/images/62dec480-4b2e-11ef-a96f-c3bf05c2bf9d.jpg,2,1,1,3年前に残酷に殺された千恵子が生き返った。虐待された夫の信孝から逃げ出して、彼女と同じく生き返った男の進と出会った。前世の復讐と愛を混じる中、彼らは前世の誤解を解き、仇への復讐を果たした。,790411,3154,94,1,0,37826,224,6v2sre4c8f,1,転生|二度目のチャンス|復讐,Rebirth|Second Chance|Revenge
674d2599bbcb3a1ae201127a,674d2599bbcb3a1ae201127a,149000000000000502,浮気の代償サレ妻と愛人の復讐,https://v-mps.crazymaplestudios.com/images/16db0a70-b6be-11ef-a2d6-41216ff1602c.jpg,2,1,1,夫が浮気していることを知った彼女は、離婚を決意した。しかし、思いもよらず、夫が婚姻中の財産をこっそり移していることに気づいた。局面を取り戻すため、彼女は彼の愛人と手を組んだ。二人は力を合わせ、夫の本性を暴き、彼のキャリアを潰し、奪われた財産を取り戻すことに成功した。,950455,5025,94,1,0,37587,323,8hthum8j9v,1,女性向けのドラマ|悪女ヒロイン|コンテンポラリー|復讐|浮気|三角関係|インディペンデント・ウーマン,Female|Strong Heroine|Contemporary|Revenge|Affair|Love Triangle|Independent Woman
68cb780a3d3661aa6d037250,68cb780a3d3661aa6d037250,149000000000000935,甘くて最強！シンデレラママの逆襲,https://v-mps.crazymaplestudios.com/images/278b2090-9781-11f0-a06b-bdb674869ea1.jpg,2,1,1,沈寧は、ひょんなことから首都一の権力者・陸雲深とスピード婚し、彼の二人の子供の継母となる。共に過ごすうちに二人は互いに惹かれ合っていくが、沈寧は、陸雲深の二人の子供が、なんと自分が産んだ実の子であることに気づいてしまう！5年前の真実が明らかになるにつれ、沈寧の隠された正体も次々と暴かれていく。最終的に悪人は裁きを受け、沈寧と陸雲深は二人の子供と共に、家族みんなから愛される幸せな日々を送るのだった。,796143,3486,94,1,0,7198,279,hvouet0xsl,1,グループのお気に入り|女性向けのドラマ,Group Favorite|Female
66b19cc9d7f8b13890031dbf,66b19cc9d7f8b13890031dbf,149000000000000032,若妻と契約結婚のラブ♡ストーリー,https://v-mps.crazymaplestudios.com/images/079e3690-6128-11ef-838e-777d81c2a9c7.jpg,2,1,1,見合い結婚に抵抗するため、若い令嬢は大金を使ってナイトクラブから見知らぬ人を雇い、偽の結婚をした。しかし、その男は彼女よりもはるかに裕福だった……。,1199592,8506,95,1,0,36581,263,9wjgxlxjqx,1,守る夫|契約の恋人|ラブコメ|年齢差|結婚後の恋愛|億万長者,Protective Husband|Contract Lovers|Rom-Com|Age Gap|Love After Marriage|Billionaire
6704c684f7d0ad2e6c0c49a1,6704c684f7d0ad2e6c0c49a1,149000000000000445,復讐は離婚から始まる,https://v-mps.crazymaplestudios.com/images/13c10c30-89fb-11ef-a2d6-41216ff1602c.jpg,2,1,1,結婚して6年、夫の家族からの様々な虐待に耐えて来た彼女は、やっと冷酷かつ無残な夫の人間性に気づく。離婚を決意した彼女は、大富豪の実家に帰省し、かつては失ってしまった名誉と誇りを取り戻すこととなる。彼女の波瀾万丈な人生に、献身的な初恋の男性が二人の仲を再燃させることに…,1526744,6245,95,1,0,39200,348,muzq2fsus7,1,身分を隠せ|女性向けのドラマ|スイート|コンテンポラリー|復讐|三角関係|億万長者|相続人/社会人,Hidden Identity|Female|Sweet|Contemporary|Revenge|Love Triangle|Billionaire|Heiress/Socialite
67318020da775f3cc401b2e4,67318020da775f3cc401b2e4,149000000000000513,今度元夫のイケメン叔父と結婚することに？！,https://v-mps.crazymaplestudios.com/images/c43166c0-a18c-11ef-a2d6-41216ff1602c.jpg,2,1,1,ヒロインは自分の夫に殺され、過去の自分に生まれかわった。新たな人生では前世の夫ではなく、前世の夫の億万長者エリート叔父さんと付き合った。生育機能がないと聞かされていたが、ワンナイトラブでまさかの三つ子妊娠。ハラハラドキドキストーリーのお始まり。,1659898,6474,95,1,0,38991,319,ryln7cii48,1,女性向けのドラマ|スイート|バック・イン・タイム|転生|年齢差|復讐|億万長者|ストロングウィル,Female|Sweet|Back in Time|Reincarnation|Age Gap|Revenge|Billionaire|Strong-Willed
68be71d4fc052e9b6a074b11,68be71d4fc052e9b6a074b11,149000000000001404,偽装彼氏は超大物!?許婚と玉佩の秘密,https://v-mps.crazymaplestudios.com/images/8aca2f80-982a-11f0-a06b-bdb674869ea1.jpg,2,1,1,お嬢様の楚嘉雪は彼氏を偽ってもらう為に、適当に見知らぬ男を捕まえたが、まさか相手は全世界でも屈指の名医に崇められ、死神にも恐れられる医術の達人だとは思わなかった。彼は師匠の命にしたがって、十数年前に親が決めてくれた縁談の相手を探す為に下山したわけだ。その相手の祖父が持っている佩玉を手にすれば、自分の実の両親が見つかると言われている。しかし、道を尋ねようとしてたら、いきなり彼氏を装ってくれと楚嘉雪に頼まれた。果たして、二人はこれからどうなるであろう。,191483,1126,95,1,0,6865,323,hqlekyjymh,1,とぼける,Playing Dumb
692510fbb49dfa882e029c87,692510fbb49dfa882e029c87,149000000000002380,皇子の胸に秘められし寵姫,https://v-mps.crazymaplestudios.com/images/f63a6c90-cf51-11f0-84ad-6b5693b490dc.jpg,2,1,1,現代のトップスターが、一夜にして皇子の側室に。そこは、嫉妬と陰謀が渦巻く危険な後宮。唯一の頼りは、気まぐれで冷酷な第四皇子。彼に身を捧げた夜、なぜかその相手が自分だと気づかれず？この出会いは運命か、それとも破滅への序章か。,107334,782,95,1,0,7914,302,63p68xhaf9,1,とぼける,Playing Dumb
667e5f3e12d2fcfe3304f22f,667e5f3e12d2fcfe3304f22f,149000000000000180,廃寺からの生還,https://v-mps.crazymaplestudios.com/images/23e99e50-49a1-11ef-a96f-c3bf05c2bf9d.jpg,2,1,1,彼女は低予算のホラー映画に主演しました。お金を節約するために、クルーは山奥の古い神殿で撮影することにしましたが、年配の村人の警告を無視しました。予想外にも、実際の超自然現象が起こり始めました。脚本では、悪の神に生贄にされることが運命付けられていた主人公が悲劇的に死んでしまいます。彼女は自己救済の措置をとらなければなりません。,83064,430,96,1,0,35504,164,ke7yjmw4fh,1,Masculino|Fantasía|Misterio|Damisela inocente,Masculino|Fantasía|Misterio|Damisela inocente
66817a3328d3acd5e906ed87,66817a3328d3acd5e906ed87,149000000000000235,元旦那の逆襲,https://v-mps.crazymaplestudios.com/images/7e3adfa0-7b37-11ef-a2d6-41216ff1602c.jpg,2,1,1,彼は優れた医療技能を持ち合わせていますが、結婚後、自ら家事を手伝う旦那さんになりました。しかし、妻の心では、彼は価値のない人間で、頼りなかったと思われていた。彼女は離婚を固辞しました。しかし、後になって彼女が真実を知った時、彼女は彼に祖父の命を救うよう懇願し、再び彼と結婚することに同意しました...,898566,3308,97,1,0,40122,170,4mmzy7y09t,1,男向けのドラマ|Pobreza a la riqueza|コンテンポラリー|身分を隠せ|multimillonario,Male|Pobreza a la riqueza|Contemporary|Hidden Identity|multimillonario
668ce73a5f3bf5fc6405abde,668ce73a5f3bf5fc6405abde,149000000000000233,鎮北王,https://v-mps.crazymaplestudios.com/images/646de300-7f02-11ef-a2d6-41216ff1602c.jpg,2,1,1,工事現場でただのレンガ職人として働く男の正体は、実は国の名高い王だった。彼は元妻に千億規模のビジネスを贈ったが、離婚という屈辱を味わうことに。しかし、彼の真の姿を知った彼女は衝撃を受けることになる。平凡な日常の中に隠された壮大な秘密、再会と後悔が交錯する、愛と復讐の物語が始まる！,925889,3885,97,1,0,37762,281,mynfm8nrcu,1,男向けのドラマ|Pobreza a la riqueza|コンテンポラリー|multimillonario|身分を隠せ,Male|Pobreza a la riqueza|Contemporary|multimillonario|Hidden Identity
66f122a69df561a08d0068a0,66f122a69df561a08d0068a0,149000000000000254,CEOの片思い,https://v-mps.crazymaplestudios.com/images/6477faf0-885f-11ef-a2d6-41216ff1602c.jpg,2,1,1,誰もが彼女を醜く愚かな少女だと思っているが、真実を知っているのは彼女の夫と彼女自身だけだ。衝撃的な真実が明らかになる日はいつ来るのだろうか?とにかく、彼はいつまでも彼女を守っていく。,1074027,5091,97,1,0,40999,229,i3xzmpumig,1,身分を隠せ|女性向けのドラマ|スイート|コンテンポラリー|守る夫|結婚後の恋愛|億万長者|ストロングウィル,Hidden Identity|Female|Sweet|Contemporary|Protective Husband|Love After Marriage|Billionaire|Strong-Willed
671f0c263f64a487b30cf509,671f0c263f64a487b30cf509,149000000000000493,やり過ぎ！名門御曹司をヒモに？！,https://v-mps.crazymaplestudios.com/images/3a9184c0-9739-11ef-a2d6-41216ff1602c.jpg,2,1,1,結婚当日、旦那に浮気されてしまった…。自暴自棄になって適当に知らない男をヒモにしようと思ったら、相手はまさか超名門の御曹司？,1042906,4966,97,1,0,38689,355,2j7l3hvaf9,1,女性向けのドラマ|悪女ヒロイン|コンテンポラリー|ワンナイトラブ|あまりに遅すぎる|身分を隠せ|億万長者|インディペンデント・ウーマン,Female|Strong Heroine|Contemporary|One Night Stand|All-Too-Late|Hidden Identity|Billionaire|Independent Woman
66619577df0701935c0f735a,66619577df0701935c0f735a,149000000000000009,夢中で甘やかすスピード結婚した妻,https://v-mps.crazymaplestudios.com/images/9921fb00-24bb-11ef-a6eb-0925fdddfb71.jpg,2,1,1,彼女は裕福な家庭から来たが、何年も前にメイドの娘と取り替えられてしまった。偽のお嬢様がそれを知り、問題を起こし始め、彼女が愛していた男性を奪おうとさえした。本当のお嬢様が致命的な病に直面したとき、運命が思いがけない方向に転じた…,1494059,6198,98,1,0,42315,154,902titrd10,1,身分を隠せ|復讐|億万長者,Hidden Identity|Revenge|Billionaire
666ff1613ada1449f6085508,666ff1613ada1449f6085508,149000000000000192,本日、結婚に ふさわしい 日です,https://v-mps.crazymaplestudios.com/images/0c9f3e70-2d6e-11ef-a6eb-0925fdddfb71.jpg,2,1,1,彼女は処女なのに、上司の子供を妊娠していると言われた。もっと驚くべきことに、その上司は知らない。子供を諦めようと考えたとき、億万長者の彼が結婚しないかと聞いてきた…。,788736,3124,98,1,0,40443,229,g1pes16o6d,1,妊娠|スイート|億万長者|オフィスラブ|契約の恋人|結婚後の恋愛,Pregnancy|Sweet|Billionaire|Office Romance|Contract Lovers|Love After Marriage
66c4134bbc2776d71f01b750,66c4134bbc2776d71f01b750,149000000000000102,離婚後元彼のボスと結婚,https://v-mps.crazymaplestudios.com/images/c1496c70-612a-11ef-838e-777d81c2a9c7.jpg,2,1,1,夫の浮気を目撃した後、彼女は何もないまま追い出された。離婚後、元夫の会社の社長は他の女性を遠ざけるために契約関係を提案する。彼女は知らないが、その億万長者は既に彼女に恋をしており、いつも彼女を大切にするだろう。,1089158,6821,98,1,0,39080,206,6802v7uhda,1,女性向けのドラマ|スイート|コンテンポラリー|契約の恋人|守る夫|結婚後の恋愛|億万長者|楽天的|モンゴロイド,Female|Sweet|Contemporary|Contract Lovers|Protective Husband|Love After Marriage|Billionaire|Happy-Go-Lucky|Mongoloid
66def5741858a0126a015d77,66def5741858a0126a015d77,149000000000000438,隠れた万能な巨頭が、帰還しました,https://v-mps.crazymaplestudios.com/images/da1d22a0-71b0-11ef-a2d6-41216ff1602c.jpg,2,1,1,町で一番の富豪だった彼は妻と一緒に隠遁生活をして、素朴な日々を送っていた。しかし、財務苦境に陥ってから、妻が彼を裏切った。こうした混乱の中で、彼は美しい女性CEOに出会った。二人は妻の偽装を暴いて、最後に本当の幸せを見つけた。,669084,2454,98,1,0,38338,202,00gkdlfspv,1,男向けのドラマ|カムバックストーリー|コンテンポラリー|身分を隠せ|ビジネス|多重アイデンティティ|セレブリティー|ストロングウィル,Male|Comeback Story|Contemporary|Hidden Identity|Business|Multiple Identities|Celebrity|Strong-Willed
68be7215fc052e9b6a074b2d,68be7215fc052e9b6a074b2d,149000000000001418,神医、下山する,https://v-mps.crazymaplestudios.com/images/d6f0d0d0-9938-11f0-a06b-bdb674869ea1.jpg,2,1,1,天才的な医術と武術を身につけた林東は、山を下りて都会へやってきた。そこで出会った4人の美女。しかし、彼女たちは誰もが彼に対してよからぬことを企んでいたのだった。,315523,1620,98,1,0,6609,328,5bc91a3rp9,1,とぼける,Playing Dumb
66612d9b571bba94d90cd8e5,66612d9b571bba94d90cd8e5,149000000000000005,元夫からのリダイヤル,https://v-mps.crazymaplestudios.com/images/c7303650-4f23-11ef-a96f-c3bf05c2bf9d.jpg,2,1,1,結婚して3年、彼女は妻としてすべきことをすべてやったが、彼の気持ちを引き寄せることはできなかった。心が折れた彼女は、その結婚を終わらせることを選んだ…,854040,3220,99,1,0,40278,204,nfqltxnhsk,1,億万長者|復讐|契約の恋人,Billionaire|Revenge|Contract Lovers
667a6cdbe7bd32293603863b,667a6cdbe7bd32293603863b,149000000000000226,狂龍の帰還,https://v-mps.crazymaplestudios.com/images/00254770-b09a-11ef-a2d6-41216ff1602c.jpg,2,1,1,彼は家族を養うために一生懸命働いていたが、妻に裏切られ、ライバルの罠にまんまとハマってしまった。彼は投獄されただけでなく、闇市に売られてしまった。死を前にし、彼は思わず莫大な財産を受け取ることになってしまった。,477737,1780,99,1,0,39125,297,3hjmv37p1c,1,ビジネス|億万長者|コンテンポラリー|立身出世|男向けのドラマ,Business|Billionaire|Contemporary|Rags to Riches|Male
667a6c75e1310ed5220f9da8,667a6c75e1310ed5220f9da8,149000000000000328,禁断の夜,https://v-mps.crazymaplestudios.com/images/0100caf0-4b2f-11ef-a96f-c3bf05c2bf9d.jpg,2,1,1,飲みすぎた夜、彼女は恋人の若い叔父と一夜限りの過ちを犯してしまう。 しかし、その叔父は彼女との関係を続けようとする。ところが、恋人の浮気相手がなんと自分の妹だと発覚する。 妹は彼女を執拗に挑発し続ける。 裏切りと絶え間ない挑発に直面し、彼女はどのように立ち向かうのか…,788758,3103,99,1,0,39217,287,91hwte7ueo,1,年齢差,Age Gap
66a7102ff0d4535340006adc,66a7102ff0d4535340006adc,149000000000000131,離婚届が届くまで、悔しい元夫,https://v-mps.crazymaplestudios.com/images/629acba0-4f29-11ef-a96f-c3bf05c2bf9d.jpg,2,1,1,結婚式の日、彼は彼女が兄の殺人犯だと思い込み、棺の前でひざまずかせた。ひどい扱いをしながらも、彼は彼女を愛していた。真実が明らかになったら、二人の関係は修復できるのだろうか？,515127,2641,99,1,0,40466,181,lyxyt22146,1,億万長者|女性向けのドラマ|コンテンポラリー|離婚後の愛|人違い|無邪気な乙女,Billionaire|Female|Contemporary|Love After Divorce|Mistaken Identity|Innocent Damsel
668f668d377f5a2def07f1ed,668f668d377f5a2def07f1ed,149000000000000182,夫人、将軍の誤りに気付く！,https://v-mps.crazymaplestudios.com/images/ef5f3cc0-3f7e-11ef-a6eb-0925fdddfb71.jpg,2,1,1,彼女は裕福な相続人でしたが、家族が破壊されました。彼女は過去に復讐を求めています。ある日、若い将軍が偶然、彼女の浴室に迷い込みます。間もなく、彼らは結婚契約があることに気づき、共に復讐を求めるうちに彼らの感情は深まります。 契約の恋人にぶつかりましたか？彼女は彼を復讐の道での最高のパートナーにしています。,232617,1088,99,1,0,40760,299,c0nl1xdw3b,1,とぼける|女性向けのドラマ|悪女ヒロイン|バック・イン・タイム|復讐|スピード婚|結婚後の恋愛,Playing Dumb|Female|Strong Heroine|Back in Time|Revenge|Flash Marriage|Love After Marriage
671b340ce321df79a7018b3a,671b340ce321df79a7018b3a,149000000000001203,愛のすれ違い,https://v-mps.crazymaplestudios.com/images/93549d40-adfa-11ef-a2d6-41216ff1602c.jpg,2,1,1,結婚後3年間、冷たい沈黙に包まれた二人の関係。彼女が離婚を決意したとき、彼は初めて後悔を抱く。魅力的だが無情だった彼と愛を信じた自分――3年の契約が終わるとき、彼女は結婚指輪を外し新たな人生を選ぶ。,738446,3187,99,1,0,37676,319,922j6kko5q,1,結婚後の恋愛,Love After Marriage
673a9f2844a7223968089b63,673a9f2844a7223968089b63,149000000000000509,30日の契約婚CEOとの誤解から始まる波乱の恋,https://v-mps.crazymaplestudios.com/images/d8e288d0-a8b0-11ef-a2d6-41216ff1602c.jpg,2,1,1,アフリカでの仕事を控えた彼女が大企業のCEOと出会い、誤解から結婚することに。結婚証明書を手に入れたその日、離婚を決意。しかし、冷却期間中に次第に彼の魅力に引き寄せられ、高社会の争いが彼女の心を乱す。1ヶ月後、心と野望の間で彼女はどんな選択をするのか。,1175335,4378,99,1,0,38942,223,76u4kcekcq,1,女性向けのドラマ|二度目のチャンス|コンテンポラリー|スピード婚|結婚後の恋愛|契約の恋人|億万長者|インディペンデント・ウーマン,Female|Second Chance|Contemporary|Flash Marriage|Love After Marriage|Contract Lovers|Billionaire|Independent Woman
683e5a1f9bdaeff8a8074437,683e5a1f9bdaeff8a8074437,149000000000000747,父の名にかけて、すべてを守る,https://v-mps.crazymaplestudios.com/images/031c7460-4287-11f0-b65a-27549cd2a91e.jpg,2,1,1,祁凌雲は、自らが経営する航空会社のフライトで地上係員と間違えられたことをきっかけに、乗務員の陸夢瑶と出会う。彼女をトラブルから救った祁は、着陸後、彼氏のふりを頼まれ協力するが、それが原因で息子・祁浩宇に誤解されてしまう。やがて二人は、家族内のトラブルと会社の危機に立ち向かいながら絆を深めていく。だが、陸夢瑶と結ばれるためには、祁凌雲は最後の試練を乗り越えなければならなかった。,1495192,9605,99,1,0,8509,355,kch2jf2b3p,1,身分を隠せ|男向けのドラマ|家族ドラマ|ファミリー|コンテンポラリー,Hidden Identity|Male|Family Drama|Family|Contemporary
666182f4a4041b4668064113,666182f4a4041b4668064113,149000000000000004,契約花嫁の秘密,https://v-mps.crazymaplestudios.com/images/dcf59c10-49a5-11ef-a96f-c3bf05c2bf9d.jpg,2,1,1,彼女の婚約者が妹に奪われた後、彼女は億万長者と電撃結婚し、愛に包まれる！,1197790,5423,100,1,0,40713,287,4hex5jtpp2,1,結婚後の恋愛|スピード婚|億万長者,Love After Marriage|Flash Marriage|Billionaire
665ef3d5e91dea505003e56e,665ef3d5e91dea505003e56e,149000000000000082,毒姫の華麗なる復讐,https://v-mps.crazymaplestudios.com/images/47d468f0-6b60-11ef-838e-777d81c2a9c7.jpg,2,1,1,復讐に燃える沈姝、西夏の王女として大周国の宮廷へ！皇后との壮絶な争い、皇帝を巻き込んだ愛憎劇！「毒妃はマジやばい」、波乱の幕開け！,636399,2607,100,1,0,38565,335,7cp2k8si0k,1,時代劇|復讐|多重アイデンティティ,Period Drama|Revenge|Multiple Identities
6661395b89fa1bfbc8086ab2,6661395b89fa1bfbc8086ab2,149000000000000007,トロフィー夫が大富豪に変身,https://v-mps.crazymaplestudios.com/images/b9e93480-24ba-11ef-a6eb-0925fdddfb71.jpg,2,1,1,彼の妻が侮辱されたとき、彼はただの専業主夫ではなくなった。実は、彼は名門家族の若き当主だったのだ！彼がどのようにして妻を奪おうとする者たちを扱うのか見てみよう！,301231,1310,100,1,0,37958,324,mvvwm1jury,1,身分を隠せ|復讐|守る夫|婿|男向けのドラマ,Hidden Identity|Revenge|Protective Husband|Son-in-Law|Male
66694339e31a8bc3cd0711d0,66694339e31a8bc3cd0711d0,149000000000000058,転生したら将軍のぽっちゃり花嫁になった,https://v-mps.crazymaplestudios.com/images/86b083d0-298c-11ef-a6eb-0925fdddfb71.jpg,2,1,1,ある医者が何百年も前の太った女性に転生しました。その女性は、病弱だがハンサムな将軍と無理やり結婚させられ、結婚初夜に殴り殺されていました。彼女の霊を救うことを誓った現代の魂は、この新しい人生を最大限に活用することを決意し、キャリアに集中します。やがて、彼女は成功を収め、美しくなります。一方、以前は自信に満ちていた将軍の夫は今や彼女の注意を引こうと必死です…,1057145,4426,100,1,0,40078,175,ycibmgwzyk,1,時代劇|転生|元帥/将軍|逆ハーレム|復讐|タイムトラベル,Period Drama|Reincarnation|Marshal/General|Reverse Harem|Revenge|Time Travel
665d68b3766395639500570f,665d68b3766395639500570f,149000000000000003,追い出された後、お嬢様になっちゃった！,https://v-mps.crazymaplestudios.com/images/d653d110-65e8-11ef-838e-777d81c2a9c7.jpg,2,1,1,本物の相続者は金持ちの偽りな家族に家から追い出されましたが、最後に彼女は数十億の財産を受け継ぎました！,1064324,3904,100,1,0,41511,356,vtz8xnzygq,1,身分を隠せ|相続人/社会人|再会|億万長者|コンテンポラリー|悪女ヒロイン|女性向けのドラマ,Hidden Identity|Heiress/Socialite|Reunion|Billionaire|Contemporary|Strong Heroine|Female
666be88d063b7c34bd0500da,666be88d063b7c34bd0500da,149000000000000088,CEO、 奥さんが いなくなりました,https://v-mps.crazymaplestudios.com/images/04c42c50-2a45-11ef-a6eb-0925fdddfb71.jpg,2,1,1,彼女は末期の病気を抱えているのに、夫が妹を家に連れてくるのを目撃する。彼は彼女を信じず、苦しめる。事故で彼女は全てを忘れてしまう。それでも彼は彼女に自分を忘れさせようとしない...,739093,2671,100,1,0,40165,237,281w1v03w9,1,中毒性がある恋愛|トキシック,Toxic Love|Toxic
6673c3f77c29516533039277,6673c3f77c29516533039277,149000000000000120,さよなら元カレ、令嬢に戻ります,https://v-mps.crazymaplestudios.com/images/fe1987d0-2f06-11ef-a6eb-0925fdddfb71.jpg,2,1,1,妹に浮かべられて不倫をされ、夫の信頼を失った彼女は、誰にも頼れない中での流産後に絶望に陥る。しかし、彼女の生みの兄が彼女が亿万長者であることを明かして、彼女に地位を取り戻すチャンスを与える。彼女が戻ると、その存在は元夫を驚かせる... 相続人的地位を取り戻した後、彼女は毒のような姉と元夫に復讐を誓う。,1457166,5546,100,1,0,39338,187,bxlupot81c,1,女性向けのドラマ|二度目のチャンス,Female|Second Chance
667feeeb69d861be2a091a96,667feeeb69d861be2a091a96,149000000000000179,運命のいたずら、替え玉って 誰！,https://v-mps.crazymaplestudios.com/images/395b8500-4f28-11ef-a96f-c3bf05c2bf9d.jpg,2,1,1,事故の後、彼女の恋人は残念ながら車事故で亡くなりました。彼女は彼の希望に従ってその心臓を寄付しました。彼女は名前を変更し、心臓を寄付された男性の側に現れ、彼が愛した人々の代わりになりたいと望んでいます。,380212,1280,100,1,0,40932,156,yu52gpmme0,1,Haciéndose el tonto|女性向けのドラマ|トキシック|コンテンポラリー|人違い|multimillonario|Damisela inocente,Haciéndose el tonto|Female|Toxic|Contemporary|Mistaken Identity|multimillonario|Damisela inocente
66a70fe2fa1e10ca95014363,66a70fe2fa1e10ca95014363,149000000000000130,リボーン～あの舞台へもう一度～,https://v-mps.crazymaplestudios.com/images/a3fd3ab0-4f29-11ef-a96f-c3bf05c2bf9d.jpg,2,1,1,彼女は芸能界のトップアーティストだったが、婚約者のために専業主婦になることを選んだ。だが、婚約者とその愛人に殺されてしまう。しかし、彼女は生まれ変わった。今度はキャリアに集中し、元婚約者とその愛人に復讐を誓う…。,326087,2394,100,1,0,41027,167,5sqojn1xez,1,女性向けのドラマ|悪女ヒロイン|コンテンポラリー|転生|復讐|あまりに遅すぎる|億万長者|ストロングウィル,Female|Strong Heroine|Contemporary|Reincarnation|Revenge|All-Too-Late|Billionaire|Strong-Willed
669dc5697c86f3b602038adf,669dc5697c86f3b602038adf,149000000000000090,元帥の恋愛中毒,https://v-mps.crazymaplestudios.com/images/333058c0-48bd-11ef-a96f-c3bf05c2bf9d.jpg,2,1,1,彼女は彼をとても愛しているが、彼は彼女を裏切って、彼女の家を略奪し、愛人と一緒に行った、ところが、彼は彼女が死にかけているのを知った時、もう一度チャンスを与えてほしいと頼んだ、しかし、すでに手遅れだった。,228385,954,100,1,0,41084,282,i5yd8x56ha,1,時代劇|復讐,Period Drama|Revenge
668ce6db10edd57c290d989d,668ce6db10edd57c290d989d,149000000000000232,死んだふりをしている私に お許しをいただく夫,https://v-mps.crazymaplestudios.com/images/c20575f0-7f25-11ef-a2d6-41216ff1602c.jpg,2,1,1,"一場の誤解で 主人公伊月琉は姉の死が妻の川名玲と関係あることに気づき，
無理矢理に中絶させた。玲は絶望に陥って、自殺した
三年後に 玲は新しい身分に変わって 戻ってきたが
伊月琉は彼女とよりを戻そうとしていた 彼女は自殺して生き返った、お金持ちの大富豪が再び彼女に惚れてしまった。",830807,2587,100,1,0,38997,181,zknkv1m5nr,1,Demasiado Tarde|女性向けのドラマ|トキシック|コンテンポラリー|身分を隠せ|multimillonario|Mujer independiente,Demasiado Tarde|Female|Toxic|Contemporary|Hidden Identity|multimillonario|Mujer independiente
669871bead40090ba3052499,669871bead40090ba3052499,149000000000000375,運命のいたずら？厲社長の甘すぎる愛,https://v-mps.crazymaplestudios.com/images/51319d10-6079-11ef-838e-777d81c2a9c7.jpg,2,1,1,together?5年前、私達は運命的な出会いを果たし、恋に落ちた。しかし、彼の母親の反対により、私達は引き裂かれた。別れて間もなく、妊娠している事を知る。一人で育てる事を決心したものの、子供愛が白血病と診断され、骨髄移植が必要に。途方に暮れる中、子供を救えるのは彼しかいないと景丹に助けを求める。ところが彼の婚約者が次々と邪魔をして苦しめる。果たして子供の命は救えるのか？二人の愛を再び育むことは出来るのか？,1186257,5793,100,1,0,41710,237,kfjf73jjfi,1,女性向けのドラマ|Segunda oportunidad|コンテンポラリー|El embarazo|Bebés genios|再会|multimillonario|ストロングウィル,Female|Segunda oportunidad|Contemporary|El embarazo|Bebés genios|Reunion|multimillonario|Strong-Willed
6698733708015ee6360d13cb,6698733708015ee6360d13cb,149000000000000376,社長と令嬢の逆転ラブ,https://v-mps.crazymaplestudios.com/images/7c784c70-607a-11ef-838e-777d81c2a9c7.jpg,2,1,1,"元カノの陰謀で家を追い出された私。
 孤児だった私は、結婚後も必死に家事を頑張ってたのに、夫の元カノのせいで赤ちゃんを失い、おまけにその件で私が悪者にされてしまった。もう駄目かと思った時、実の親が現れて、なんと私、超お金持ちの家の跡取りだったの！
 本当の自分を取り戻した私は、実家のコネを使って、今まで私をいじめた奴らに仕返しする計画を立てた。覚悟しなさい！",1072393,3845,100,1,0,41244,277,ysvwko0awb,1,女性向けのドラマ|Segunda oportunidad|コンテンポラリー|Amor después del divorcio|El embarazo|迷子|multimillonario|Heredera/socialité,Female|Segunda oportunidad|Contemporary|Amor después del divorcio|El embarazo|Lost Child|multimillonario|Heredera/socialité
669870d6d9ded2579509396e,669870d6d9ded2579509396e,149000000000000374,最強のバイト男,https://v-mps.crazymaplestudios.com/images/35678cb0-607a-11ef-838e-777d81c2a9c7.jpg,2,1,1,"人生のどん底にいるあなただが、なんと、富豪一族の後継者だった！
貧しいバイト男だったあなたは、偶然にも上司を怒らせ、婚約者にも裏切られ、絶望の淵に立たされた。だが！富豪一族の数十億の遺産はなんと、全部あなたのものだ！

この新たに得た富を以て、あなたは立ち向かう。婚約者にも、かつてあなたを苦しめた人々にも。そしてあなたは、一番大変だった時期でも手を差し伸べてくれた女性と再会を果たし、彼女こそが一生をかけて守るべき人だと確信したのた！",550059,2181,100,1,0,39410,273,0l7z0q2ypd,1,Masculino|Pobreza a la riqueza|Contemporáneo|Venganza|Reunión|Identidad Oculta|multimillonario,Masculino|Pobreza a la riqueza|Contemporáneo|Venganza|Reunión|Identidad Oculta|multimillonario
66907e40d08ed7d3c10ee66e,66907e40d08ed7d3c10ee66e,149000000000000033,先生、マダムは結婚しています,https://v-mps.crazymaplestudios.com/images/9e6f9dc0-4049-11ef-a6eb-0925fdddfb71.jpg,2,1,1,5年間、彼女は彼の秘密の恋人として彼と一緒にいました。従順さが彼に愛されると信じていましたが、見捨てられるとは思ってもいませんでした。彼女は彼の世界を去り、彼から1セントも要求することなく去りました。しかし、彼女が他の人との結婚を目前に控えたとき、彼は壁に彼女を押し付けてキスをしました... 彼女が心臓病を知ったとたん、彼はどうして彼女を置いていかれるのでしょうか...,273766,921,100,1,0,39442,159,kyw4z8eaic,1,三角関係|お涙ちょうだい|契約の恋人,Love Triangle|Tear-Jerker|Contract Lovers
66986f03a8c41f96bc028f2a,66986f03a8c41f96bc028f2a,149000000000000373,影の龍主,https://v-mps.crazymaplestudios.com/images/bc54ce20-70e9-11ef-a2d6-41216ff1602c.jpg,2,1,1,"家族との軋轢に耐えかねた男。かつての一夜の過ちから生まれた子を育てるため、龍殿の主という身分を隠し、タクシー運転手として地味に生きてきた。世間の冷ややかな目に耐えながら、娘を一人で育ててきたが、運命は思わぬ展開を見せる。
あの夜の女性と再会した今、男は決意する。真の姿を世に知らしめ、奪われた全てを取り戻すと！龍殿の主、ここに降臨！",1411738,5863,100,1,0,39738,322,xewmonlyho,1,男向けのドラマ|Historia de Regreso|コンテンポラリー|Una noche de pie|身分を隠せ|Amor después del matrimonio|multimillonario,Male|Historia de Regreso|Contemporary|Una noche de pie|Hidden Identity|Amor después del matrimonio|multimillonario
66907cf5fcc680ca090c8296,66907cf5fcc680ca090c8296,149000000000000091,君主、側室は再婚,https://v-mps.crazymaplestudios.com/images/6e938ff0-4015-11ef-a6eb-0925fdddfb71.jpg,2,1,1,彼女はいつも彼が自分の姉を愛していることを知っていました。彼は彼女と結婚して、彼女の血を提供するためでした。しかし、彼女は彼が自分を疑うとは思ってもいませんでした。彼女が子供を失ったとき、彼は真実を知り、後悔しましたが、それは手遅れでした。 流産した子供が彼の子であることを知った後、その主は狂って、彼女に帰ってきてほしいと懇願しました。,531368,1984,100,1,0,40178,337,7u89lp4c95,1,時代劇|中毒性がある恋愛|あまりに遅すぎる,Period Drama|Toxic Love|All-Too-Late
66c40f2fc182c508a10b73d7,66c40f2fc182c508a10b73d7,149000000000000067,許しを乞え元夫,https://v-mps.crazymaplestudios.com/images/820938d0-6074-11ef-838e-777d81c2a9c7.jpg,2,1,1,嵌められて赤ちゃんを失った後、夫と姑はまだ彼女に厳しかった。がっかりした女性はやむを得ず離婚に同意した。更に悲惨なことに、彼女は費用を払えずに病院から追い出された。無力で、ついに路上で気を失った彼女は、実は裕福な令嬢であることに気づいた！,779765,5078,100,1,0,40186,311,i35nrnkhue,1,相続人/社会人|復讐|身分を隠せ|億万長者|女性向けのドラマ|悪女ヒロイン|コンテンポラリー,Heiress/Socialite|Revenge|Hidden Identity|Billionaire|Female|Strong Heroine|Contemporary
66c4135fdadedbb6bd047897,66c4135fdadedbb6bd047897,149000000000000094,転生後 CEOに溺愛される,https://v-mps.crazymaplestudios.com/images/e126ecc0-612a-11ef-838e-777d81c2a9c7.jpg,2,1,1,前世、彼女は夫といとこに嵌められてすべてを失った。死の床に就いて初めて、かつて婚約していた億万長者が本当に自分を愛していることに気づく。2 年前に生まれ変わり、目を覚ました彼女は億万長者との結婚を目指す。今度こそ悲劇を二度と起こさせない。そしてこの億万長者は？彼は決してプレイボーイではない。彼の心は彼女だけのものだ。,1512399,7838,100,1,0,39908,235,500a9etp3d,1,転生|女性向けのドラマ|スイート|コンテンポラリー|守る夫|復讐|億万長者|相続人/社会人,Reincarnation|Female|Sweet|Contemporary|Protective Husband|Revenge|Billionaire|Heiress/Socialite
66d5540e78e349ae05060c82,66d5540e78e349ae05060c82,149000000000000066,契約結婚:財閥の花嫁,https://v-mps.crazymaplestudios.com/images/5a69d620-6b61-11ef-838e-777d81c2a9c7.jpg,2,1,1,心臓を贈ってくれた妹のためにも、命を無駄にしないと決意した。億万長者である社長の支援を得て、彼女は妹と自分を傷つけた者達への復讐を果していく…,669467,5993,100,1,0,41117,313,5b3ebi98xg,1,契約の恋人|守る夫|復讐|結婚後の恋愛,Contract Lovers|Protective Husband|Revenge|Love After Marriage
66def5207014ffd33700bbdc,66def5207014ffd33700bbdc,149000000000000108,お姫様が転生したら、億万長者の妻になった,https://v-mps.crazymaplestudios.com/images/185561a0-70f2-11ef-a2d6-41216ff1602c.jpg,2,1,1,古代の王国の王女は敵から国を守るため、自らを犠牲にすることを選んだ。ところが、目を覚ました彼女がいたのは現代。今や彼女は、裕福な令嬢として生きているが、婚約者とその愛人に苦しめられていた。強い意志を持つ彼女は、屈することなく立ち向かい、その姿は億万長者の目に留まる。彼は彼女との結婚を決意し、新たな運命が動き出す——。,661760,3805,100,1,0,39846,275,ucirbb1csv,1,女性向けのドラマ|スイート|コンテンポラリー|タイムトラベル|転生|身分を隠せ|億万長者|相続人/社会人,Female|Sweet|Contemporary|Time Travel|Reincarnation|Hidden Identity|Billionaire|Heiress/Socialite
66d5540e78e349ae05060c82,66d5540e78e349ae05060c82,149000000000000066,契約結婚:財閥の花嫁,https://v-mps.crazymaplestudios.com/images/5a69d620-6b61-11ef-838e-777d81c2a9c7.jpg,2,1,1,心臓を贈ってくれた妹のためにも、命を無駄にしないと決意した。億万長者である社長の支援を得て、彼女は妹と自分を傷つけた者達への復讐を果していく…,669569,5993,100,1,0,41117,313,5b3ebi98xg,1,契約の恋人|守る夫|復讐|結婚後の恋愛,Contract Lovers|Protective Husband|Revenge|Love After Marriage
66def5207014ffd33700bbdc,66def5207014ffd33700bbdc,149000000000000108,お姫様が転生したら、億万長者の妻になった,https://v-mps.crazymaplestudios.com/images/185561a0-70f2-11ef-a2d6-41216ff1602c.jpg,2,1,1,古代の王国の王女は敵から国を守るため、自らを犠牲にすることを選んだ。ところが、目を覚ました彼女がいたのは現代。今や彼女は、裕福な令嬢として生きているが、婚約者とその愛人に苦しめられていた。強い意志を持つ彼女は、屈することなく立ち向かい、その姿は億万長者の目に留まる。彼は彼女との結婚を決意し、新たな運命が動き出す——。,661828,3804,100,1,0,39846,275,ucirbb1csv,1,女性向けのドラマ|スイート|コンテンポラリー|タイムトラベル|転生|身分を隠せ|億万長者|相続人/社会人,Female|Sweet|Contemporary|Time Travel|Reincarnation|Hidden Identity|Billionaire|Heiress/Socialite
66ed120914fcb3f6a00e4a80,66ed120914fcb3f6a00e4a80,149000000000000111,電撃婚！燃える愛の大富豪,https://v-mps.crazymaplestudios.com/images/5b1c5400-7b09-11ef-a2d6-41216ff1602c.jpg,2,1,1,誕生日に贈られたプレゼントは、なんとセクシーなカウボーイ！しかも、パパ活相手みたいなタイプで...。軽い気持ちで一夜を共にした相手が、まさか億万長者だったなんて！ しかも彼は私にゾッコンで、結婚すると言い張るの。これは、燃え上がる大人のシンデレラストーリーの始まり？,1841286,8772,100,1,0,40267,219,o38c89tcdc,1,とぼける|女性向けのドラマ|スイート|コンテンポラリー|ワンナイトラブ|守る夫|年齢差|イケオジ/ディルフ|楽天的,Playing Dumb|Female|Sweet|Contemporary|One Night Stand|Protective Husband|Age Gap|Hot Daddy/DILF|Happy-Go-Lucky
66f0dde059c014ab950c5c25,66f0dde059c014ab950c5c25,149000000000000444,最後の陰陽師,https://v-mps.crazymaplestudios.com/images/b47831b0-7b2f-11ef-a2d6-41216ff1602c.jpg,2,1,1,天性の変わり者として生まれた彼女は、誤って母を死なせてしまい、祖母に嫌がれて捨てられたが、高潔な陰陽師に育てられた。彼女は生まれながらにして邪悪を祓う力を持っており、闇と対抗する力を引き寄せている。数々の超自然的な試練に耐えた後、彼女は最後の陰陽師となった…,223742,1500,100,1,0,40505,216,pcurmixbbl,1,男向けのドラマ|カムバックストーリー|ファンタジー,Male|Comeback Story|Fantasy
671f0be7ad395ac6e10829d8,671f0be7ad395ac6e10829d8,149000000000000457,出獄後の逆転人生,https://v-mps.crazymaplestudios.com/images/68c4deb0-9738-11ef-a2d6-41216ff1602c.jpg,2,1,1,"家族によって罠にはめられ、無実の罪で投獄され、見捨てられた彼は、獄中で「鎮獄の王」という圧倒的な力を得ることとなる。代わりに、彼には多くの女性と婚約を結ばねばならない宿命があった。
やがて出獄し、婚約の履行を始めようとした矢先、唯一彼との婚約を貫こうとする女性が現れる。
葉家が彼を陥れた理由、そして、多くの婚約を結ぶ理由は一体…",768508,2929,100,1,0,41213,201,02e35cs8k2,1,男向けのドラマ|カムバックストーリー|刑務所|転生|スーパーパワー|復讐|スーパーウォーリアー|ストロングウィル,Male|Comeback Story|Prison|Reincarnation|Super Power|Revenge|Super Warrior|Strong-Willed
673a9d720fe91f953e0845a0,673a9d720fe91f953e0845a0,149000000000001226,千年を超える愛～再び寵愛される皇后様,https://v-mps.crazymaplestudios.com/images/a8770d70-a896-11ef-a2d6-41216ff1602c.jpg,2,1,1,意外なタイムスリップで、寵愛を失った皇后になった彼女は絶望をせず、色んなアイデアで宮から出る為の金を稼いでいた。面白い行動を取る彼女を見ているうちに、皇帝が彼女にぞっこん。二人の愛の行方は…,867626,4513,100,1,0,11131,138,t1b0u0ftrb,1,転生|女性向けのドラマ|バック・イン・タイム|健忘症|結婚後の恋愛|ロイヤル/貴族|楽天的,Reincarnation|Female|Back in Time|Amnesia|Love After Marriage|Royalty/Nobility|Happy-Go-Lucky
673a9f0abf2118c3530fe06c,673a9f0abf2118c3530fe06c,149000000000000510,偽装結婚の私たち,https://v-mps.crazymaplestudios.com/images/4d732110-a89c-11ef-a2d6-41216ff1602c.jpg,2,1,1,かつて裕福だった女相続人は母親の高額な医療費を支払うため、友人の代わりにお金持ちとお見合いをする。魅力のない悪ふざけでお見合いを台無しにしようとするが、その計画が裏目に出て、思いがけない結婚につながり、彼女は愕然とする！,885539,3427,100,1,0,40865,224,0zaxl090a9,1,女性向けのドラマ|スイート|コンテンポラリー|契約の恋人|スピード婚|結婚後の恋愛|億万長者|ストロングウィル,Female|Sweet|Contemporary|Contract Lovers|Flash Marriage|Love After Marriage|Billionaire|Strong-Willed
67452b59f42ea14f2a0dff0f,67452b59f42ea14f2a0dff0f,149000000000000508,謎の大富豪との禁断の夜,https://v-mps.crazymaplestudios.com/images/66f87de0-ae07-11ef-a2d6-41216ff1602c.jpg,2,1,1,天才デザイナー蘇念が霍氏グループの御曹司と結婚して、二年経っても子供ができなかった。そこで夫が浮気して、彼女と離婚して浮気相手と結婚した。皮肉なことに、夫が男性不妊で、浮気相手の妊娠している子は彼の子じゃなかった。気晴らしに、蘇念がホストクラブに行って、ホストを頼んだが、まさか来たのは元旦那のおじさんだとは…しかも、彼がこの街一番のお金持ちなんだ！,1675459,6935,100,1,0,41970,174,fg0b77m5pe,1,女性向けのドラマ|スイート|コンテンポラリー|年齢差|ワンナイトラブ|身分を隠せ|億万長者|インディペンデント・ウーマン,Female|Sweet|Contemporary|Age Gap|One Night Stand|Hidden Identity|Billionaire|Independent Woman
67ac16aea8920275100e9109,67ac16aea8920275100e9109,149000000000000135,冷徹CEOの契約恋人,https://v-mps.crazymaplestudios.com/images/820df820-f57f-11ef-a38f-0d66b56fc320.jpg,2,1,1,季司寒の秘密の恋人として5年間彼に従ってきた舒晚は、最終的に捨てられてしまう。しかし、結婚しようとした矢先、季司寒は狂ったように彼女を追い求める。季司寒は一体何を考えているのか？,825868,3145,100,1,0,5440,165,b19ii7mugn,1,二度目のチャンス|億万長者|オフィスラブ|女性向けのドラマ|コンテンポラリー|契約の恋人|ビジネス|結婚後の恋愛|無邪気な乙女,Second Chance|Billionaire|Office Romance|Female|Contemporary|Contract Lovers|Business|Love After Marriage|Innocent Damsel
68be71f7fc052e9b6a074b1d,68be71f7fc052e9b6a074b1d,149000000000001410,運命に抗い、仙道の頂点へ,https://v-mps.crazymaplestudios.com/images/019210f0-9854-11f0-a06b-bdb674869ea1.jpg,2,1,1,"蘇乗羽は、妻の罪をかぶって三年間の服役をする。だが出所後、待っていたのは妻の裏切りだった。
絶望の中で偶然「仙道」の世界へと足を踏み入れた彼は、仙術と古代武術を自在に操り、
丹薬を練り、符を描き、病を癒やし、人を救う力を次々と身につけていく――",193619,1083,100,1,0,7128,316,j1oc7csokv,1,とぼける,Playing Dumb
68be71fafc052e9b6a074b1f,68be71fafc052e9b6a074b1f,149000000000001411,ゴールド・ハンド,https://v-mps.crazymaplestudios.com/images/274d2160-982a-11f0-a06b-bdb674869ea1.jpg,2,1,1,会社員・李陽は日々の仕事で屈辱的な目に遭いながらも、純粋な心を失わずにいる。ある日、悪党から社長の安盈盈を助け出そうとしたが、反撃に遭って重症を負った李陽。しかしそれをきっかけに、彼は「無極神眼」の透視能力を覚醒させ、逆襲の幕を開けた…,256099,1189,100,1,0,7558,303,fnm2idnegz,1,とぼける,Playing Dumb
668c052aaed7e52e1f011b66,668c052aaed7e52e1f011b66,149000000000000343,御茶目な計画,https://v-mps.crazymaplestudios.com/images/363f7170-66a1-11ef-838e-777d81c2a9c7.jpg,2,1,1,クズ男に裏切られ、酒に酔った彼女はとある男性とうっかりセックスして、妊娠してしまった。家を追い出されて一人で五つ子を育てた彼女は数年後、子供たちを連れて戻り、偶然にも彼らの生物学的な父親に会った…,731347,2532,101,1,0,40367,175,8ksyg3ldsr,1,女性向けのドラマ|スイート|コンテンポラリー|Una noche de pie|Bebés genios|身分を隠せ|multimillonario|Alegre y Despreocupado,Female|Sweet|Contemporary|Una noche de pie|Bebés genios|Hidden Identity|multimillonario|Alegre y Despreocupado
66907e1c06316a494f0dd418,66907e1c06316a494f0dd418,149000000000000119,可愛い子が来た！パパは大金持ち,https://v-mps.crazymaplestudios.com/images/40feded0-4049-11ef-a6eb-0925fdddfb71.jpg,2,1,1,彼女が相続人として裕福な家族に連れていかれたその夜、彼女は仕組まれて陌生と一夜の関係を持ち、さらに驚くべきことに妊娠してしまった。父親は彼女を家族の恥だと考えて、彼女を追い出された。五年後、彼女はその夜の男性と意外にも再会し、彼が億万長者であることを知った。,1876439,8675,101,1,0,40147,317,tbym888fb8,1,天才ベビー|相続人/社会人|ワンナイトラブ|再会,Genius Babies|Heiress/Socialite|One Night Stand|Reunion
66f0dceca9a56095480e16cd,66f0dceca9a56095480e16cd,149000000000000442,禁断：もつれ合う愛,https://v-mps.crazymaplestudios.com/images/23a5be80-7f0a-11ef-a2d6-41216ff1602c.jpg,2,1,1,私は元カレに裏切られたので、彼のいい友達-あるCEOを誘惑したんだ。 元カレの裏切りと執着、その同性の彼氏からの嫉妬と謀殺、またCEOとの婚約者の企みに直面した今、私はこれから何をすべきだろうか。,1338762,8756,101,1,0,39808,260,f3elpbhryu,1,女性向けのドラマ|トキシック|コンテンポラリー|三角関係|スラング|億万長者,Female|Toxic|Contemporary|Love Triangle|Steamy|Billionaire
687f0c58f989e95455089147,687f0c58f989e95455089147,149000000000000872,ママの七光り,https://v-mps.crazymaplestudios.com/images/a8b91cb0-6c2c-11f0-a06b-bdb674869ea1.jpg,2,1,1,林美嫻は娘・林朝美の結納式が開催されることを知らされておらず、清掃員姿のまま会場に現れる。みすぼらしい格好から、高級車に乗った女に難癖をつけられ、婚約者一家からは貧乏人と馬鹿にされながら、美嫻は多額の結納金を要求した。あきれた婚約者が婚約破棄を宣言し、母娘を追い出そうとしたその時、美嫻の要求する祝い金を携えた男性たちが会場に入ってくる。セレブな男性たちから求婚される朝美、そしてその母・美嫻の正体とは。,413426,1713,101,1,0,5996,211,0i5t8vut57,1,家族ドラマ|ファミリー,Family Drama|Family
68be7223fc052e9b6a074b31,68be7223fc052e9b6a074b31,149000000000001420,万能令嬢、世界を揺るがす,https://v-mps.crazymaplestudios.com/images/360218e0-9853-11f0-a06b-bdb674869ea1.jpg,2,1,1,当初、葉傾城は、その界隈で誰もが嫌う悪名高い存在だった。文字もろくに読めない無能であり、日の目を見ることのできない私生児。しかし、彼女はそんな数々の不名誉なレッテルに縛られることなく、自らの能力と知恵を武器に、周囲の評価を覆し、ついには自身の真価を証明していく。,226484,1125,101,1,0,6641,244,y4dx2203h1,1,とぼける,Playing Dumb
68be71bbfc052e9b6a074b0b,68be71bbfc052e9b6a074b0b,149000000000001401,女神様の狂医,https://v-mps.crazymaplestudios.com/images/3dd8f880-979b-11f0-a06b-bdb674869ea1.jpg,2,1,1,孤児となった楊洛は、山で医術を磨き上げた後、世の中へと旅立つ。驚異的な腕前で人々を救い、やがて運命の女性・蘇軽眉と出会い、深い絆を結ばれていく。,310430,1602,102,1,0,6999,234,rcjmrzqw6w,1,とぼける,Playing Dumb
6704ce60b8b568ccbd030eb8,6704ce60b8b568ccbd030eb8,149000000000000470,冥界九重の帝,https://v-mps.crazymaplestudios.com/images/f5275480-879f-11ef-a2d6-41216ff1602c.jpg,2,1,1,運命に翻弄された青年が、死の淵から這い上がり、かつての恩人を探し求めて帰郷する。恩人の家族に犯罪者と疑われる中、真実が明らかに。救ってくれたのは別人だったのだ。因縁に導かれるように、彼は運命の相手を見出し、新たな人生の幕を開ける。衝撃の物語が今、始まる。,594114,2016,103,1,0,41946,196,dyjdqtn0id,1,男向けのドラマ|カムバックストーリー|サバイバル|転生|スーパーパワー|復讐|スーパーウォーリアー|ストロングウィル,Male|Comeback Story|Survival|Reincarnation|Super Power|Revenge|Super Warrior|Strong-Willed
66987de9769506b4860f7f28,66987de9769506b4860f7f28,149000000000000218,現代に戻って富豪になる,https://v-mps.crazymaplestudios.com/images/aacaf160-45a2-11ef-a96f-c3bf05c2bf9d.jpg,2,1,1,母親がビルから落ち、婚約者が彼を裏切った。絶望の中で、世界は急激なインフレーションを経験し、価格が100万倍にも高騰した。しかし、彼の財産は影響を受けず、彼は世界最富の人間になる。,542235,2153,104,1,0,42975,326,vxqzuld19o,1,立身出世|男向けのドラマ|コンテンポラリー|億万長者|仕事,Rags to Riches|Male|Contemporary|Billionaire|Business
66b18ba5095c8fdd3c0eb07b,66b18ba5095c8fdd3c0eb07b,149000000000000076,私の墓の前で思いっきり泣いてもらおうか,https://v-mps.crazymaplestudios.com/images/22d49ca0-54a9-11ef-838e-777d81c2a9c7.jpg,2,1,1,復讐を誓った最愛の女性…しかし、彼女が密かに我が子を産んでいたことを知る。 彼を襲う、後悔と止まらぬ時間…,5597125,46136,104,1,0,41536,226,2xrpbstl7j,1,トキシック|億万長者|妊娠|お涙ちょうだい,Toxic|Billionaire|Pregnancy|Tear-Jerker
66b18becad7cbff29903f288,66b18becad7cbff29903f288,149000000000000300,時間逆流を通して、家族を救う,https://v-mps.crazymaplestudios.com/images/5bb046a0-54a9-11ef-838e-777d81c2a9c7.jpg,2,1,1,街を震わせる男が、ひっそりと結婚？！ 相手は田舎娘…と思いきや、実は医学の知識、華麗な戦闘力、果ては超巨大企業の株主！？ 怯えるCEO、妻に謝罪「もう、あなたの秘密を探ったりしません…！」,911527,7109,104,1,0,40825,253,l85ipvywed,1,男向けのドラマ|カムバックストーリー|コンテンポラリー|身分を隠せ|復讐|スーパーパワー|不老不死|無邪気な乙女,Male|Comeback Story|Contemporary|Hidden Identity|Revenge|Super Power|Immortal|Innocent Damsel
67ac178ff20a957adb01c1ed,67ac178ff20a957adb01c1ed,149000000000000603,解けない愛のパズル,https://v-mps.crazymaplestudios.com/images/d328ec10-f002-11ef-a38f-0d66b56fc320.jpg,2,1,1,賀寒声と許星染は七年間の愛を経て、さまざまな誤解と裏切りによって最終的に別れることとなった。その後、賀寒声は憧れの人のために、許星染を完全に失った後、ようやく目が覚めた。彼はあらゆる手段を使って彼女を取り戻そうとする。,2207079,9005,105,1,0,5709,268,wder9obwfc,1,離婚後の愛|再会|あまりに遅すぎる|億万長者|ストロングウィル|コンテンポラリー|二度目のチャンス|女性向けのドラマ,Love After Divorce|Reunion|All-Too-Late|Billionaire|Strong-Willed|Contemporary|Second Chance|Female
66694cb9dc11252be20b8f01,66694cb9dc11252be20b8f01,149000000000000035,今、彼女が支配する,https://v-mps.crazymaplestudios.com/images/3930b280-292b-11ef-a6eb-0925fdddfb71.jpg,2,1,1,現代の俳優が突然、古代にタイムトラベルしてしまい、将軍と絡み合う姫君になる。誤解や様々な障害があったが、二人の愛が最終的に勝利を収める…,773581,2707,111,1,0,45432,194,2qv099adlm,1,時代劇|復讐|元帥/将軍|敵から恋人へ|悪女ヒロイン|インディペンデント・ウーマン|タイムトラベル,Period Drama|Revenge|Marshal/General|Enemies to Lovers|Strong Heroine|Independent Woman|Time Travel
665ecf8ca9b6db37a10283df,665ecf8ca9b6db37a10283df,149000000000000157,愛追う臥龍,https://v-mps.crazymaplestudios.com/images/3b3fbc10-233b-11ef-a6eb-0925fdddfb71.jpg,2,1,1,彼は、かつて自分を救ってくれた女の子を探すために、街で正体を隠しているスーパーウォリアーです。彼がついに彼女を見つけたとき、彼女はツンデレでクールな女性CEOになっていました。そして、彼女は彼が正体を隠していることをあまり好まないようです...,2986142,11914,112,1,0,46803,310,j0ok115kt0,1,身分を隠せ|とぼける|男向けのドラマ,Hidden Identity|Playing Dumb|Male
68c7b260277e767bfb0d843d,68c7b260277e767bfb0d843d,149000000000001228,万道龍皇,https://v-mps.crazymaplestudios.com/images/c6625730-9937-11f0-a06b-bdb674869ea1.jpg,2,1,1,陸鳴は愛する者からの裏切りと、修練の道で失墜という苦難に見舞われた。しかし、彼は一片の希望さえも見捨てず、積極的に努力を重ね、ついには這い上がり、流れに逆らって躍進する。家族を守り、新たな愛を見出し、見事に頂点へ返り咲き、自らを極めることに成功するのであった。,336481,1424,141,1,0,7119,312,3baf3on2a2,1,転生,Rebirth
68be71bffc052e9b6a074b0d,68be71bffc052e9b6a074b0d,149000000000001402,婚約者はお嬢様,https://v-mps.crazymaplestudios.com/images/abb6d5e0-982a-11f0-a06b-bdb674869ea1.jpg,2,1,1,京城の名家のお嬢様・顔若雪は、幼い頃から決められていた謎の婚約者を探して江城へやって来る。彼女が出会ったのは、離婚直後で路頭に迷っていた男・秦玉だった。しかし秦玉は、離婚を機に先祖伝来の神秘の医術と修行法を覚醒させていた。彼はその力で次々と困難を乗り越え、若雪の心を掴み、江城でのし上がっていく。だが、二人の恋は若雪の父の猛反対に遭い、「1年で我が娘にふさわしい男になれ」という試練を課される。愛する女性のために、秦玉はさらに強くなることを決意する―。,132676,732,180,1,0,6382,313,wx82yc3adq,1,とぼける,Playing Dumb
67c65bc6adbb1bba920b5ddc,67c65bc6adbb1bba920b5ddc,148000000000000032,W・キング,https://v-mps.crazymaplestudios.com/images/cc8a91b0-f9a8-11ef-a38f-0d66b56fc320.jpg,6,1,1,大漢皇帝・劉徹（りゅうてつ）は、かつて匈奴の人質だった冒頓隼（ぼくとつじゅん）と因縁の関係を持つ。前世で劉徹を愛しながらも匈奴滅亡の一因となった冒頓隼は、転生し新たな機会を得る。復讐を誓う彼だが、劉徹との運命的な縁は断ち切れない。過去の因果が交錯し、権力闘争や陰謀が渦巻く中、彼らは互いを利用しながらも惹かれ合っていく。愛憎が交錯する中、2人は運命に抗いながらも、宿命の絆を確かめることとなる――,162144,698,42,1,0,5364,185,g0500ozymh,1,LGBT|復讐|カムバックストーリー|バック・イン・タイム|運命の恋人|転生|元帥/将軍|ストロングウィル,LGBT|Revenge|Comeback Story|Back in Time|Fated Lovers|Rebirth|Marshal/General|Strong-Willed
6942235531ff895b3c02c5b4,6942235531ff895b3c02c5b4,141300000000002538,2:22 魔女の刻,https://v-mps.crazymaplestudios.com/images/b085f4c0-dbc3-11f0-84ad-6b5693b490dc.jpg,8,1,1,ストーカー気質の恋人から逃れるため、いとこの助けを借りて新居へと引っ越した彼女。しかしそこでは、つきまとう変質者の隣人、不可解な夢、深夜の怪音など、不気味な出来事が次々と彼女を襲う。大家（おおや）のおばさんが「絶対に入ってはいけない」と禁じた部屋からは、ある夜、コツ…コツ…とノック音が響き出す。やがて一緒に暮らし始めたはずのいとこも、突然姿を消してしまう。精神が限界に追い込まれた彼女は、ついに禁じられた部屋の扉を開けてしまう――。そこには、絵の中の男が不気味に笑っている姿があった。次の瞬間、彼女は病院のベッドで目を覚ます。そして気づく。警備員、隣人、大家のおばさん、そして絵の中の男までもが、なぜか「親密な家族」として彼女の周りに集っていることに。逃げ場など、どこにもなかった。,18411,595,18,1,0,7453,289,o5p7e5yhvk,1,とぼける,Playing Dumb
694223152c8b54efa508158d,694223152c8b54efa508158d,141300000000002536,チンヒラても世界を救える,https://v-mps.crazymaplestudios.com/images/cca44a30-dbc3-11f0-84ad-6b5693b490dc.jpg,8,1,1,"街の不良少年・**黄傲霆（ホワン・アオティン）**は、偶然にも人気女優・**夏凌霜（シャア・リンシュアン）を救ったことをきっかけに、なりゆきで彼女のボディーガードに。親友の李慕容（リー・ムーロン）**とともに、次々と舞い込む奇妙で荒唐無稽な依頼をこなしていく。しかし、三人の騒がしく楽しい日々は一変する。大手テック企業の社長・**周懐遠（ジョウ・ホワイユエン）**が、“脳波コントロール”と“顔交換テクノロジー”を使い、人の心を操っているという巨大な陰謀に巻き込まれていくのだ。
さらには、慕容までもが洗脳され、敵として立ちはだかることに。現実と仮想が交錯する戦いの中で、
彼らは罠を突破し、誤解を解き、仲間を取り戻し、自由意志を守らなければならない。コメディ、熱血、そして怒涛のどんでん返し。たとえ**チンピラ（8+9）**でも、世界は救える――それを証明する物語である。",17401,673,26,1,0,7220,340,68ua9ojqx4,1,とぼける,Playing Dumb
685b5608979e800f7b0eb432,685b5608979e800f7b0eb432,148000000000000118,じゃない方のワタシ,https://v-mps.crazymaplestudios.com/images/b49bb450-51bc-11f0-860b-97fc2eb1c6d9.jpg,8,1,1,"楓（かえで）は自分と瓜二つのドッペルゲンガーに出会う。愛のない冷たい婚約者との関係にうんざりしていた楓は、大胆な考えを思いつく――ドッペルゲンガーと人生を入れ替え、本当に愛する男性との刺激的な禁断の恋に踏み出すことに。
しかし、楓が背徳の恋愛に溺れる一方で、ドッペルゲンガーは婚約者の隣だけでなく、楓の人生そのものを奪おうとする。
果たして楓は婚約者と自分の人生を取り戻せるのか？
予測不能なサスペンスホラーの幕が、今上がる――。",199093,2747,30,1,0,8858,417,9hgyueq9vl,1,とぼける,Playing Dumb
685b56aa40c84b4a1d032e37,685b56aa40c84b4a1d032e37,148000000000000120,マリア先生の復讐カウンセリング,https://v-mps.crazymaplestudios.com/images/52683d30-51bc-11f0-860b-97fc2eb1c6d9.jpg,8,1,1,いじめで自殺した妹の敵討ちのため、学校のカウンセラーとして赴任した主人公。いじめっ子集団に精神的・社会的制裁を加えて復讐を遂行する。,899560,16746,30,1,0,8329,341,uiig2fvupi,1,とぼける,Playing Dumb
689062f57474ded10d036997,689062f57474ded10d036997,148000000000000145,陰キャなアイツが義理の兄！？,https://v-mps.crazymaplestudios.com/images/69f98170-7be2-11f0-a06b-bdb674869ea1.jpg,8,1,1,高校三年生の飯島日向（17）と香野水月（18）は、義理の兄弟として生活を始めることに。陽キャでクラスの人気者の日向と、陰キャでクールな水月。互いに反発し合う二人だが、徐々にその距離は縮まり、心の中に芽生えた複雑な感情に翻弄されていく。日向は水月が持つ過去の傷や心の奥底に気づき、次第に彼に惹かれていく。しかし、彼の心にはかつて亡くなった弟の影が色濃く残り、二人の関係は決して順風満帆ではない。義理の兄弟として、そして次第に恋人としての絆を深めていく彼ら。切なくも美しい愛と成長を描く、青春ドラマ。,34188,644,30,1,0,6604,219,p66qwo026i,1,ドラマ,Drama
689063f907c37981c20e9141,689063f907c37981c20e9141,148000000000000146,禁忌,https://v-mps.crazymaplestudios.com/images/88d6e120-7271-11f0-a06b-bdb674869ea1.jpg,8,1,1,ホラーYouTubeチャンネル「タブーなんかネエ！」のジャック、アリス、チャーリー、リンダは「四人で訪れてはいけない」という都市伝説が囁かれる心霊スポットを訪れる。配信のため軽いノリで肝試しを始めるが、次第に異常な現象が頻発。リンダの突然の失踪を皮切りに、仲間たちは次々と得体の知れない存在に囚われていく。なんとか生還した一同だったが、チャーリーが女の霊に取り憑かれていることから、除霊師ヴィヴィアンの助けを借りることにしたのだが……。除霊の相談の最中、リンダが異空間に引きずり込まれてしまう。,41621,794,30,1,0,6519,255,fxq3eons7k,1,ホラー,Horror
68906e604a7b98f9b80f81e5,68906e604a7b98f9b80f81e5,148000000000000148,不倫パパラッチ,https://v-mps.crazymaplestudios.com/images/a74763f0-7271-11f0-a06b-bdb674869ea1.jpg,8,1,1,不倫を盗み見るのが大好きで、不倫専門のパパラッチとして働く不倫オタクのジュリ。ある日、1億の報酬でイケメン大企業会長の不倫を暴いてほしいという依頼を受ける。ところが李会長の不倫がただの不倫だけでなく思ってもみなかった事件に繋がって…？！血痕と男、愛が溢れる不倫ストーリー！,58726,777,30,1,0,5771,183,ybr6yg11vj,1,浮気,Affair
68906f3b601a3fb65d0f5338,68906f3b601a3fb65d0f5338,148000000000000149,一夜に国民的不倫女,https://v-mps.crazymaplestudios.com/images/b55bd250-7271-11f0-a06b-bdb674869ea1.jpg,8,1,1,主人公のギュリは、夫であるテフンを無名俳優時代から献身的に支えてきた。しかしある日テレビで目にしたのは…夫による“嘘の不倫暴露会見”だった。一夜にして「国民的不倫女」となり世間から好奇の目に晒されるギュリ。そんな彼女の前に、テフンの義弟・ヒョンウが現れる。彼もまた義兄・テフンに対し、ある想いを抱いておりー。平凡な２人の市民が、名誉回復のため有名俳優を成敗することを誓う。,70329,892,30,1,0,6151,205,wzdjvmqxgq,1,とぼける,Playing Dumb
689070379c29d835110a79fb,689070379c29d835110a79fb,148000000000000150,恋も料理も時短で,https://v-mps.crazymaplestudios.com/images/c4b85110-7271-11f0-a06b-bdb674869ea1.jpg,8,1,1,時短料理研究家の愛河柚月は、小説家の夫・俊太のモラハラに悩んでいた。そんなさなか、自らの冠料理番組の放送尺が1分に時短された事を突然知らされる。冷え込んだ夫婦生活と無茶な時短番組に心を削られていた柚月の唯一の拠り所は、番組アシスタントの谷本礼温だった。礼温は、甘い言葉で柚月の心を癒し、次第に２人は禁断の”時短恋愛”へと発展してゆく・・・。しかし、番組のテコ入れとして突如やってきたインフルエンサー・モエギ5kgの存在や、夫が起こした”ある出来事”によって、柚月は窮地に追い込まれてゆく。,37778,718,30,1,0,6162,266,azpx2k151n,1,トキシック,Toxic
68906e604a7b98f9b80f81e5,68906e604a7b98f9b80f81e5,148000000000000148,不倫パパラッチ,https://v-mps.crazymaplestudios.com/images/a74763f0-7271-11f0-a06b-bdb674869ea1.jpg,8,1,1,不倫を盗み見るのが大好きで、不倫専門のパパラッチとして働く不倫オタクのジュリ。ある日、1億の報酬でイケメン大企業会長の不倫を暴いてほしいという依頼を受ける。ところが李会長の不倫がただの不倫だけでなく思ってもみなかった事件に繋がって…？！血痕と男、愛が溢れる不倫ストーリー！,58764,777,30,1,0,5771,183,ybr6yg11vj,1,浮気,Affair
68906f3b601a3fb65d0f5338,68906f3b601a3fb65d0f5338,148000000000000149,一夜に国民的不倫女,https://v-mps.crazymaplestudios.com/images/b55bd250-7271-11f0-a06b-bdb674869ea1.jpg,8,1,1,主人公のギュリは、夫であるテフンを無名俳優時代から献身的に支えてきた。しかしある日テレビで目にしたのは…夫による“嘘の不倫暴露会見”だった。一夜にして「国民的不倫女」となり世間から好奇の目に晒されるギュリ。そんな彼女の前に、テフンの義弟・ヒョンウが現れる。彼もまた義兄・テフンに対し、ある想いを抱いておりー。平凡な２人の市民が、名誉回復のため有名俳優を成敗することを誓う。,70345,892,30,1,0,6151,205,wzdjvmqxgq,1,とぼける,Playing Dumb
689070379c29d835110a79fb,689070379c29d835110a79fb,148000000000000150,恋も料理も時短で,https://v-mps.crazymaplestudios.com/images/c4b85110-7271-11f0-a06b-bdb674869ea1.jpg,8,1,1,時短料理研究家の愛河柚月は、小説家の夫・俊太のモラハラに悩んでいた。そんなさなか、自らの冠料理番組の放送尺が1分に時短された事を突然知らされる。冷え込んだ夫婦生活と無茶な時短番組に心を削られていた柚月の唯一の拠り所は、番組アシスタントの谷本礼温だった。礼温は、甘い言葉で柚月の心を癒し、次第に２人は禁断の”時短恋愛”へと発展してゆく・・・。しかし、番組のテコ入れとして突如やってきたインフルエンサー・モエギ5kgの存在や、夫が起こした”ある出来事”によって、柚月は窮地に追い込まれてゆく。,37803,718,30,1,0,6162,266,azpx2k151n,1,トキシック,Toxic
689070fed8e13d4e620cbd8b,689070fed8e13d4e620cbd8b,148000000000000152,POST MONEY,https://v-mps.crazymaplestudios.com/images/f5a81670-7271-11f0-a06b-bdb674869ea1.jpg,8,1,1,"ド貧乏クズ男、楽（ガク）のポストに、ある日突然5000万円が入っていた。楽は警察にも行かずどんどんお金を使ってしまい、ガールズバーの愛に一目惚れしてしまう。
酔っ払って帰宅すると自宅のクローゼットの中に手錠で繋がれた謎の女が監禁されていた。その女はいきなりキスを求めてくる。困惑する楽だが警察に通報したら自分が疑われると思い直し、一緒に暮らすことに。
一方で愛との距離は少しずつ詰まっていき、自宅に連れ込んで恐怖の三角関係に突入していく。
手元の大金は明らかにヤバい雰囲気があるが、果たして誰のもの？
またクローゼットの女は何者なのか？金と恋の行方はとんでもない展開になっていく！！",60252,1162,30,1,0,6621,330,5gwooyxsep,1,一目惚れ,Love at First Sight
689071c0628aed2a8904ce9c,689071c0628aed2a8904ce9c,148000000000000154,シークレット・フィットネス,https://v-mps.crazymaplestudios.com/images/18095b70-7272-11f0-a06b-bdb674869ea1.jpg,8,1,1,"夫の浮気現場を目撃し失意の底にいたマキは、フィットネスジムで輝きを放つ健康な女性・キリナと出会う。キリナの健康の秘訣…それは「不倫」だった！
規則正しい生活の一部として組み込まれる、不倫という名の”ビタミン補給”。真実を知ったマキは、キリナと共に「シークレット・フィットネス」を始める。
ジムのインストラクター・ジェイムズ、元不倫相手・ショウゴなど、キリナの健康管理方法が、次第に周囲の人々を巻き込んでいく。",67166,1285,30,1,0,6400,255,mqyl9axe8t,1,とぼける,Playing Dumb
689072fd9623fb92490b987d,689072fd9623fb92490b987d,148000000000000155,義母アレルギ,https://v-mps.crazymaplestudios.com/images/31328cc0-7272-11f0-a06b-bdb674869ea1.jpg,8,1,1,"結婚と同時に始まったのは義母からの醜悪な精神攻撃ーー。
主人公のりなは、自身が通う大学の准教授との間に子どもを授かり結婚。自身のキャリアと家庭を両立する幸せを夢見ていた。
しかし義母は典型的な価値観に凝り固まった息子溺愛女で、りなに対するいじめは日々エスカレートしていく。
家庭内で孤立する中、旦那の浮気も発覚し、絶望に打ちひしがれるりな。離婚を切り出すも親権を奪われそうになり…?
""アレルギー級の悪意”に満ちた義母に対し、女子大生妻はどう立ち向かう！？",109653,1312,30,1,0,6417,252,5fve63lhs8,1,とぼける,Playing Dumb
68907361bb54fc620e05b240,68907361bb54fc620e05b240,148000000000000157,侵略者は家族のふりをする,https://v-mps.crazymaplestudios.com/images/3ea93480-7272-11f0-a06b-bdb674869ea1.jpg,8,1,1,高校生の雪乃は、母親の再婚相手である安村聖也に不信感を抱いていた。ある日、聖也が母親の財産を狙う詐欺師であること、過去に複数の被害者がいることを突き止める。雪乃は家族を守るため立ち向かおうとするが、本性を現した聖也によって生活を支配され、追い詰められていく。絶望する雪乃の前に現れたのは、転校生の秋良。再び聖也に立ち向かう決意をした雪乃は、家族を取り戻すことができるのか――。,103638,1394,30,1,0,6394,229,g5mfaej5ig,1,とぼける,Playing Dumb
689073ae5f13b4fc280ae21a,689073ae5f13b4fc280ae21a,148000000000000158,雪之丞さんにはさからえない,https://v-mps.crazymaplestudios.com/images/5f790410-7272-11f0-a06b-bdb674869ea1.jpg,8,1,1,"若手俳優・輝星のもとに舞い込んだのは、BLドラマのオファーだった！？馴染みのないジャンルに戸惑う輝星の前に現れたのは、”BLエキスパート”・雪之丞。
人気演出家でもある雪之丞の指導を受ける「BLレッスン」が始まり、輝星の気持ちに変化が…？これは演技？それとも本気？２人の想いが交錯する新感覚BLドラマ。",50719,1065,30,1,0,6355,301,tows8ukc8o,1,とぼける,Playing Dumb
689073e73e9e5be9670c8bbf,689073e73e9e5be9670c8bbf,148000000000000159,お黄泉に行けないお嫁さん,https://v-mps.crazymaplestudios.com/images/6cf689a0-7272-11f0-a06b-bdb674869ea1.jpg,8,1,1,夫と小学生の娘と幸せに暮らしていた主人公・恵。しかしある日ふと目を覚ますと…そこには自分の遺影が！交通事故で亡くなり、なんと霊体になってしまった！！さらに追い打ちをかけるように、親友・愛莉と夫の不倫が発覚。愛する娘が邪魔者扱いされていることを知る。「あのクソ女に家族がめちゃくちゃにされちゃう…！」焦る恵の目の前に、一風変わった死神が現れる。「10日以内に現世への未練を断ち切らないと、地縛霊になってしまいます」。恵は期限内に娘を守り、無事成仏することができるのか！？,63800,1088,30,1,0,5981,206,k2tvur4no1,1,とぼける,Playing Dumb
6890741a1bff2e876a0d2159,6890741a1bff2e876a0d2159,148000000000000160,私、ブラック企業の社長に,https://v-mps.crazymaplestudios.com/images/7a7bfe70-7272-11f0-a06b-bdb674869ea1.jpg,8,1,1,病床に伏せている父・鉄心に代わり、神宮寺物産の新社長就任を打診された四葉。父の意志を継ぐことを決心した四葉は、近頃悩みのタネとなっている社内の不正疑惑を暴くことを決意する！膿を炙り出すため身分を隠し、平社員として潜入を試みる四葉だったが…。社内はセクハラ、モラハラ、パワハラなど…目を疑うようなハラスメント地獄で…！？,140344,1909,30,1,0,5902,199,lpwmplbljc,1,身分を隠せ|スリラー|女性向けのドラマ,Hidden Identity|Thriller|Female
68907454b1b33048c8043bd9,68907454b1b33048c8043bd9,148000000000000161,君を王子にするまであと30日,https://v-mps.crazymaplestudios.com/images/87f03530-7272-11f0-a06b-bdb674869ea1.jpg,8,1,1,「私、王子様みたいな人がタイプなの…」告白が撃沈して落ち込む地味な大学生 元宮真琴の前に現れたのは、一軍メイク男子の森本ゆうき。「俺がお前を王子にしてやるよ」とゆうきに言われて、戸惑いながらもメイクを始めた真琴。真琴とゆうきは自分を振ったあんずを見返すために、1ヶ月後のミスターコンテストでグランプリを目指すことに。メイク練習を重ねるうちに真琴とゆうきは互いに惹かれ合っていく。真琴はミスターコンテストでグランプリを取ることはできるのか、そして２人の想いの行方は...,72847,1186,30,1,0,6632,231,e4d7mn5y2j,1,甘いロマンス,Sweet Romance
68907494a0b7901d1f0e5d4e,68907494a0b7901d1f0e5d4e,148000000000000162,沼堕ち,https://v-mps.crazymaplestudios.com/images/ad9b9c20-7272-11f0-a06b-bdb674869ea1.jpg,8,1,1,"「ホストにハマるなんて理解できない」――最初はそう思っていた。上司のセクハラ、毒親からのプレッシャーに悩む真面目な公務員・明日菜。ある日、ストレスまみれの日常を癒やしてくれる“犬系ホスト”ルイと出会う。
通帳残高7万円、クレジットカードは止まり、みるみる借金生活に。でも、彼が笑ってくれるならそれでいい――。元優等生が堕ちゆく、禁断の愛憎劇。",616124,9633,30,1,0,5822,201,kmd7o1bkls,1,とぼける,Playing Dumb
689074d1023132cc6201110e,689074d1023132cc6201110e,148000000000000163,サンパチ探偵,https://v-mps.crazymaplestudios.com/images/08550340-7273-11f0-a06b-bdb674869ea1.jpg,8,1,1,"人気漫才師・見取り図は、芸人が巻き込まれた事件を解決する“サンパチ探偵”の顔を持っていた。芸人たちの冤罪事件をサンパチマイクの前に立ち、ひらめきあり笑いありの推理漫才で解決。今回の舞台は、港区美容外科院長の誕生日パーティー。芸人や2.5次元俳優、インフルエンサー、港区女子らが集まり、寿司とシャンパンで盛り上がる中、港区社長がパワハラやセクハラで大暴れ。その夜、港区女子が遺体で発見され、芸人に殺人容疑が。「サンパチ探偵」こと見取り図が笑いとひらめきの推理漫才で真相に迫る！
この作品はフィクションです。実在の人物や団体などとは関係ありません。",68262,1300,30,1,0,6694,248,yxcktxgeg7,1,身分を隠せ,Hidden Identity
689075228e6af6115d03586d,689075228e6af6115d03586d,148000000000000164,フレンド！ニュー！地獄！,https://v-mps.crazymaplestudios.com/images/172ebd70-7273-11f0-a06b-bdb674869ea1.jpg,8,1,1,"冴えない独身アラサー女・陽子は、誕生日を一人で送ることになったバーで見知らぬ男にナンパされて一夜を過ごしてしまう。次の日、会社に行くと、昨夜の男が上司に…。
これは、すれ違ったおばあさんの呪い！？「私にとって大したことない程度に呪ってやるよ」朝、陽子は困っているおばあさんを助けなかったことで、人生の急転落が始まる。
黒服の男たちに拉致された陽子が連れて来られたのは慈善団体“風間ケアセンター”。上司の正体は、このケアセンターの代表・風間だった。人の心を操るカリスマの風間は、陽子の妹のゆり子もターゲットにする…。風間とおばあさんによって、女性たちが破滅の道に落ちていくホラーサスペンス。",59108,921,30,1,0,5726,227,fmpfmmgkmy,1,ドラマ,Drama
689ef3aaebf2ff2b9b0d52aa,689ef3aaebf2ff2b9b0d52aa,148000000000000174,ストーカーを死にたくなるくらい溺愛してみた,https://v-mps.crazymaplestudios.com/images/803ad510-7be2-11f0-a06b-bdb674869ea1.jpg,8,1,1,"""執拗な視線、常に感じる存在…大量のメール…漁られたゴミ…誰かが自分の空間に侵入した痕跡。ユイの日常は、ストーカー・フミヤによる恐怖に包まれていた。ある日、彼女はフミヤにこう問いかける。
「最後まで、私を愛してくれる？」
フミヤは歓喜し、ユイとの関係を始める。しかし、すぐに彼はユイの執拗な支配に絡め取られていく――容赦ない独占欲、病的な監視、そして精神的な虐待。だが、ユイの歪んだ愛情は常識をはるかに超えていた。それは少しずつフミヤの正気を蝕んでいく。彼がまだ知らないのは、すべてがユイの綿密に仕組まれた復讐計画の一部にすぎないということだった。""",546075,11599,30,1,0,6229,259,92ucwczznz,1,復讐,Revenge
68ac373190c02ad72107d71d,68ac373190c02ad72107d71d,148000000000000178,イケメン担任vsイケメンクラスメイト〜私の心は大渋滞！？〜,https://v-mps.crazymaplestudios.com/images/c3ff3ac0-84bb-11f0-a06b-bdb674869ea1.jpg,8,1,1,"「普通の学校生活が送りたいの！」日本一のお嬢様、姫島皐月は豪華な屋敷の生活に窮屈さを感じ、家を飛び出し「山田皐月」と名乗りながら普通の高校生活を送ることを決意。しかし、彼女の執事であり幼少期から仕えてきた剣崎隼人が新任教師として同じ学校に赴任。皐月の担任となる。剣崎は""""お嬢様の安全を守る”と執事としての役目を果たそうとする。皐月は彼の過保護な態度に反発しつつも、次第にその存在の大きさを感じ始める。
そして剣崎も一人の男として皐月を愛していることを認める。そしてそこにイケメンクラスメイトの大野廉也がー　イケメン同士の皐月を巡る争う。皐月は一体どちらを選ぶのか？",157194,2149,30,1,0,7477,278,hdl8dxr6e1,1,トキシック,Toxic
689072a2eb2195c8ee069ceb,689072a2eb2195c8ee069ceb,148000000000000156,インターン生はご令嬢,https://v-mps.crazymaplestudios.com/images/24d60790-7272-11f0-a06b-bdb674869ea1.jpg,8,1,1,お嬢さまだけどおてんばな詩は、突然持ち上がった政略結婚に大反発！しかも相手は最低な男・怜士！？本性を暴くため、身分を隠して敵企業にインターン潜入！だけど待ってたのは、クセ強すぎな先輩たちによる陰湿ないじめだった…。秘密だらけの職場で、闇を暴く復讐（!?）のインターン生活が今、始まる！,505205,6146,31,1,0,5805,207,91vvwarf9p,1,復讐,Revenge
685b566bbf0978c42f0f2650,685b566bbf0978c42f0f2650,148000000000000119,今晒してます,https://v-mps.crazymaplestudios.com/images/82d1bb90-51bc-11f0-860b-97fc2eb1c6d9.jpg,8,1,1,"高校時代、ユウコはクラスメイトのサオリ、サトミ、リュウジによって、卑劣なネットいじめの標的にされた。
彼らがユウコの卑猥な写真をネット上に拡散したことで、彼女は深い心の傷を負い、大切なものをすべて失ってしまった。
——それから10年。
今では高級ホテルのオーナーとなったユウコは、自らのホテルで同窓会を開くことを決意する。
しかし、それはただの懐かしい再会の場ではなかった。
かつて自分を苦しめた3人に向けた、緻密に計画された復讐劇の舞台だったのだ。
華やかな会場の裏では、嫉妬や権力争い、複雑に絡み合った恋愛模様が渦巻いていた。
サオリ、サトミ、リュウジが今もなお毒々しい人間関係の中にいることを知ったユウコは、
隠しカメラと巧妙な罠を駆使し、彼らの暗い秘密を暴露するライブ配信を開始する。
復讐の幕が、今静かに上がる——。",1336327,19308,32,1,0,9364,427,9sx8rsamtn,1,とぼける,Playing Dumb
689065598e6af6115d035863,689065598e6af6115d035863,148000000000000147,ガチャライフ,https://v-mps.crazymaplestudios.com/images/96736060-7271-11f0-a06b-bdb674869ea1.jpg,8,1,1,ＩＴ企業の人事部・山之裏さち子（27）は、ガムを踏んだり浮気現場を見たりと世界一運がない日常を重ね、ついに９回目の事故であっさり死んだ。ところが死後の世界「ガチャライフ」では、ガチャを回して来世の恋人を選べるという救済措置が待っていた。頼れる上司や危険な起業家、消えた婚約者など一筋縄ではいかない男性陣が続々登場する中、さち子は自らの「運」と向き合いながら、本当の幸せとは何かを模索する。ファンタジックな舞台とコミカルな展開が織りなす、新感覚のファンタジックラブコメディ。やがてさち子は別れたい恋人やインフルエンサー、消えた婚約者ら個性豊かな男性を“面接”するはめに。選択肢は本当にハズレばかりなのか、それとも当たりがあるのか。果たして彼女が選ぶ「来世の恋人」とは誰なのか——？,167384,2478,32,1,0,6100,229,tgf1kphquu,1,コメディ,Comedy
68907165f1d8c0f17c0e09a5,68907165f1d8c0f17c0e09a5,148000000000000153,魚の棲めない水,https://v-mps.crazymaplestudios.com/images/056ec8b0-7272-11f0-a06b-bdb674869ea1.jpg,8,1,1,愛する夫の不倫相手は…女性警察官だった！？夫・秀平の浮気を疑い、証拠を掴もうとする主人公の香澄。しかし秀平は不倫相手である未魚の悪意ある助言のもと巧妙に隠蔽を続け、なかなか尻尾を掴ませない。意を決して本人に迫る香澄だったが、夫の口から飛び出した”ひと言”に、かえって心を抉られてしまう。「いい人すぎる」のは罪なのか？―愛と信頼、そして裏切りの復讐劇が始まる。,155970,1946,32,1,0,5715,270,nckwof7ex5,1,復讐,Revenge
688c212ee18ae9fed40658a6,688c212ee18ae9fed40658a6,148000000000000168,女社長と電撃結婚,https://v-mps.crazymaplestudios.com/images/db9f5380-7111-11f0-a06b-bdb674869ea1.jpg,8,1,1,"東京都内の人気アナウンサー・城之内麗子は、実は「光映エンターテインメント」の社長令嬢。家族の決めた婚約を避けるため恋人にプロポーズしようとするが、彼の浮気を目撃し、衝動的に警備員・桜井慎一郎と結婚する。しかし慎一郎も大手不動産会社の後継者であり、縁談を避けるため身分を隠していた。
互いの素性を隠しながら次第に惹かれ合う二人だったが、同僚・森川美咲の悪意ある中傷により、「社長と不倫している」というデマが流れ、麗子の名誉は危機に瀕する。麗子は冷静に反撃し、森川の陰謀を暴く。しかし、二人が避けようとした縁談が公になり、麗子は慎一郎の「愛人」として誤解される。
世間の非難が高まる中、麗子は真実を明かすことを決意し、慎一郎は全力で彼女を守る。そして結婚式で麗子は真相を公表し、彼女を陥れた者たちに反撃するのだった。",537154,6157,33,1,0,5985,245,iqeat2ce43,1,とぼける,Playing Dumb
6900add4f2f86b57d30566ea,6900add4f2f86b57d30566ea,148000000000000254,チキンゲーム,https://v-mps.crazymaplestudios.com/images/8cc21520-b92a-11f0-b4b4-bd031586a1b7.jpg,8,1,1,10億ウォンが懸かったライブ配信。ルールは「絶対に嘘をついてはならない」。挑戦者ジェインに突きつけられたのは、亡き弟の死に関する質問だった。ジェインの答えに疑義が生じるたび、床は開き、ジェインの命綱は絶たれていく。窮地に立たされたジェインが「真犯人だ」と告発した男。その男が「黒幕だ」と指名した店長。そして店長が「全て仕組んだ」と指差した、ジェイン本人。三人の食い違う「真実」。誰かが嘘をついているのか、それとも全員が共犯者なのか。後戻りのできない暴露合戦の果てに待つのは、救いか、破滅か。命を賭けた悪意の連鎖が、今始まる。,30465,475,37,1,0,7213,219,32udsa3bg6,1,ホラー,Horror
67dbfd326d6e989fa60d6e83,67dbfd326d6e989fa60d6e83,148000000000000044,最期の授業,https://v-mps.crazymaplestudios.com/images/99d164a0-0df9-11f0-a38f-0d66b56fc320.jpg,8,1,1,「殺し合いをしろ。生き残った人間だけが卒業できる。 まあ、そんなところだ。」教師と生徒が命を削り合う、生き残りをかけたショートドラマ史上初本格派学園デスゲームがここに、開幕する。,1506201,19148,43,1,0,4868,227,irk5u4qd6g,1,学園ロマンス|キャンパス|ヤングアダルト|コンテンポラリー|女性向けのドラマ,Campus Romance|Campus|Young Adult|Contemporary|Female
688c3eafe7b40d9b9e0400a8,688c3eafe7b40d9b9e0400a8,148000000000000110,私 暴君の婚約者になります,https://v-mps.crazymaplestudios.com/images/476de790-b92c-11f0-b4b4-bd031586a1b7.jpg,8,1,1,ある日、私が目覚めたのは、愛読していたロマンス小説の世界だった。しかも、よりによって、物語の序盤で毒殺される、主人公の当て馬「ハナ」として──このままでは、婚約式で殺される運命。そんな絶望的なシナリオを覆すため、私が思いついた唯一の生存戦略。それは、原作の誰よりも冷酷で、誰もが恐れる「暴君」こと、パクウジンに近づき、契約結婚を申し込むことだった。「私をあなたの盾に。あなたを私の隠れ蓑に」命懸けの提案を、暴君はなぜか静かな笑みで受け入れた。こうして、原作には存在しない危険な同盟が結ばれる。けれど、私はまだ知らない。この契約が、私を死の運命から守るためのものなのか。それとも、暴君が仕掛けた、もっと巧妙な罠の始まりに過ぎないのかを。,110993,1064,50,1,0,8344,297,19qaqtswu6,1,とぼける,Playing Dumb
68f75ce9a1d693524d0bba36,68f75ce9a1d693524d0bba36,141300000000000266,どん底人生がコインで大逆転,https://v-mps.crazymaplestudios.com/images/e0725600-b315-11f0-a06b-bdb674869ea1.jpg,8,1,1,会社に裏切られた男に、突如舞い込んだ399億円。裏切った1.4兆円の大企業を、買い取ってやる！,136557,1579,50,1,0,8519,388,aniotj1yfz,1,復讐|立身出世,Revenge|Rags to Riches
6900af9688fd0fd22d0d83aa,6900af9688fd0fd22d0d83aa,148000000000000051,世界で一番 せつないキス,https://v-mps.crazymaplestudios.com/images/15c7f190-b92c-11f0-b4b4-bd031586a1b7.jpg,8,1,1,キスをすると、相手の痛みを自分に移してしまう。それが、私が生まれながらに背負う「呪い」。かつて私は、夫の苦しみをすべてその身に受け入れるほど、彼を愛していた。彼に、裏切られるまでは。あの日以来、私は心を閉ざし、二度と誰かを愛さないと誓った。そんな私の前に、彼が現れる。私が傷つくたび、なぜか私以上に心を痛める、不思議な男性。もう誰の痛みも背負いたくない。誰の人生にも踏み込みたくない。なのに、どうして。あなたのそばにいると、忘れたはずの「痛み」が、愛おしくなってしまうの？,99642,1015,54,1,0,8184,403,49qjv1e3lp,1,離婚後の愛|済度|ファンタジー|億万長者|ストロングウィル|コンテンポラリー|スイート|女性向けのドラマ,Love After Divorce|Redemption|Fantasy|Billionaire|Strong-Willed|Contemporary|Sweet|Female
6900afb690280e94b307ccdb,6900afb690280e94b307ccdb,148000000000000067,恋を呼ぶ魔法の酒場,https://v-mps.crazymaplestudios.com/images/25f86220-b92c-11f0-b4b4-bd031586a1b7.jpg,8,1,1,大失恋のどん底にいた主人公ソホン。そんな彼女が受け継いだのは、一軒の古びたバーと、そこに伝わる不思議な言い伝え──「恋を呼ぶ、別れの曲」の存在だった。その曲を聴きながら、一本のボトルを二人で分け合うと、彼らは必ず恋に落ちるという。魔法の力に導かれるように、バーには様々な事情を抱えた客たちが訪れる。しかし、誰もが幸せになれる魔法など、この世には存在しない。奇跡の曲を巡って、ホンは予期せぬ争いに巻き込まれていく。他人の恋は魔法で叶えられる。じゃあ、私のこの壊れてしまった恋は？ほろ苦いカクテルが心を濡らすとき、ホンの止まっていた時間が、再び動き出す。,47924,632,55,1,0,7136,270,wx1z581jid,1,ラブコメ,Rom-Com
674ea9365f7e0c82e1082530,674ea9365f7e0c82e1082530,148000000000000034,女ボス、男子校へ行く,https://v-mps.crazymaplestudios.com/images/203c3250-bb92-11ef-a2d6-41216ff1602c.jpg,8,1,1,シッカン派”の後継者であるヨヌは、敵対組織である”マッカン派”の後継者を排除するため、男装し男子高校に潜入する。しかし、ヨヌに特別な関心を示す美少年トリオが現れ、彼女のノワール人生にロマンスの兆しが見え始める。この３人の中にマッカン派の後継者がいるというが、果たしてヨヌは恋に落ちず、ミッションを無事に成功させることができるのか？,129801,1181,57,1,0,3338,134,xm0irektz4,1,女性向けのドラマ|スイート|コンテンポラリー|学園ロマンス|身分を隠せ|敵から恋人へ|インディペンデント・ウーマン|ストロングウィル,Female|Sweet|Contemporary|Campus Romance|Hidden Identity|Enemies to Lovers|Independent Woman|Strong-Willed
6900af73091639f9c305f5bb,6900af73091639f9c305f5bb,148000000000000104,私のパートナーは悪魔,https://v-mps.crazymaplestudios.com/images/ce94ab20-b92a-11f0-b4b4-bd031586a1b7.jpg,8,1,1,「君の復讐、手伝ってあげる」婚約者と親友に裏切られ、命のどん底に突き落とされた私。そんな私の前に現れたのは、妖しく美しい一人の「悪魔」だった。彼が差し出したのは、復讐を条件とした「二度目の人生」。契約を受け入れた私は、悪魔の力を借りて、私を陥れた者たちへ反撃を開始する。しかし、冷酷な協力者であるはずの悪魔が、時折見せる悲しげな瞳。そして、初めて会ったはずの彼に、なぜか言いようのない懐かしさを感じる私。この復讐劇は、本当に私だけのため…？悪魔がひた隠しにする「過去の秘密」に触れた時、裏切りの真相さえも覆す、二人の魂を縛る哀しい宿命が牙を剥く──,156959,1398,57,1,0,7304,258,snnr1fsi9m,1,二度目のチャンス,Second Chance
67c57d60e688905336061cef,67c57d60e688905336061cef,148000000000000043,サマーインディゴ,https://v-mps.crazymaplestudios.com/images/6ad1d210-f8a6-11ef-a38f-0d66b56fc320.jpg,8,1,1,"誰にも言えない悩みを抱え、柔道部を辞めることを決意した１年・ソヌ。退部するためには伝統に従い、先輩に勝たなければならないが、その対戦相手は、柔道国家代表・テヒョン！果たしてソヌはテヒョンを倒し、無事に柔道部を辞めて自由を手に入れることができるのか？
方、柔道一筋だったテヒョンは、なぜかソヌが可愛く見え始め、さらに毎晩チャットで悩みを打ち明ける匿名の友人「サマー」の正体がソヌだと判明する。迎えた決戦の日、テヒョンはソヌのために負けるべきか、それとも…？",58891,583,60,1,0,5201,158,4l9hfzy2gn,1,学園ロマンス|コンテンポラリー|身分を隠せ|ストロングウィル|スイート|女性向けのドラマ,Campus Romance|Contemporary|Hidden Identity|Strong-Willed|Sweet|Female
688987bde55a971e3c0c5ff3,688987bde55a971e3c0c5ff3,148000000000000143,触れ合う運命〜初恋の息子と禁断の恋〜,https://v-mps.crazymaplestudios.com/images/0fce5ed0-70e5-11f0-a06b-bdb674869ea1.jpg,8,1,1,"母が娘の友人に恋をする。
夫を失った彼女は、静かに娘を育てながら絵を描いて生計を立てていた。ある日、娘の友人が現れ、突然何もかもが変った。「教授、あなたのことが忘れられません。」若い男性の大胆な告白に引き込まれ、彼女は予期しない恋愛に足を踏み入れた。しかし、娘が真実を見つけ、その繊細な幸せは崩れ去った。さらに事態が複雑になることに—実は、その若い男性の父親こそが彼女の初恋だった。4つの命が愛、痛み、裏切りの中で絡み合い、感情が爆発する…そして、誰も無傷で立ち去ることはできない。",56377,527,60,1,0,5682,176,9yvjgcy5o3,1,とぼける,Playing Dumb
688c20bc15baa2a25e064ccc,688c20bc15baa2a25e064ccc,148000000000000165,サレ妻の怒涛復讐,https://v-mps.crazymaplestudios.com/images/d6640430-70f6-11f0-a06b-bdb674869ea1.jpg,8,1,1,遥花は、些細なことで暴力を振るう夫との辛い日々を送っていました。ある日、彼女が浴室でその暴力による傷跡を確認していると、偶然にも息子の誠の新しい同級生、古謝悠也に見られてしまいます。悠也は彼女にそっとメモを渡し、暴力を受けているのかと問いかけました。遥花は、結婚生活の地獄から救い出してくれるのが、まさか息子の同級生であるとは夢にも思っていませんでした。,586474,5868,60,1,0,6230,307,3ibj6s83bk,1,ドラマ,Drama
671f0c661adbd6ebd10b5e83,671f0c661adbd6ebd10b5e83,148000000000000027,私を壊したすべてのXたちへ,https://v-mps.crazymaplestudios.com/images/0b7120c0-9a71-11ef-a2d6-41216ff1602c.jpg,8,1,1,ジヨンは、役者としての活躍を夢見る演劇科の大学生。有名監督の作品に抜擢されたことで、輝かしい未来を思い描いていた。しかし、親友ユミによって拡散されたジヨンとパク教授の肉体関係のディープフェイク動画、さらにはジヨンの彼氏であるゴヌとの浮気が原因で、彼女は人生のどん底に突き落とされる。意を決したジヨンは、ユミの正体を暴いた助教のスホと手を組み、復讐への道を歩む。,291784,1486,63,1,0,27250,162,aiapw8ik1i,1,女性向けのドラマ|悪女ヒロイン|コンテンポラリー|復讐|済度|学園ロマンス|ストロングウィル,Female|Strong Heroine|Contemporary|Revenge|Redemption|Campus Romance|Strong-Willed
6836d1639b35f669980ed6d9,6836d1639b35f669980ed6d9,148000000000000099,元夫を見返すダイエット：私、XXL妻から大変身！,https://v-mps.crazymaplestudios.com/images/f2016c10-3cfc-11f0-b65a-27549cd2a91e.jpg,8,1,1,体重約110キロの専業主婦マディ・モスは、夫ルークに浮気されて捨てられた。裏切りに絶望する中、彼女は復讐を決意——そして驚きの変身を遂げ、美しき新しい自分に生まれ変わる。狙うは億万長者フェリックスの心と、ルーク・愛人オリビア・そして姑への華麗なリベンジ！,1076577,18516,63,1,0,215418,9629,atuxml18go,1,復讐,Revenge
67491f3c72acfec1f1048807,67491f3c72acfec1f1048807,148000000000000031,令嬢の帰還,https://v-mps.crazymaplestudios.com/images/7e5d2460-b08f-11ef-a2d6-41216ff1602c.jpg,8,1,1,日本一流財閥藤原グループの継承者藤原真桜は、夫のために身分を隠してきた。まさかその夫は、真桜が秘密裏に手配していた二百億円のプロジェクトを手に入れた後、自分の妻を見下して、離婚しようとした。散々侮辱された真桜は、反撃の幕を開ける！,2520330,21939,64,1,0,25635,358,69n836yuh6,1,身分を隠せ|女性向けのドラマ|悪女ヒロイン|コンテンポラリー|復讐|億万長者|相続人/社会人,Hidden Identity|Female|Strong Heroine|Contemporary|Revenge|Billionaire|Heiress/Socialite
688c20e09f0c283f510ba7db,688c20e09f0c283f510ba7db,148000000000000166,いじめられっ子は社長夫人？,https://v-mps.crazymaplestudios.com/images/a2064cf0-7111-11f0-a06b-bdb674869ea1.jpg,8,1,1,"神崎グループの社長、有輝とその妻、優奈は長年にわたり秘密裏に結婚生活を送っています。有輝は婚姻を公にしたいと考えていますが、優奈は自身の力で成功を収めたいと考えており、事業が成功するまで公表を控えることに決めました。優奈は結婚前の名前である鈴木優奈を使って、花山薰と共に天海グループに就職しますが、有輝が彼女を守るために既にそのグループを秘密裏に買収していたことを知りません。
花山薰はその華やかな装いから新社長の妻と誤認され、特別扱いを受ける一方、地味な服装の優奈はただのインターンと見なされ、花山薰や他の同僚から陥れやいじめに遭います。偽社長夫人に取り入ろうとする部長は、悪名高い稲川社長との協力を優奈に命じることに……",1466959,15233,64,1,0,5641,173,sy79qatibc,1,とぼける,Playing Dumb
683fb1af3eef77415d0acbbf,683fb1af3eef77415d0acbbf,148000000000000101,逃げた花婿は大富豪,https://v-mps.crazymaplestudios.com/images/0519d480-4839-11f0-860b-97fc2eb1c6d9.jpg,8,1,1,結婚式で振られたリアナは、内に苦しみを隠した謎多き億万長者、ジェイコブと衝動的に結婚する。冷徹な契約から始まった二人の結婚は、やがて情熱と回復の旅へと変わる。元恋人による執着や家族の問題、企業戦争を乗り越えながら、嵐のように始まった二人の恋は、真実の愛へと変わるのか？それとも、過去が二人を引き裂いてしまうのか？,1767573,17831,77,1,0,219474,7001,cqab3rw4zq,1,一目惚れ,Love at First Sight
66aa02c4af68b5b2570407d4,66aa02c4af68b5b2570407d4,148000000000000016,失われた記憶と裏切りの中で〜愛と運命のリベンジ,https://v-mps.crazymaplestudios.com/images/9c5a0e90-588f-11ef-838e-777d81c2a9c7.jpg,8,1,1,"「どうしてまだ生きているんですか？」全く知らないこの狂った女が、突然私に向かって大声を出してきました！
妊娠中に5年前の交通事故を経験し、その後結婚したハンサムな見知らぬ人によって救われた私。いつも娘が彼にとても似ていることに気づいているのですが、健忘症で真実を思い出せません。
5年後の現在、私は大富豪のジュエリー会社に入社し、この狂った女と出会いました。さらに、多くの人が私にCEOの娘、行方不明の相続人とそっくりだと言っています！夫と私の本当の身分は何か？",354441,1936,78,1,0,33177,280,glua50d36m,1,女性向けのドラマ|スイート|コンテンポラリー|健忘症|守る夫|身分を隠せ|億万長者|相続人/社会人,Female|Sweet|Contemporary|Amnesia|Protective Husband|Hidden Identity|Billionaire|Heiress/Socialite
688c210b17e4dfd9450561e0,688c210b17e4dfd9450561e0,148000000000000167,まさかお父さんが大富豪？,https://v-mps.crazymaplestudios.com/images/333cadc0-84bf-11f0-a06b-bdb674869ea1.jpg,8,1,1,世界一の富豪である高橋勇人が突如、警備員になると宣言しました！その息子で、大企業の社長にまで上り詰めた健は、父の本当の姿を知らず、警備員となった父を恥じて、何度も帰宅して家族と過ごすよう説得します。しかし、勇人は警備員としての静かな晩年を決意していました。そんな矢先、かつて間接的に妻を死に追いやった佐藤大空が復讐のために現れ、健を陥れ、勇人を狙います。旧敵の再来に直面し、勇人は再び立ち上がり、対抗する道を選びます。この過程で、彼は危機を乗り越えるだけでなく、新たな愛も手に入れることになるのです。,690551,5704,79,1,0,6024,226,zd3kw4npzu,1,とぼける,Playing Dumb
685106d5f7c5a40e900fcb86,685106d5f7c5a40e900fcb86,148000000000000112,悪い男の恋愛法則,https://v-mps.crazymaplestudios.com/images/a3a48310-4cb3-11f0-860b-97fc2eb1c6d9.jpg,8,1,1,"不敗の神話と呼ばれた弁護士チェ・ユンハは、謎の火災で全てを失う。唯一の生存者である弟の治療費を工面するため、彼女はソン・ジフンと危険な取引を始める。  
「目立たない女性が必要だ。」  
「それが私の任務ですか？」  
ユンハは自分を欲する善人と悪人の間で、ますます深みにハマっていく。果たして彼女は全てを奪った火災の真実を明らかにできるのか？",288586,1914,80,1,0,8875,382,uye97yjqdk,1,とぼける,Playing Dumb
68510771f9f4bafd790e03c0,68510771f9f4bafd790e03c0,148000000000000113,君だけに悪いことを,https://v-mps.crazymaplestudios.com/images/49d20740-4cb8-11f0-860b-97fc2eb1c6d9.jpg,8,1,1,"ソジンの婚約式の夜、危険に陥ったソジンを義兄のドヒョンが助ける。
「怖いよ、行かないでお願い…」
その日以降、19年間兄妹として過ごした二人の関係が変わることになるが…",337436,1794,80,1,0,8931,297,3pvanzrwi4,1,とぼける,Playing Dumb
67f9757fed8210901d04168f,67f9757fed8210901d04168f,140000000140000036,もう一度、君に恋をする,https://v-mps.crazymaplestudios.com/images/9a4de5e0-20f8-11f0-a650-71056cbfe3ac.jpg,9,1,1,美咲は、人生の愛である玲司がどん底だった時に彼を捨てた。5年後、彼は億万長者となり、彼女の会社を買収しようとし、彼女の人生を地獄に変えようとしている。彼女は彼に別れた本当の理由を伝えるべきか？それとも、愛の再チャンスはもう遅すぎるのか？,1782719,20083,53,0,0,588,353,rtgrenhqgn,1,復讐|二度目のチャンス|お涙ちょうだい|億万長者|インディペンデント・ウーマン|コンテンポラリー|スイート|女性向けのドラマ|Alena Savostikova|Seth Edeen,Revenge|Second Chance|Tear-Jerker|Billionaire|Independent Woman|Contemporary|Sweet|Female|Alena Savostikova|Seth Edeen
6861f8128c13fda27006234b,6861f8128c13fda27006234b,140000000140000123,消防士の元夫、悔恨の炎に焼かれて,https://v-mps.crazymaplestudios.com/images/c9fe21f0-6118-11f0-a06b-bdb674869ea1.jpg,9,1,1,娘の有紗が青少年センターの崩壊事故で命を失った後、奈津美は深い悲しみと復讐の念に駆られ、消防士の夫・慎二を責めます。慎二は元恋人の杏花とその娘・恵理子を救う選択をしたのです。奈津美は、慎二と杏花が有紗の死に関わっていると感じ、怒りと悲しみが交錯します。その中で彼女は、痛みを乗り越えるために子どもたちを支援する財団を立ち上げ、慈善活動に身を投じます。罪悪感に苛まれる慎二は、自分の行動を償おうと決意し、自らを孤立させる道を選びます。最終的に奈津美は新たな愛を見つけ、慎二は自らの過ちと向き合うことになります。,3772827,52450,56,1,0,7815,244,pbm7zu7dop,1,女性向けのドラマ|家族ドラマ|コンテンポラリー|復讐|お涙ちょうだい|済度|インディペンデント・ウーマン,Female|Family Drama|Contemporary|Revenge|Tear-Jerker|Redemption|Independent Woman
67d3c2cf37369d7c3a0431cf,67d3c2cf37369d7c3a0431cf,140000000140000045,無職の夫は大富豪だった件!,https://v-mps.crazymaplestudios.com/images/b2d71410-0514-11f0-a38f-0d66b56fc320.jpg,9,1,1,織田克宏は家族の落ちこぼれ。何もできないダメ男で、最近刑務所から出たばかり。まともな女性なら誰も彼と結婚しない…でも梨香は結婚してくれた。まさか彼は隠された億万長者だったなんて！真実を知った梨香はどうする？そして、なぜ彼は正体を隠していたのだろう？,5272080,44007,66,1,0,4700,200,d001rllo7n,1,結婚後の恋愛|身分を隠せ|守る夫|億万長者|コンテンポラリー|女性向けのドラマ|無邪気な乙女|スイート,Love After Marriage|Hidden Identity|Protective Husband|Billionaire|Contemporary|Female|Innocent Damsel|Sweet
674ef5067e38e9eddf065d40,674ef5067e38e9eddf065d40,140000000140000067,ダイヤモンドの再会,https://v-mps.crazymaplestudios.com/images/4288d030-b376-11ef-a2d6-41216ff1602c.jpg,9,1,1,清水まさみはシングルマザー。8年前、初恋の渡辺修平との間に誤解が生じ、彼に自分が妊娠していることを伝えることなく、そのまま別れてしまった。8年後、修平は野球界で史上最年少MVPに輝き、新チームに移籍することになる。運命の歯車が再び回り始め、野球場で再会した2人は果たして、誤解を解き、心を通わせることができるのか？,11598430,55069,68,1,0,27301,261,r52zyu52eh,1,二度目のチャンス|ラブコメ|幼馴染みの恋人|インディペンデント・ウーマン|女性向けのドラマ|スイート|コンテンポラリー|日本オリジナル,Second Chance|Rom-Com|Childhood Sweetheart|Independent Woman|Female|Sweet|Contemporary|RSオリジナル
681d709d6cfb3b72f804a5c1,681d709d6cfb3b72f804a5c1,140000000140000164,銃と金とクリスマス,https://v-mps.crazymaplestudios.com/images/2f7824f0-316b-11f0-b65a-27549cd2a91e.jpg,9,1,1,世界最強の軍需産業グループのCEO、仲井戸シュウは、貧しいセールスマンだと勘違いされている。予期せぬことに、彼は会社の社長であるアイリと契約結婚をすることになる。シュウはアイリと一緒にクリスマスディナーのために彼女の実家を訪れ、そこで家族から絶え間ない見下しを受け、アイリの求婚者から嘲笑されることになる。シュウは次々と逆転劇を繰り広げ、自らの力と地位を証明し、最終的にはアイリとの真実の愛を見つける。,8405779,97315,70,1,0,6518,308,7ngnlgtxq9,1,男向けのドラマ|カムバックストーリー|コンテンポラリー|身分を隠せ|人違い|とぼける|億万長者|婿,Male|Comeback Story|Contemporary|Hidden Identity|Mistaken Identity|Playing Dumb|Billionaire|Son-in-Law
6757b32068dd472cc80d0a72,6757b32068dd472cc80d0a72,140000000140000041,財閥令嬢様の二重生活,https://v-mps.crazymaplestudios.com/images/0ae18640-bb73-11ef-a2d6-41216ff1602c.jpg,9,1,1,結婚3年、CEO藤堂賢は妻の彩を金目当ての浮気女だと信じていた。非難に耐えかねた彩は離婚し、本来の姿――億万長者の令嬢としての人生を歩み始める。自分の過ちに気づいた賢はどう動く？彩は復讐するのか、それとも再び心を許すのか？,10659154,73643,72,1,0,27690,306,8jk2rxzui5,1,離婚後の愛|身分を隠せ|億万長者|相続人/社会人,Love After Divorce|Hidden Identity|Billionaire|Heiress/Socialite
67ff585f980e35367f012b4d,67ff585f980e35367f012b4d,140000000140000106,ケーキ職人のワタシが大富豪と偽装結婚した話,https://v-mps.crazymaplestudios.com/images/d4b36bf0-213f-11f0-a650-71056cbfe3ac.jpg,9,1,1,控えめで優しいパティシエ・結衣は、娘の親権を守るために偽装結婚を求めるシングルファザーの大富豪・淳一と電撃婚。形だけのはずが、いつしか本物の愛に――。しかし、嫉妬に燃えるライバル、ストーカー化した結衣の元婚約者、そしてあの手この手で壊そうとする淳一の元妻が立ちはだかる！,2120927,63190,74,0,0,562,337,pmnwhrxhzq,1,契約の恋人|スピード婚|ラブコメ|シングルファーザー|無邪気な乙女|女性向けのドラマ|スイート|コンテンポラリー,Contract Lovers|Flash Marriage|Rom-Com|Single Dad|Innocent Damsel|Female|Sweet|Contemporary
68196eb59ac7827c1e05b4d5,68196eb59ac7827c1e05b4d5,140000000140000070,禁断の誘い～彼のものに～,https://v-mps.crazymaplestudios.com/images/b93d7210-2a1f-11f0-93de-cb0b88a6d7a9.jpg,9,1,1,栗山ルカは、これまでずっと完璧な彼女、完璧な娘として正しい道を歩んできた。しかし、石山翔と出会ったことで、すべてが変わる。家族からの虐待と婚約者の裏切りに耐え続けてきたルカは、ついに限界を迎え、決意を固める。自分を傷つけた者たちに復讐するため、ルカは思い切った一歩を踏み出す。婚約者の叔父であり、石山家の後継者でもある翔を誘惑するのだ…,1348076,9132,78,0,0,6600,263,ye7arq8c4c,1,タブー|年齢差|億万長者|インディペンデント・ウーマン,Taboo|Age Gap|Billionaire|Independent Woman
674e672a9407a14398045b47,674e672a9407a14398045b47,140000000140000048,Yesから始まるラブストーリー,https://v-mps.crazymaplestudios.com/images/b2210f20-b8e4-11ef-a2d6-41216ff1602c.jpg,9,1,1,婚約者と妹に裏切られた望月夏芽は、蓮目翔吾と結婚したが、彼の正体を知らなかった。実は彼は億万長者だったのだ。二人は協力して夏芽の悪い家族たちに立ち向かった。果たして、会社を取り戻し、ハッピーエンドを迎えることができるのだろうか。,1262315,6209,80,0,0,27370,327,uai8bbffu6,1,結婚後の恋愛|スピード婚|身分を隠せ|億万長者|相続人/社会人|女性向けのドラマ|スイート|Britney Rae Carrera|Alexander Trumble,Love After Marriage|Flash Marriage|Hidden Identity|Billionaire|Heiress/Socialite|Female|Sweet|Britney Rae Carrera|Alexander Trumble
681d702e1cb621f42c069d75,681d702e1cb621f42c069d75,140000000140000141,負け犬の私がバージンを捨てる！,https://v-mps.crazymaplestudios.com/images/6b555c60-351f-11f0-b65a-27549cd2a91e.jpg,9,1,1,高校生の関根遥の平凡な日常は、父でありバスケットボール監督の関根健司がスカウトした片桐勇人が家に引っ越してきたことで一変する。最初はぎこちなく、衝突もあった二人だが、遥は次第に勇人を頼るようになり、次第に秘密の関係が芽生える。そんな中、学校でいじめがエスカレートし、遥は勇気を持って仲間のために立ち上がる。その行動は学校中の尊敬を集め、ついには関根監督も二人の関係を認めるようになる。,1530179,13629,80,0,0,7069,321,b4r0oy8zeq,1,女性向けのドラマ|ヤングアダルト|キャンパス|友達から恋人へ|ハートフェルト|フィール・グッド|学園ハンサム|モブキャラ,Female|Young Adult|Campus|Friends to Lovers|Heartfelt|Feel-Good|Jock|Wallflower
682be1e401636aac9f017302,682be1e401636aac9f017302,140000000140000138,嫌いなアイツの専属メイド!?,https://v-mps.crazymaplestudios.com/images/d99d7020-3bf7-11f0-b65a-27549cd2a91e.jpg,9,1,1,真面目な生徒会長、江野沢潤には大きな秘密がある。それは、名門私立高校で最も貧しい生徒だということ。ライバルである超お金持ちの悪ガキ、羽田譲治にアルバイトをクビにされ、父親の医療費を稼ぐ手段を失う。譲治はその償いとして、潤を専属メイドとして雇うことに決める。譲治は二人の関係を秘密にすることを約束するが、その代わり、潤には自分のすべての要求に応えるよう強要する。,9049960,121019,82,1,0,520,312,3vigsb1njh,1,女性向けのドラマ|ヤングアダルト|コンテンポラリー|敵から恋人へ|身分を隠せ|ラブコメ|億万長者|インディペンデント・ウーマン,Female|Young Adult|Contemporary|Enemies to Lovers|Hidden Identity|Rom-Com|Billionaire|Independent Woman
67f434fe158efeecf70b8a29,67f434fe158efeecf70b8a29,140000000140000034,一目惚れ！今すぐ結婚してくれますか？,https://v-mps.crazymaplestudios.com/images/844d09a0-13f2-11f0-a38f-0d66b56fc320.jpg,9,1,1,ロースクールを支えた夏美は、賢二に捨てられる。理由は？裕福な女性と結婚するため！傷つき裏切られた夏美は見知らぬ男性と結婚するが、後にその男が億万長者のCEO、藤沢一生だと知る！,2222828,16828,83,0,0,220,132,49p2ytubbe,1,スピード婚|契約の恋人|守る夫|億万長者|相続人/社会人|コンテンポラリー|スイート|女性向けのドラマ,Flash Marriage|Contract Lovers|Protective Husband|Billionaire|Heiress/Socialite|Contemporary|Sweet|Female
680b29e6a7a4e954560c87f7,680b29e6a7a4e954560c87f7,140000000140000100,冷酷御曹司の愛妻計画,https://v-mps.crazymaplestudios.com/images/c4529af0-219f-11f0-a650-71056cbfe3ac.jpg,9,1,1,顔に生まれつきのあざがあるため、家族に見捨てられた凛。そんな彼女がある日、プールで出会ったイケメン大富豪・高嶺総一郎に恋をされる。総一郎は凛を探し続けるが、運命のいたずらで彼女を車で轢いてしまい、記憶を失わせてしまう。彼女が自分の探し求めていた女性だとは知らず、凛を引き取ることに。,10861430,147378,85,1,0,579,347,gy78jj2uuj,1,健忘症|身分を隠せ|ワンナイトラブ|億万長者|無邪気な乙女|女性向けのドラマ|スイート|コンテンポラリー,Amnesia|Hidden Identity|One Night Stand|Billionaire|Innocent Damsel|Female|Sweet|Contemporary
6784b0d19d9f66640a0a1da9,6784b0d19d9f66640a0a1da9,140000000140000064,帰ってきたお嬢様,https://v-mps.crazymaplestudios.com/images/5f16c270-daa9-11ef-a54e-99edf5fd5287.jpg,9,1,1,誘拐され記憶を失ったいずみは、貧しい直人に育てられた。13年後、冷酷な実母・杏奈が現れ、いずみを取り戻そうとする。いずみは愛情深い父を捨て、富を選ぶのか？,3254218,16415,88,0,0,7863,337,ssgf8c2kcq,1,お涙ちょうだい|再会|済度|聖なる親族|ストロングウィル|家族ドラマ|コンテンポラリー,Tear-Jerker|Reunion|Redemption|Saintly Parent|Strong-Willed|Family Drama|Contemporary
6784b050709655e2e4055413,6784b050709655e2e4055413,140000000140000074,せめて最後に愛のキスを,https://v-mps.crazymaplestudios.com/images/4d4aa5d0-d891-11ef-a54e-99edf5fd5287.jpg,9,1,1,明里は末期の腎臓癌と診断され、余命わずか。夫・島崎克也は義理の妹・麗子に夢中で、明里を金目当てだと思い込んでいる。明里も彼に愛されていないと思っているが、克也が彼女の余命を知ると状況が一変する。しかし、その時にはもう遅すぎるかもしれない…,6680386,38783,89,1,0,6867,233,cpeoak1htx,1,あまりに遅すぎる|お涙ちょうだい|済度|家庭主婦|女性向けのドラマ|トキシック|コンテンポラリー,All-Too-Late|Tear-Jerker|Redemption|Housewife|Female|Toxic|Contemporary
67f96da5432434836b0bd3aa,67f96da5432434836b0bd3aa,140000000140000111,奪われたプリマバレリーナ,https://v-mps.crazymaplestudios.com/images/b4199850-1c90-11f0-a650-71056cbfe3ac.jpg,9,1,1,ハロウィンの夜、大富豪の令嬢・高橋美波は姿を消した。貧しいウェイトレスの内田渚は彼女を見つけ、誘拐し、自分の娘を高橋家に引き取らせて裕福な生活を手に入れさせる。13年後、バレエ界で成功を収めた美波だったが、生みの親の家族や偽の令嬢から冷たく扱われていた。しかし、やがて家族は真実を知り、彼女に許しを乞うことになる……。,513933,4048,91,0,0,34841,334,1y9bpdoqjp,1,女性向けのドラマ|家族ドラマ|コンテンポラリー|お涙ちょうだい|人違い|あまりに遅すぎる|相続人/社会人,Female|Family Drama|Contemporary|Tear-Jerker|Mistaken Identity|All-Too-Late|Heiress/Socialite
67ff20d0318dd10f5d01e935,67ff20d0318dd10f5d01e935,140000000140000137,令嬢決戦！私こそが学園のクイーン,https://v-mps.crazymaplestudios.com/images/ad986820-207e-11f0-a650-71056cbfe3ac.jpg,9,1,1,"令嬢決戦私こそが学園のクイーン映画では、鏑木エリーは、家族の富を隠しながら公立学校に転校した裕福な高校生。自分の家の財産だけで知られるのに疲れたエリーは、真の友達を作り、普通の高校生活を送りたいと願っていた。
しかし、家政婦の娘であるアリスが鏑木家の令嬢として学校に現れ、瞬く間に社交界のトップに上り詰める。一方、エリーは底辺に追いやられ、いじめや嘲笑を受けることに…",14320934,159992,92,1,0,4697,147,ouc8gpelqy,1,身分を隠せ|フィール・グッド|学園ロマンス|相続人|女性向けのドラマ|ヤングアダルト|コンテンポラリー,Hidden Identity|Feel-Good|Campus Romance|Heiress|Female|Young Adult|Contemporary
6912d72acabf3951e00ed30c,6912d72acabf3951e00ed30c,140000000300000190,舐めるなよ 俺が頂点だ,https://v-mps.crazymaplestudios.com/images/043f5560-c9d2-11f0-84ad-6b5693b490dc.jpg,10,1,1,クリストバル・バルカサルは、表向きは無名ながら、アンデスグループを裏から動かす影の帝王。地上で最も裕福な男でもある。だが戦地から戻った彼を待っていたのは、幼なじみの恋人からの無慈悲な別れだった。彼女は彼をただのピエロだと思い、冷たく捨て去ったのだ。すべてを手にしたこの男は、どうやって彼女に後悔を味わわせるのか。,29689,453,74,1,0,7104,298,njoo7l7z93,1,男向けのドラマ|カムバックストーリー|モダン|身分を隠せ|スピード婚|億万長者|ロイヤル/貴族|インディペンデント・ウーマン,Male|Comeback Story|Modern|Hidden Identity|Flash Marriage|Billionaire|Royalty/Nobility|Independent Woman
685e581200c825b0390fba2e,685e581200c825b0390fba2e,141000000000000015,運命の再選択～幼なじみの叔父にプロポーズ～,https://v-mps.crazymaplestudios.com/images/e486de90-5899-11f0-b471-b9eef54adbd8.jpg,11,1,1,"前世幼なじみの紀舒南の叔父が自殺した。彼の引き出しから100通以上のラブレターが見つかり、どの手紙の宛名でも私だった。
だから今転生した私、母が「紀舒南と結婚したい？」と聞いた時、首を横に振り、代わりに彼の叔父と結婚することにした。
前世では、幼なじみの紀舒南と結婚したが、結婚後は彼が家に帰って来ない日が続いた。初恋人の一言のために、
妊娠による出血の私を置き去りにしていった。
結局、私はお腹の子供と共に出血性ショックで亡くなった。
彼は涙どころか、私のせいで彼と初恋人の旅行計画の邪魔になったとさえ非難してきた。
再び目を開けると、母が「誰と結婚したい？」と聞いてきたあの日に戻っていた──",322932,2959,28,1,0,8160,273,geb93wzsvi,1,年齢差|タブー|女性向けのドラマ|転生|スイート|甘いロマンス|コンテンポラリー,Age Gap|Taboo|Female|Rebirth|Sweet|Sweet Romance|Contemporary
686b31116fea60c96c0621c5,686b31116fea60c96c0621c5,141000000000000017,家族の裏切りと復讐～クズ一家への仕返し～,https://v-mps.crazymaplestudios.com/images/1cd50240-5e03-11f0-b471-b9eef54adbd8.jpg,11,1,1,沈玲はていねいに家族旅行を計画して、さらに自費で家族全員のチケットをファーストクラスにアップグレードした。なのに、出発直前、夫の郭天成が彼女のフライトチケットを列車チケットに変更させた。それは、郭天成の幼馴染の賈青がファーストクラスでいられるようにするためだった。義母と義妹は郭天成の言い分を一致して支持し、沈玲をけなした。沈玲はかつて、郭家が負った1億円の借金を返済したことがある。結婚後でも、家計と家事を全部引き受け、義母と義妹の世話をしてきた。それでも、郭家は賈青を偏愛し、さらに、彼女を郭天成の嫁にさせる意思を示した。このような郭家に沈玲はがっかりして、仕返しを決意した。まずは、郭家の荷物を全部捨てて、予約しておいたたホテルもキャンセルした。そして、一人で旅行に出て、郭家に資金や援助を一切拒否した。さらに、家族の連絡先を全部ブロックした。郭天成に離婚で脅された際に、沈玲は離婚届を出して、郭家が彼女の経済的な支えに頼っている現実（家や生活費は全部彼女が提供していた）を暴いた。郭家は最初、沈玲を引き留めようとしたが、彼女の決意しまくった姿を見た途端、「離婚はいいけど、財産は全部郭家にあげる」と要求した。幸いなところ、沈玲はすでに手を打ってあり、うまく郭家の連中を自分の家から追い出した。沈玲と離婚した後、郭天成は賈青と再婚して、困窮の生活を送ってきた。郭家と賈青の矛盾が激化し、郭天美の成績が落ち、母親が日々賈家にいじめられ、賈青が異なる肌色の子供を出産した。一方、沈玲は不動産を売ることで、1億円の借金を回収し、自由を取り戻した。郭天成は人生がめちゃくちゃになり、沈玲との復縁を求めたが、仕返しを果たした沈玲はとっくに姿を消し、郭家の自業自得を面白がっている。,413403,3472,29,1,0,6696,250,hmbya28098,1,復讐,Revenge
68835c5fd76c4634c907ee9f,68835c5fd76c4634c907ee9f,141000000000000021,蔓、天へと伸びる,https://v-mps.crazymaplestudios.com/images/4a7e86c0-6d2c-11f0-a06b-bdb674869ea1.jpg,11,1,1,"顧昭月と葉書寧、交錯する人生。
前世、豪門に入った葉書寧は嫉妬のため、殺人後自害。
しかし二人は生まれ変わった。

今世、葉書寧は清掃員の家庭を選び「完璧な偽装」を開始。
一方、顧昭月は異なる道へ——
天才プログラマー・温以瀾と手を組み、テクノロジー帝国を築き上げる！",1088898,22039,30,1,0,198188,8007,3jnjivulfe,1,復讐,Revenge
68a5a3ba02587a00240a6ee0,68a5a3ba02587a00240a6ee0,141030000000000022,愛と執着の死に戻り,https://v-mps.crazymaplestudios.com/images/b6068840-817a-11f0-a06b-bdb674869ea1.jpg,11,1,1,喬曦は、夫の陸凌辰によって辱めを受け、妹である喬月に夫も金も全てを奪われ、そんな失意の中殺されてしまう。人生の走馬灯が巡る中、意識を取り戻すと、そこは喬曦の祖父の戦友、陸家の祖父の目の前で、結婚相手を選んだその瞬間だった。もう二度と悲劇は繰り返させない。人生をやり直す、喬曦の復讐劇が今はじまる。,383327,4457,30,0,0,6992,238,ej90q2wk9p,1,復讐|女性向けのドラマ,Revenge|Female
680f2464b82139a0ed013660,680f2464b82139a0ed013660,141000000000000006,元夫に捧げた7年、裏切られた私は正体を明かす,https://v-mps.crazymaplestudios.com/images/e206c790-2ca0-11f0-93de-cb0b88a6d7a9.jpg,11,1,1,"DKグループ創設者・顧煙は、正体を隠して7年間も江寒秋を支え続けてきた。会社の上場を後押しし、裏から手を尽くしてきたにもかかわらず──結婚式当日、彼は初恋の女・陳兮を優先し、顧煙を公開処刑のように侮辱した。ドレスを奪われ、立場を奪われ、何も知らぬまま笑い者にされた顧煙。やがて彼の裏切りと不倫の真実を知り、顧煙は離婚を決意。そしてかつての求婚者・楊晨と手を組み、江寒秋の会社から全ての投資を引き上げることに──。
サイン会の晩餐会、ついに正体を暴き、あの“元夫”に地獄を見せてやる！",1647202,19612,31,1,0,6462,284,3rfkv1gs5m,1,復讐|身分を隠せ|女性向けのドラマ|コンテンポラリー|悪女ヒロイン|三角関係|人違い|家庭主婦,Revenge|Hidden Identity|Female|Contemporary|Strong Heroine|Love Triangle|Mistaken Identity|Housewife
68ac2e31064aafdf750eb04b,68ac2e31064aafdf750eb04b,141000000000000025,偽りの結婚 華麗なる逆襲,https://v-mps.crazymaplestudios.com/images/84b48610-8324-11f0-a06b-bdb674869ea1.jpg,11,1,1,"蘇晩晴は顧延琛と結婚して五年後、婚姻届けの再発行手続きの為に役所を訪れるが、そこで偽造されたものであったことを知る。法的な妻はなんと、彼の初恋相手、林薇薇で、二人には娘までいるという
不倫現場の目撃、アレルギーのある食材で命を落としかける等、度重なる裏切りに絶望した彼女の前に、かつての恋人であった江辰宇が現れる。過去と決別し、新たな人生を歩めるのだろうか。",526104,3884,33,0,0,7403,231,q1gr0d4fvy,1,女性向けのドラマ|悪女ヒロイン,Female|Strong Heroine
686b30c175ae5aaf460e9adf,686b30c175ae5aaf460e9adf,141000000000000016,婚約者が弟の子を妊娠したので 他の女性と結婚した,https://v-mps.crazymaplestudios.com/images/bbf435f0-5e1a-11f0-b471-b9eef54adbd8.jpg,11,1,1,"宋佑華はトプロジー設計会社の社員で、婚約者である李嬌は会社の課長です。実際、宋佑華の設計の才能は非常に優れていますが、自分の業績を全て李嬌にあげました。しかし、李嬌がいつも自慢で、ずっと宋佑華のことを見下ろしています。
宋佑華は胃の痛みを我慢して、李嬌の仕事を助けようとする時に、彼女が人工授精され、弟の子供を妊娠したことを知りました。それに、二人は宋家の子孫のためと言う名目で、自分が結婚するために買ったマンションに引っ越ししました。宋佑華は李嬌にがっかりして、張詩怡の誘いを受け、李嬌と別れました。
李嬌はずっと宋佑華がプライドもなく、ちやほやと自分の機嫌を取る男だと思っていたので、宋佑華の離れを恋人のケンカだと思って、最後にきっと仲直りにくると思っています。しかし、宋佑華は李嬌と別れる決意をし、自分の才能で張詩怡を助けただけではなく、彼女の告白を受け、自分のことを大事にする人と付き合い始めました。宋佑華が自分のデザイナーの身分を公表した後に、李嬌は後悔して、宋佑華の気持ちを取り戻そうとしましたら、クズ男の宋佑平の甘い言葉に騙され、結局、惨めな暮らしを送るしかできませんでした。",424392,3044,39,1,0,6565,261,4jmhkdeym1,1,復讐,Revenge
690c02b734582f9a2d076a54,690c02b734582f9a2d076a54,149000000000002197,すれ違う母性、声なき別れ,https://v-mps.crazymaplestudios.com/images/dd385640-c032-11f0-84ad-6b5693b490dc.jpg,11,1,1,"捨て子だった趙牧陽を拾い、生涯独身を貫いて女手一つで育て上げた養母、趙杏。しかし、息子の結婚式の日に実の母・李巧花が突如現れ、「息子を返せ」と泣き叫ぶ。
実母の涙と嘘を信じ込んだ牧陽は、育ての母を裏切ってしまう。絶望した趙杏は、息子との縁を切ることを決意し、彼の前から姿を消した。
母の決意を誤解したままの牧陽。彼が愛する妻の手術室の隣で、母が命を懸けた「最後の愛」を捧げていることを、彼はまだ知らない。",91978,904,50,0,0,6984,212,dv5r0a369p,1,家族ドラマ|女性向けのドラマ,Family Drama|Female
690c0324376e8463940ebd36,690c0324376e8463940ebd36,149000000000002199,恋人の祖父の医療費を立て替えた,https://v-mps.crazymaplestudios.com/images/12798450-c047-11f0-84ad-6b5693b490dc.jpg,11,1,1,"恋人とその浮気相手に全財産を騙し取られ、挙句の果てに殺された私。しかし、目が覚めると…すべての悲劇が始まる「あの日」に戻っていた。
二度目の人生、もう騙されない。彼らが仕掛けた卑劣な罠。その証拠は、すべてこの手の中にある。
私を罵倒し、追い詰める彼の一族を前に、今、史上最悪の復讐劇の幕が上がる。",249102,1832,50,0,0,7249,289,bamr147tn5,1,復讐|女性向けのドラマ,Revenge|Female
68d3ae85a36c14215f01f1c6,68d3ae85a36c14215f01f1c6,141000000000000026,田舎娘の逆襲：私は太子妃になる！,https://v-mps.crazymaplestudios.com/images/f61afb80-a5c1-11f0-a06b-bdb674869ea1.jpg,11,1,1,"白佐梁は欽差大臣（皇帝の特使）に任命され、太子妃選抜のことを統括させた。実は白佐梁が太子そのもので、太子妃選抜も表向きの理由に過ぎなかった。彼の本当の目的は、河間府の悪徳役人を一網打尽にすることだった。
河間府通判趙福海が懐柔や賄賂を試みるが失敗し、ついに暗殺を敢行した。崖から落ちた太子が田舎娘の張小漁に助けられた。傷を癒した後、彼は変装して河間府に潜入し、趙福海の犯罪証拠を掴んだ。その後、選秀に参加する張小漁の協力を得て、二人で次々と知府、内閣の閣僚を倒した。
その間に、思いを寄せ合いつつある二人だが、果たしてその恋が皇帝に許されるだろうか。",162752,1593,70,0,0,7368,246,wpqwg2bbm7,1,スイート|女性向けのドラマ,Sweet|Female
68a83845c890ca313b08dc70,68a83845c890ca313b08dc70,141000000000000008,逆襲の婿入り,https://v-mps.crazymaplestudios.com/images/fa0922b0-82f0-11f0-a06b-bdb674869ea1.jpg,11,1,1,"貧乏人に転落した陳默は、妻・柳藍溪の裏切りに遭い、
家から追い出される。絶体絶命の危機で、謎の教父に認められ、
‌「天龍グループ」‌の後継者となる。復讐の旅を開始する陳默は、
前妻一族を打ち潰し、楊家の事業を併合し、翡翠原石の高リスク取引で200億円も儲けた。
ゴッドファーザーの厳しい試練を乗り越え、最終的には‌夏家の令嬢‌と結婚し、
権力の頂点を制覇する──",379621,1933,76,1,0,7076,267,uxv738vfe1,1,カムバックストーリー|身分を隠せ|男向けのドラマ|ストロングウィル|スーパーパワー|スーパーウォーリアー|復讐|コンテンポラリー,Comeback Story|Hidden Identity|Male|Strong-Willed|Super Power|Super Warrior|Revenge|Contemporary
68871616fa2faf91a60e4cee,68871616fa2faf91a60e4cee,140000000130000011,九尾狐と運命のつがい,https://v-mps.crazymaplestudios.com/images/41641730-71a0-11f0-a06b-bdb674869ea1.jpg,22,1,1,"白九尾狐族、その唯一の後継者であるリン。彼女は幼い頃、敵対する黒九尾狐族に攫われ、以来メイドとして虐げられる日々を送っていた。
九尾狐の力が覚醒する二十歳の誕生日、リンはついに脱出を決意する。だが皮肉にもその日、彼女は知ってしまう。自らの“運命のつがい”が、自分を虐げ続けた冷酷非道な黒九尾狐の長、ヒョン・ドンジュであったことを。
ありえない運命に反発し、互いを拒絶するリンとヒョン・ドンジュ。そんな二人の前に、白九尾狐の長、ペク・ドユンが現れ、リンこそが自分の“運命のつがい”だと告げる。
ところが、リンを拒んだはずのヒョン・ドンジュが、なぜか突如、彼女との結婚を宣言する。
翻弄されるリンが選ぶべき真の“運命のつがい”は、果たしてどちらなのか――。",296765,1967,67,1,0,6019,208,zivlupbxrg,1,運命の恋人|ファンタジー|身分を隠せ|スイート|女性向けのドラマ|無邪気な乙女,Fated Lovers|Fantasy|Hidden Identity|Sweet|Female|Innocent Damsel
693fe2db3a9e57235a07ce18,693fe2db3a9e57235a07ce18,140000400130002467,HOTな私,https://v-mps.crazymaplestudios.com/images/90fb1220-df01-11f0-84ad-6b5693b490dc.jpg,22,1,1,"異性が触れ合うたびに賞金がアップするリアリティデート番組――『SO HOT』！
快楽が溢れた島に集まったのは、完璧なルックスやスタイル、そして恋愛テクを兼ね備えた男女8人。
中には、小島晴子という20歳のダンス専攻の学生がいたが、目立てない彼女が失格寸前、そこへ突如、謎の男が一人、新たな刺激を与える「ナマズ」として参戦し、局面を一変させる。
なんかどこかで出会ったことがあるこの男――実は晴子の父親の部下で海軍特殊部隊UDTの兵士、吉本賢多。密かに思いを寄せていた初恋の人だった。
興奮や嫉妬と快感に満ちたこの島で、二人はついに本物の愛をつかめるのか。
恋愛経験ゼロの晴子と、初恋の賢多が再会を果たし、ぜひこのお色気ラブコメディをお見逃しなく！",20631,510,67,1,0,8045,253,zokr3qj2o9,1,一目惚れ,Love at First Sight
68a83845c890ca313b08dc70,68a83845c890ca313b08dc70,141000000000000008,逆襲の婿入り,https://v-mps.crazymaplestudios.com/images/fa0922b0-82f0-11f0-a06b-bdb674869ea1.jpg,11,1,1,"貧乏人に転落した陳默は、妻・柳藍溪の裏切りに遭い、
家から追い出される。絶体絶命の危機で、謎の教父に認められ、
‌「天龍グループ」‌の後継者となる。復讐の旅を開始する陳默は、
前妻一族を打ち潰し、楊家の事業を併合し、翡翠原石の高リスク取引で200億円も儲けた。
ゴッドファーザーの厳しい試練を乗り越え、最終的には‌夏家の令嬢‌と結婚し、
権力の頂点を制覇する──",380038,1934,76,1,0,7076,267,uxv738vfe1,1,カムバックストーリー|身分を隠せ|男向けのドラマ|ストロングウィル|スーパーパワー|スーパーウォーリアー|復讐|コンテンポラリー,Comeback Story|Hidden Identity|Male|Strong-Willed|Super Power|Super Warrior|Revenge|Contemporary
68871616fa2faf91a60e4cee,68871616fa2faf91a60e4cee,140000000130000011,九尾狐と運命のつがい,https://v-mps.crazymaplestudios.com/images/41641730-71a0-11f0-a06b-bdb674869ea1.jpg,22,1,1,"白九尾狐族、その唯一の後継者であるリン。彼女は幼い頃、敵対する黒九尾狐族に攫われ、以来メイドとして虐げられる日々を送っていた。
九尾狐の力が覚醒する二十歳の誕生日、リンはついに脱出を決意する。だが皮肉にもその日、彼女は知ってしまう。自らの“運命のつがい”が、自分を虐げ続けた冷酷非道な黒九尾狐の長、ヒョン・ドンジュであったことを。
ありえない運命に反発し、互いを拒絶するリンとヒョン・ドンジュ。そんな二人の前に、白九尾狐の長、ペク・ドユンが現れ、リンこそが自分の“運命のつがい”だと告げる。
ところが、リンを拒んだはずのヒョン・ドンジュが、なぜか突如、彼女との結婚を宣言する。
翻弄されるリンが選ぶべき真の“運命のつがい”は、果たしてどちらなのか――。",297264,1972,67,1,0,6019,208,zivlupbxrg,1,運命の恋人|ファンタジー|身分を隠せ|スイート|女性向けのドラマ|無邪気な乙女,Fated Lovers|Fantasy|Hidden Identity|Sweet|Female|Innocent Damsel
693fe2db3a9e57235a07ce18,693fe2db3a9e57235a07ce18,140000400130002467,HOTな私,https://v-mps.crazymaplestudios.com/images/90fb1220-df01-11f0-84ad-6b5693b490dc.jpg,22,1,1,"異性が触れ合うたびに賞金がアップするリアリティデート番組――『SO HOT』！
快楽が溢れた島に集まったのは、完璧なルックスやスタイル、そして恋愛テクを兼ね備えた男女8人。
中には、小島晴子という20歳のダンス専攻の学生がいたが、目立てない彼女が失格寸前、そこへ突如、謎の男が一人、新たな刺激を与える「ナマズ」として参戦し、局面を一変させる。
なんかどこかで出会ったことがあるこの男――実は晴子の父親の部下で海軍特殊部隊UDTの兵士、吉本賢多。密かに思いを寄せていた初恋の人だった。
興奮や嫉妬と快感に満ちたこの島で、二人はついに本物の愛をつかめるのか。
恋愛経験ゼロの晴子と、初恋の賢多が再会を果たし、ぜひこのお色気ラブコメディをお見逃しなく！",22377,517,67,1,0,8045,253,zokr3qj2o9,1,一目惚れ,Love at First Sight
694b8a5de5af73806b0f286d,694b8a5de5af73806b0f286d,142600000000002697,仮面の姉,https://v-mps.crazymaplestudios.com/images/a9c13590-e0a6-11f0-84ad-6b5693b490dc.jpg,29,1,1,伊藤グループの創業者・伊藤舞は、子供の頃の過失で妹の伊藤桜を見失ってしまって、それ以来、妹を探すために必死に働き、ついに社長までに辿り着いた。そして、10年に及ぶ捜索の末、ようやく桜の手がかりを掴んで駆けつけたところ、桜はいじめで重傷を負い、意識不明の状態になった。舞は悲しみと怒りをバネに、妹が勤めていた会社を買収し、派遣社員として潜入し、妹を傷つけた真犯人に凄まじい復讐を果たしていくーー,7979,322,0,1,1,7979,312,,,とぼける,Playing Dumb
6899500494c7735803087764,6899500494c7735803087764,148000000000000140,デッドレコード,https://v-mps.crazymaplestudios.com/images/c0103330-78bb-11f0-a06b-bdb674869ea1.jpg,29,1,1,彼らは知らなかった。その優しさが、その寂しさが、その正義感が、死への扉を開くことを。スマートフォンの冷たいレンズが見つめる中、善意ある人々の最期の時が刻まれていく。録画が止まった時、残されるのは加害者たちの一方的な証言のみ。POVで描かれる戦慄のアンソロジー。あなたの善意は、本当に安全ですか？,35449,913,24,1,0,6725,330,pldpm03dny,1,スリラー,Thriller
684a454712edc3df890a180e,684a454712edc3df890a180e,148000000000000111,カウントダウン黒会社爆発,https://v-mps.crazymaplestudios.com/images/1c840370-4807-11f0-860b-97fc2eb1c6d9.jpg,29,1,1,"死の運命を視る男が、人の心の闇に立ち向かう――。
主人公・関原家康は、大手企業に勤めるサラリーマン。彼は、“死ぬ運命にある人の《死亡時刻》と《死因》が視えてしまう”という、特殊能力を得る。
目の前で繰り返される悲劇。人を助けようとしても変えられない運命に、関原は苦しむ。そんな中、彼の勤める会社でも不可解な事故が続発。そしてやがて訪れる、会社を巻き込む大爆発の予兆。
誰にも信じてもらえず、孤独の中で真実に迫ろうとする関原。
彼は決意する。「この未来を、絶対に変えてみせる」と。
家族のために、仲間のために、そして自分自身のために。
運命の歯車は今、静かに、だが確かに回り始める。
あなたは、関原とともに“死の未来”に抗う覚悟があるか。",2193625,62715,32,1,0,7940,260,5uurhy8gvv,1,身分を隠せ,Hidden Identity
6882ed7294f49c0b750dfed6,6882ed7294f49c0b750dfed6,148000000000000136,契りの鎖 愛がほどいた,https://v-mps.crazymaplestudios.com/images/a8fca8d0-6c41-11f0-a06b-bdb674869ea1.jpg,29,1,1,政略結婚から始まった二人の関係は、やがて嘘と仮面が交錯する迷宮へと変わっていく——。冷たい夫こそが敵だと信じていたディアナ。だが、本当の悪夢は、そこから始まった。秘密が渦巻く屋敷に囚われた彼女が、唯一心を寄せるようになったのは…愛してはいけないはずの男だった。,56528,806,40,1,0,6381,309,0xyoetc4vo,1,ダークロマンス,Dark Romance
6805f0f515725fcb840e7d7f,6805f0f515725fcb840e7d7f,148000000000000054,裏切られた令嬢の復讐計画,https://v-mps.crazymaplestudios.com/images/563278a0-21b9-11f0-a650-71056cbfe3ac.jpg,29,1,1,愛した人は裏切り者だった──。名家ホワイト家の令嬢エミリーは、夫ティムの不倫と陰謀に絶望するも、過去に命を救った男ライアンと再会する。実は彼もまた、復讐のために近づいて来た男だった。愛と復讐、揺れる想いの中で二人は手を組み、権力と欲望に立ち向かう。絡み合う嘘と真実、そして燃え上がる禁断の恋──波乱に満ちた逆転劇が幕を開ける。,1747042,51420,42,1,0,216327,9908,n7udd552lm,1,女性向けのドラマ|悪女ヒロイン|コンテンポラリー|浮気|復讐|億万長者|家庭主婦|とぼける,Female|Strong Heroine|Contemporary|Affair|Revenge|Billionaire|Housewife|Playing Dumb
688c59fac138756ae304d24e,688c59fac138756ae304d24e,148000000000000141,マフィアの花嫁,https://v-mps.crazymaplestudios.com/images/b112ae70-7678-11f0-a06b-bdb674869ea1.jpg,29,1,1,"妊娠中の未亡人、マフィアの世界に引きずり込まれた。アヴァは亡き夫がマンチーニ家の隠された後継者だとは夢にも思わなかった。ましてや、その冷酷な兄ルカに抗いがたい欲望を覚えることになるとは！冷徹なドンであるルカは誓うが、触れるたびに、禁断の炎が二人を包み込んでいる。これから、敵対組織の襲撃、実家の裏切り、マフィア帝国を揺るがす戦争の危機…ルカはいつまで我慢できる？
彼女を得るため、ルカはあらゆるルールを打ち破ってみせる！",108547,857,46,1,0,6658,200,6hsdr7ju0j,1,マフィア,Mafia
68e866b766f12550a200c755,68e866b766f12550a200c755,142600000000000262,禁断の香り、運命のアルファ,https://v-mps.crazymaplestudios.com/images/df34e8c0-a7f8-11f0-a06b-bdb674869ea1.jpg,29,1,1,魔女と人狼の血を半分ずつ引く少女は、その正体を隠しながら、魔法と牙によって分断された高校で生き残るために奮闘する。その一方で、幼い頃の絆を忘れてしまった運命の相手、次期アルファに抗い、彼を手に入れるためなら手段を選ばない嫉妬深いライバルとの戦いに身を投じていく。,40079,533,46,1,0,7267,296,5555agc334,1,狼男,Werewolf
681d6bae84c2dfa8d00db6a9,681d6bae84c2dfa8d00db6a9,148000000000000060,令嬢の帰還 ～御曹司が私の盾になる～,https://v-mps.crazymaplestudios.com/images/3a144ca0-3093-11f0-b65a-27549cd2a91e.jpg,29,1,1,世界有数の富豪令嬢エヴァ・グリーンは、三年間尽くした夫ダニエル・ロスに結婚記念日に裏切られ、全てを嘲笑される。だが彼女の真の顔は、全てを覆す力を持つ伝説の映画監督Ｖ。屈辱を胸に、同じく富豪のウィリアム・カッツェンバーグと“契約結婚”し、ダニエルと愛人ソフィアへの華麗な復讐を開始する。資産凍結、醜聞の生配信、そして社会的破滅…。壮大な逆転劇の果てに、偽りの関係から始まったエヴァとウィリアムに本物の愛は芽生えるのか？最後に笑うのは誰だ――。,2339118,27979,50,1,0,217015,6749,wqjd6xuxf0,1,身分を隠せ|復讐,Hidden Identity|Revenge
6842611dc38a674ed807b882,6842611dc38a674ed807b882,148000000000000103,契約結婚からはじまる溺愛,https://v-mps.crazymaplestudios.com/images/7bed4f80-4832-11f0-860b-97fc2eb1c6d9.jpg,29,1,1,結婚式を3日後に控えたニコルは、婚約者と親友の裏切りを目撃。傷心のまま飛び込んだバーで、衝動的にキスした相手は…なんと超人気アーティストで大富豪一族の一人息子・ファビアンだった。そのキスがSNSで大バズり。世間と父の圧に押され、2人は“契約結婚”を決意。だけど、偽りの関係のはずが、いつしか嘘では済まない感情が2人をのみこんでいく——裏切り、陰謀、そして愛。この恋の結末を、いかに？,149874,1146,50,1,0,9263,287,n4jnnisqlw,1,一目惚れ,Love at First Sight
68c8c9b106a711d92c0ac161,68c8c9b106a711d92c0ac161,148000000000000251,愛と血,https://v-mps.crazymaplestudios.com/images/139b1200-9918-11f0-a06b-bdb674869ea1.jpg,29,1,1,行方不明の双子の妹ティナを探すソフィアは、冷酷なフォン・ドラク一族が支配する、エリート吸血鬼が集うナイトクラブ「レッド・ベール」にたどり着く。その暗く魅惑的な世界へと深く足を踏み入れるうちに、彼女は恐ろしい予言や禁じられた恋、そしてすべてを破壊するかもしれない超自然的な戦争に遭遇する。,21803,422,50,1,0,6819,288,bovcfuvr5y,1,ダークロマンス,Dark Romance
68fb5bb252e41a76f1000afc,68fb5bb252e41a76f1000afc,148000000000000255,捨てられた私が叔父と結婚した件,https://v-mps.crazymaplestudios.com/images/ca0f5f70-b61c-11f0-b4b4-bd031586a1b7.jpg,29,1,1,名門令嬢が身分を隠して結婚したのに、義母の策略で離婚へ...。復讐を誓った彼女が恋に落ちた相手は、まさかの元夫の叔父！愛と復讐の間で揺れる女心。運命の選択とは？,69263,655,50,1,0,7484,305,jcil6abhu6,1,とぼける,Playing Dumb
6909632973cf7e07280e7350,6909632973cf7e07280e7350,142600000000000272,あなたを忘れる方法,https://v-mps.crazymaplestudios.com/images/003f1480-bbc9-11f0-b4b4-bd031586a1b7.jpg,29,1,1,「もう、あなたを愛した記憶なんていらない」――冷え切った夫との結婚生活に終止符を打つため、妻はすべての記憶を消し去る手術を決意する。手術まで、あと14日。自分が忘れられてしまうと知った時、夫は初めて自分が犯した過ちと、失うものの大きさに気づく。あまりにも遅すぎた後悔。残されたわずかな時間で、彼は妻の愛を取り戻すことができるのか？,95775,957,50,1,0,7095,343,28srms4j2n,1,とぼける,Playing Dumb
69153e08115ae8139708e20f,69153e08115ae8139708e20f,142600000000002202,社長は首輪がお好き,https://v-mps.crazymaplestudios.com/images/c7cb0960-c4f1-11f0-84ad-6b5693b490dc.jpg,29,1,1,深夜、酔ったまま犬の散歩に出たサラ。犬は高級車に飛び乗り、追いかけたサラはドレスがドアに挟まり裸同然に。そのまま車内の男とSM風の一夜を過ごす。男の正体は大企業の若き社長。首輪姿で撮られた写真が世間を騒がせ、社長は火消しのために「婚約者だ」と嘘をつく。唯一の手がかりは首輪に書かれた名前──サラの義妹だった。義妹は自分があの女だと名乗り出る。真実を言えないサラはそのまま沈黙し、義妹の嘘にも気づかない。やがて彼の専属ボディーガードとなったサラと社長の間に愛が芽生えるが、義妹は二人を引き裂こうと陰謀を仕掛ける。愛と嘘が渦巻くスキャンダルの果てに、暴かれる真実とは？そして二人の恋の行方は？,60949,623,50,1,0,7307,269,ylin5gr82z,1,とぼける,Playing Dumb
6916f64f281306f1b3010217,6916f64f281306f1b3010217,142600000000002179,ふたりの秘め事,https://v-mps.crazymaplestudios.com/images/fcd7d870-c4ee-11f0-84ad-6b5693b490dc.jpg,29,1,1,"テッサとアッシャーは初恋同士だったが、アッシャーは家庭の事情で何も言わずに姿を消した。
それから3年後、ふたりは再会する。
しかしテッサは、アッシャーの甥の婚約者になっていた。",34105,473,50,1,0,7804,329,ukz78xwef3,1,とぼける,Playing Dumb
69294fc64d62339cf8050e11,69294fc64d62339cf8050e11,142600000000002400,忘れえぬ人,https://v-mps.crazymaplestudios.com/images/2aaa4610-d1c5-11f0-84ad-6b5693b490dc.jpg,29,1,1,5年前の悲劇が、二人のスターを容赦なく引き裂いた。嘘、裏切り、そして癒えない心の傷。彼は富と名声を手にした野球界のヒーローとなり、彼女は真実を暴くトップジャーナリストとして彼の前に再び現れる。憎しみから始まる再会は、仕組まれた甘い罠か、それとも運命のいたずらか。すべての嘘が暴かれた時、彼らが知る衝撃の真実とは──,48816,615,50,1,0,7837,310,xtvvlpq2of,1,とぼける,Playing Dumb
693a7262736634748a044bc7,693a7262736634748a044bc7,142600000000002533,兄弟以上の何か,https://v-mps.crazymaplestudios.com/images/688ad980-da59-11f0-84ad-6b5693b490dc.jpg,29,1,1,アイドル練習生のキム・イジンは、デビューをかけた公演の最中、麻薬犯を追っていた刑事ソン・ハンギョルが突如として現れ、ステージを台無しにしてしまう。二度と会うことはないと思っていたその男が、実はイジンの義理の兄だと判明する。怒りに燃えたイジンは復讐を誓い、ハンギョルを誘惑し始めるが、次第に彼に惹かれていく。禁断を越えたぎりぎりの義兄弟ロマンス。,34015,691,50,1,0,7891,318,gh17gs7059,1,とぼける,Playing Dumb
68ca163352249411930b307d,68ca163352249411930b307d,148000000000000252,私の甘えん坊大富豪,https://v-mps.crazymaplestudios.com/images/1b7f9500-9a07-11f0-a06b-bdb674869ea1.jpg,29,1,1,彼女は彼をただの魅力的なヒモ男だと思っていた。——ところが、彼は彼女の会社を買収し、彼女の結婚生活を壊し、そして片膝をついた。人生が一変した彼女は、誇りと権力、そして決して彼女を愛することをやめなかった大富豪との間で選択を迫られる。,109255,944,51,1,0,7160,357,66stvhx4gj,1,億万長者,Billionaire
68f84210696c64fd300f74ca,68f84210696c64fd300f74ca,142600000000000267,暗闇の中で抱きしめて,https://v-mps.crazymaplestudios.com/images/b4335530-b0a9-11f0-a06b-bdb674869ea1.jpg,29,1,1,昼は冷酷なCEO、夜は謎めいたマスター。二つの顔を持つクリスチャンと出会った実習生アイラ。秘密が明かされた時、愛と欲望の狭間で彼女はどんな選択をするのか？,81533,799,51,1,0,8443,321,hs1418mfht,1,とぼける,Playing Dumb
69294ff14d62339cf8050e7d,69294ff14d62339cf8050e7d,142600000000002370,アートは愛そのもの,https://v-mps.crazymaplestudios.com/images/79c06f50-d0e8-11f0-84ad-6b5693b490dc.jpg,29,1,1,"ミア・ランドフォード、才能高い貧乏な美大生。平穏だったはずの日常は権力、欲望、裏切りにまみれた世界に巻き込まれていくのである。
授業中に描いてはならないスケッチを描いたことで、ウエスティ・ウィスロ先生の目に留まり、人生がレールから外れていくのである。
野心家の継母は権力と名声のために、ミアの知らないうちに、彼女とダリーズ・ウィスロの婚約を仕込んだのである。
そして運命の夜、薬を盛られたミアはダリーズではなく先生の部屋で目を覚ますのである。過ちは感情的、肉体的、倫理的に絡み合った鎖となり、二人を泥沼へと引きずり込む。
禁断な関係により、ミアはウィスロ家で板挟み状態になった。
いよいよ嫉妬に取りつかれたダリーズはミアを監禁し、彼女の人生を破壊しようとするのである。一方で学校の中でもいじめや仲間の裏切りによりミアはますます耐えられなくなる。
そんな中で、先生のウエスティはミアのただ一人の味方。
禁断な欲望に支配されていた二人の関係はやがて愛欲に変わっていくのである。二人は倫理、さらに社会的ルールに抗う必要がある。
一歩間違えれば、体も名前も未来もすべてなくなる。
ミアは決断しないといけない。
降伏するか、それとも自分のために戦い続けるか。",59373,729,51,1,0,8237,311,z747lh3ylw,1,とぼける,Playing Dumb
68215f512431f38f8b08a98a,68215f512431f38f8b08a98a,148000000000000061,恋した相手は、塩対応ドクター,https://v-mps.crazymaplestudios.com/images/b5a39520-3204-11f0-b65a-27549cd2a91e.jpg,29,1,1,アレルギー検査のため病院を訪れたジェーンは、イケメン医師ダーシーに一目惚れしてしまう。勇気を振り絞って連絡先を尋ねるも、冷たく断られてしまう。しかし諦めないジェーンは、彼の心を射止めるための作戦を練り始める。情熱的なダンサーと冷徹な医師の間に、甘く切ない恋物語が幕を開ける。,2301861,30946,52,1,0,203210,6401,od7i3akd4n,1,一目惚れ,Love at First Sight
689950dc27d53d0ad90f985e,689950dc27d53d0ad90f985e,148000000000000122,見えない母の愛,https://v-mps.crazymaplestudios.com/images/09a940f0-78bb-11f0-a06b-bdb674869ea1.jpg,29,1,1,事故で昏睡状態に陥った大富豪の妻メミの魂は、ナニーによる息子の取り違えを目撃。身動きできないまま7年間、、実の息子ニックが虐待される姿を見続ける。ニックが殺されそうになったその時、メミが奇跡的に覚醒！愛する息子を守るため、壮絶な母の復讐劇が幕を開ける。,42951,519,52,1,0,6327,261,zbhxpbhwxw,1,ファミリー|家族ドラマ,Family|Family Drama
68ca163352249411930b307d,68ca163352249411930b307d,148000000000000252,私の甘えん坊大富豪,https://v-mps.crazymaplestudios.com/images/1b7f9500-9a07-11f0-a06b-bdb674869ea1.jpg,29,1,1,彼女は彼をただの魅力的なヒモ男だと思っていた。——ところが、彼は彼女の会社を買収し、彼女の結婚生活を壊し、そして片膝をついた。人生が一変した彼女は、誇りと権力、そして決して彼女を愛することをやめなかった大富豪との間で選択を迫られる。,109926,946,51,1,0,7160,357,66stvhx4gj,1,億万長者,Billionaire
68f84210696c64fd300f74ca,68f84210696c64fd300f74ca,142600000000000267,暗闇の中で抱きしめて,https://v-mps.crazymaplestudios.com/images/b4335530-b0a9-11f0-a06b-bdb674869ea1.jpg,29,1,1,昼は冷酷なCEO、夜は謎めいたマスター。二つの顔を持つクリスチャンと出会った実習生アイラ。秘密が明かされた時、愛と欲望の狭間で彼女はどんな選択をするのか？,81975,799,51,1,0,8443,321,hs1418mfht,1,とぼける,Playing Dumb
69294ff14d62339cf8050e7d,69294ff14d62339cf8050e7d,142600000000002370,アートは愛そのもの,https://v-mps.crazymaplestudios.com/images/79c06f50-d0e8-11f0-84ad-6b5693b490dc.jpg,29,1,1,"ミア・ランドフォード、才能高い貧乏な美大生。平穏だったはずの日常は権力、欲望、裏切りにまみれた世界に巻き込まれていくのである。
授業中に描いてはならないスケッチを描いたことで、ウエスティ・ウィスロ先生の目に留まり、人生がレールから外れていくのである。
野心家の継母は権力と名声のために、ミアの知らないうちに、彼女とダリーズ・ウィスロの婚約を仕込んだのである。
そして運命の夜、薬を盛られたミアはダリーズではなく先生の部屋で目を覚ますのである。過ちは感情的、肉体的、倫理的に絡み合った鎖となり、二人を泥沼へと引きずり込む。
禁断な関係により、ミアはウィスロ家で板挟み状態になった。
いよいよ嫉妬に取りつかれたダリーズはミアを監禁し、彼女の人生を破壊しようとするのである。一方で学校の中でもいじめや仲間の裏切りによりミアはますます耐えられなくなる。
そんな中で、先生のウエスティはミアのただ一人の味方。
禁断な欲望に支配されていた二人の関係はやがて愛欲に変わっていくのである。二人は倫理、さらに社会的ルールに抗う必要がある。
一歩間違えれば、体も名前も未来もすべてなくなる。
ミアは決断しないといけない。
降伏するか、それとも自分のために戦い続けるか。",60004,733,51,1,0,8237,311,z747lh3ylw,1,とぼける,Playing Dumb
68215f512431f38f8b08a98a,68215f512431f38f8b08a98a,148000000000000061,恋した相手は、塩対応ドクター,https://v-mps.crazymaplestudios.com/images/b5a39520-3204-11f0-b65a-27549cd2a91e.jpg,29,1,1,アレルギー検査のため病院を訪れたジェーンは、イケメン医師ダーシーに一目惚れしてしまう。勇気を振り絞って連絡先を尋ねるも、冷たく断られてしまう。しかし諦めないジェーンは、彼の心を射止めるための作戦を練り始める。情熱的なダンサーと冷徹な医師の間に、甘く切ない恋物語が幕を開ける。,2302008,30946,52,1,0,203210,6401,od7i3akd4n,1,一目惚れ,Love at First Sight
689950dc27d53d0ad90f985e,689950dc27d53d0ad90f985e,148000000000000122,見えない母の愛,https://v-mps.crazymaplestudios.com/images/09a940f0-78bb-11f0-a06b-bdb674869ea1.jpg,29,1,1,事故で昏睡状態に陥った大富豪の妻メミの魂は、ナニーによる息子の取り違えを目撃。身動きできないまま7年間、、実の息子ニックが虐待される姿を見続ける。ニックが殺されそうになったその時、メミが奇跡的に覚醒！愛する息子を守るため、壮絶な母の復讐劇が幕を開ける。,42966,519,52,1,0,6327,261,zbhxpbhwxw,1,ファミリー|家族ドラマ,Family|Family Drama
68d205a2675684bb770ddc34,68d205a2675684bb770ddc34,142600000000000257,コート越しの禁断愛,https://v-mps.crazymaplestudios.com/images/6c2d95b0-9c32-11f0-a06b-bdb674869ea1.jpg,29,1,1,ジェニー・テイラーは、犬猿の仲である義兄のクリス・リギンズに処女を捧げることを夢見ていた。しかし、その翌日ひょんなことから彼とキスをしてしまった結果、クリスの彼女ナタリーやバレーボール部の仲間たちから公然と辱めを受けることに。ところが、そんなジェニーをクリスはなぜかかばい続け、突然優しく思いやりのある態度を見せ始める。これはまさか、禁断の関係の始まりなのだろうか？,67467,817,52,1,0,7172,333,5v0kx12jye,1,とぼける,Playing Dumb
684a3c786f838d776e0184d6,684a3c786f838d776e0184d6,148000000000000107,マフィア様と恋の取り引き,https://v-mps.crazymaplestudios.com/images/d3954f30-4cd8-11f0-860b-97fc2eb1c6d9.jpg,29,1,1,"救急看護師のテッサは、ある夜、瀕死の男を救った。それが、冷酷で魅惑的なヤクザのボス・ビクターだったとは知らずに。
命の恩人であるはずの彼に執拗に狙われ、逃げ場を失うテッサ。追い詰められた彼女に、さらなる悲劇が襲う。最愛の弟が重病に倒れ、莫大な治療費が彼女を絶望の淵へと突き落とした。
そんな中、ビクターは冷たい目を細めて言い放つ。
「俺の女になれ。そうすれば、弟を助けてやる」

強引な結婚契約。危険な彼の世界。拒絶しながらも、その庇護と優しさに心が揺れる。そしてついに、5年前の雨の夜に彼女を救った“あの男”が彼だったと知ったとき——憎しみと愛の境界線は激しく崩れ落ちていった…。",382138,7856,53,1,0,193125,6624,exu52wwyev,1,マフィア,Mafia
68ae5c081cf5c651c606b825,68ae5c081cf5c651c606b825,148000000000000175,裏切られた母は神の継承者,https://v-mps.crazymaplestudios.com/images/d1303110-87a7-11f0-a06b-bdb674869ea1.jpg,29,1,1,"レナ — 女神アテナの神聖な血脈を受け継ぐ者。
慈愛に満ちた優しい母のような存在で、情に厚い。しかしその温もりの奥には揺るぎない最高司令官としての威厳を秘めている。かつて伝説の「イージス騎士団」の最高司令官であった彼女は、25年前の大火事で地位を失い、命を懸けて救い出した7人の赤子を自らの子として育て上げた。
数十年もの間、レナはその正体を隠し続けてきた。しかし、50歳の誕生日を迎えた日、彼女がすべてを捧げて守ってきた息子たちは、生みの親に騙され、彼女を「誘拐犯」と呼び対立した。裏切りと絶望の中で、レナの封じられていた力がついに目覚める。
隠すことをやめた彼女は、真実を世に示し、支配権を取り戻し、かつて自らが「恐れられし指導者」であり、運命づけられた存在であったことを息子たちに思い知らせる。",34548,473,53,1,0,7450,320,0jzvyg87t3,1,身分を隠せ,Hidden Identity
68ef05eedddfe4ce0705241a,68ef05eedddfe4ce0705241a,142600000000000352,私のボディガード氷山みたい,https://v-mps.crazymaplestudios.com/images/0eeb1730-ae50-11f0-a06b-bdb674869ea1.jpg,29,1,1,彼女の人生は、フィアンセと実の弟に裏切られるまでは、おとぎ話のように幸せだった。命を狙われることで、最後の幻想も打ち砕かれた彼女は唯一信用できる男、新たなボディーガードのデレクと行動を共にすることにした。彼は冷たくて不愛想で、苛立つほどプロの矜持を守ろうとしていた。しかし、目が合った瞬間、彼女が彼の瞳にこぼれてしまった。これまで関わる者全てに裏切られてきた彼女は、守ると誓ったこの男を、本当に信じることはできるのか？,46431,523,53,1,0,8137,288,na1g17zfm5,1,禁じられた,Forbidden
692e80a3b8d04c59220316fc,692e80a3b8d04c59220316fc,142600000000002246,マフィアボスの支配は恋のはじまり,https://v-mps.crazymaplestudios.com/images/2cbaf700-d4cd-11f0-84ad-6b5693b490dc.jpg,29,1,1,母親の治療費が必要な法科学生のリリーは、若きマフィアのエリックに身体を差し出す契約を結ぶ。彼はお金と安全を与え、冷酷だけど魅力的。やがて彼女は、エリックの宿敵で正義の象徴とされる検事ダニエルと出会う。優しくて誠実な彼に癒やされる一方、過度な完璧さに不気味さも感じ始める。支配する悪魔と献身的な天使の狭間で母親の最期が迫る中、リリーはどちらを信じるべきか判断を迫られる。,38203,495,53,1,0,7995,259,3ot6x1x3xl,1,マフィア,Mafia
680eee5633811101e60d445e,680eee5633811101e60d445e,148000000000000059,戦地の再会 ― 忘れられない初恋は王太子だった―,https://v-mps.crazymaplestudios.com/images/cbebba70-2a4c-11f0-93de-cb0b88a6d7a9.jpg,29,1,1,愛を守るために嘘をついた彼女と、すべてを失った彼。五年ぶりに再会したその戦地で、冷たくなった彼の瞳は「王子」としての顔をしていた。そして彼女には、彼には知られてはならない秘密がある──。愛と義務が交差する戦場で、止まっていた運命が、再び動き出す。,2568468,36467,54,1,0,212230,10378,e0nmvp2jgf,1,二度目のチャンス|女性向けのドラマ|再会|コンテンポラリー|運命の恋人|お涙ちょうだい|元帥/将軍|ストロングウィル,Second Chance|Female|Reunion|Contemporary|Fated Lovers|Tear-Jerker|Marshal/General|Strong-Willed
686f5b53102c71bc0705f724,686f5b53102c71bc0705f724,148000000000000121,一匹狼のアルファに求められて,https://v-mps.crazymaplestudios.com/images/5981a4c0-6211-11f0-a06b-bdb674869ea1.jpg,29,1,1,本能的な衝動に突き動かされ、ならず者の狼が集う群れのアルファであるザビエルは、運命の伴侶の出現を予感する。この深い繋がりを辿った彼は、オメガのイスラ博士を見つける。優しさと強さを併せ持つ彼女の独特な魅力に魅了されたザビエルは、彼女を手に入れようと決意する。しかしイスラは、彼女の運命の相手は別の男だと信じている。ザビエルはイスラを執拗に追いかけ、二人の間で激しいライバル心が芽生える。最初は警戒してザビエルの真意を誤解していたイスラだが、次第にアルファの外見の下に隠された複雑な一面を理解する。そして二人の旅は、激しく情熱的な恋へと展開していく。しかし、芽生えつつある二人の絆は、裏切りに満ちた群れの派閥争いや、迫りくる外部の脅威と言った数々の試練に直面する。最後には共に危機を乗り越え、揺るぎない決意であらゆる障害を克服し、二人の愛は永遠の絆へと結実する。,55969,557,54,1,0,7106,217,sj8jeh4i4s,1,狼男,Werewolf
68355590f538b4343a071e3c,68355590f538b4343a071e3c,148000000000000097,冷酷マフィアと拾われた私,https://v-mps.crazymaplestudios.com/images/0917c330-3c5e-11f0-b65a-27549cd2a91e.jpg,29,1,1,父の死をきっかけに、ヴィヴィアンは継母のキャサリンと義姉のオリヴィアに見捨てられ、誘拐されて人身売買の闇へと落ちる。絶望の中、彼女を救い出したのは、マフィアの頂点に立つ男――ダミアン・ルッソだった。彼の屋敷で暮らしながら、次第にヴィヴィアンの心には彼への想いが芽生えていく。立場の違いに戸惑いながらも、ダミアンもまた揺れる感情を抑えきれずにいた。しかし、突如明かされたのは、ダミアンとオリヴィアの政略結婚。崩れ始める信頼、複雑に絡み合う愛。ふたりの想いは、運命の渦に巻き込まれていく。,5529633,51762,55,1,0,227524,10989,2cu4298udn,1,マフィア,Mafia
68ca164f1c6bd5ac690d6e2a,68ca164f1c6bd5ac690d6e2a,148000000000000256,スーパーママを侮るな！,https://v-mps.crazymaplestudios.com/images/4a4c0fc0-9a08-11f0-a06b-bdb674869ea1.jpg,29,1,1,外部の騒乱を鎮圧した後、ヴァロリア共和国最強の戦士ゾーイ・ミラーは故郷へ帰還する。しかしそこで、実の娘ミアが親戚のデイヴィッド一家に虐待されていることを知る。激しい怒りに駆られたゾーイは宴の席で虐殺を敢行し、自分が伝説の国防長官であることをうっかり明かしてしまう。その後、養子のジェイコブが敵のスパイであるロバートにすでに裏切られていた事実を知る。さらに驚くべきことに、ミアの父であるルイス大統領もまた、権力の渦に深く関わっていた。瀕死の重傷を負ったミアを前に、ゾーイは娘を守り抜くことができるのか？,71941,617,55,1,0,7091,270,b54e41m5ws,1,身分を隠せ,Hidden Identity
690c741476dd52442309a52a,690c741476dd52442309a52a,142600000000002207,白石家,https://v-mps.crazymaplestudios.com/images/50e92a80-bbb8-11f0-b4b4-bd031586a1b7.jpg,29,1,1,女主人公白石美咲は、外見は弱々しく、実際は内心が複雑で、家族の中で唯一「普通に見える」人間だが、長期間同級生の佐藤莉子、田中美希子、高橋陽葵らから残酷ないじめを受けている。彼女の父親白石正雄は連続殺人犯、母親白石雅子は毒物学に精通し、兄白石健一は妹に対して病的な独占欲を持っており、家族全員が極端な反社会的人格を隠している。,2894286,41940,55,1,0,7769,371,vx2eaj5lbc,1,サスペンス|復讐|ヤングアダルト|友情,Suspense|Revenge|Young Adult|Friendship
6916f6739b9ade6f6d0a052f,6916f6739b9ade6f6d0a052f,142600000000002183,愛しい将校は私の義父,https://v-mps.crazymaplestudios.com/images/596d79a0-c4ef-11f0-84ad-6b5693b490dc.jpg,29,1,1,純真無垢で世間知らずだが心優しいアメリカ人女性、アンバー。失踪した夫を探してロシアにたどり着くが、彼は悪名高きプレイボーイだった。見知らぬ土地で右も左もわからず危険にさらされた彼女は、ロシア人の将校に救われる。最初は恐怖を覚えたアンバーだったが、その気持ちは敬意と愛情に変わっていく。しかし、あろうことか、恋に落ちたロシア人の将校は裏切り者の元夫の父親だった。禁断の恋は実を結ぶのだろうか？,45151,482,55,1,0,6962,256,5dzy74qu7b,1,とぼける,Playing Dumb
6854cfe9ac78467b7f0a3c26,6854cfe9ac78467b7f0a3c26,148000000000000108,目覚めよ、私の初恋,https://v-mps.crazymaplestudios.com/images/13e3c050-5236-11f0-860b-97fc2eb1c6d9.jpg,29,1,1,サソリ組を率いる冷酷な女組長・キャシーは仕組まれた交通事故で昏睡状態に陥った。彼女が目を覚ますと、組の幹部たちは後継者確保を口実に、モナコの王子・アレクサンダーを精子提供者として屋敷に迎え入れる。最初は犬猿の仲だった二人だが、次第に心を通わせ始める。しかし、お互いまだ気づいていない。アレクサンダーこそ、キャシーが幼い頃に生き別れた初恋の相手だったということを——。,66602,747,56,1,0,8862,362,vxyyptq1z5,1,運命の恋人,Fated Lovers
68a808dbc2f55621190f93dc,68a808dbc2f55621190f93dc,148000000000000171,ビースト育成計画,https://v-mps.crazymaplestudios.com/images/5c833bd0-8259-11f0-a06b-bdb674869ea1.jpg,29,1,1,イライザは両親を殺したヴィンセントの証拠を掴むため、ヴィンセントの父からの誘いを受けてエバートロンAIの社長に就任する。ところがヴィンセントの父から条件を課される。それは野獣のように荒々しい息子ライダーを 一人前の後継者に育て上げること。イライザはライダーを手に負えない存在だと感じ、互いに激しくぶつかり合う日々を送る。しかし共に過ごすうちに、ライダーはイライザに恋をし、イライザもまた彼に心を動かされていく。 だがヴィンセントの罪を追い続けるため、イライザはライダーを突き放さざるを得なかった。曖昧さと緊張感に満ちた二人の関係は…。,37320,530,56,1,0,6946,336,v0rreei9dc,1,中毒性がある恋愛,Toxic Love
68b501f8a52cb9b99204dc28,68b501f8a52cb9b99204dc28,148000000000000176,白い痕,https://v-mps.crazymaplestudios.com/images/069dad20-88aa-11f0-a06b-bdb674869ea1.jpg,29,1,1,"アメリカの核医学者、チャーリー・クレアは家族のためにキャリアを捨てました。しかし、妻と娘は彼のライバルであったアイザックを選び、彼は見捨てられてしまった。
家族に理解されず傷ついたけど、チャーリーは娘の難病（神経と皮膚に現れる先天性のあざ）を治すために、自身が設計した究極の医療プロジェクト「ユニコーン計画」に身を捧げると決意した。
しかし、そんな父の必死の思いも知らず、妻と娘はチャーリーとの溝を深めるばかり。再会した時には、すれ違いは決定的なものになり、彼女たちはついには、チャーリーが遺したすべてのものを自らの手で壊してしまう。",44276,481,56,1,0,7334,260,8vyveb2b95,1,家族ドラマ,Family Drama
680eeec17f3e73afa002fdfe,680eeec17f3e73afa002fdfe,148000000000000055,40歳、もう一度恋をしてもいいですか？,https://v-mps.crazymaplestudios.com/images/0f8fe380-2a4a-11f0-93de-cb0b88a6d7a9.jpg,29,1,1,20年前に姿を消した元カレと、まさかのスピード再婚！？清掃員エミリーは、病気の娘セレーナを抱えながら必死に働くシングルマザー。そんな彼女の前に現れたのは、事故で顔も記憶も変わった“彼”。ふたりはお互いの正体に気づかぬまま、再び恋に落ちていく。でも、待ち受けるのは職場の嫌がらせ、元夫の脅迫、そして衝撃のDNA結果！？過去を消した女と、記憶を失くした男。運命の再会、隠された真実、試される二人の絆…。40代ふたりの“大人の再恋”、果たして幸せは取り戻せるのか？,834523,13287,58,1,0,211621,8232,yuo4lg4zvu,1,女性向けのドラマ|二度目のチャンス|コンテンポラリー|運命の恋人|人違い|お涙ちょうだい|インディペンデント・ウーマン|ストロングウィル,Female|Second Chance|Contemporary|Fated Lovers|Mistaken Identity|Tear-Jerker|Independent Woman|Strong-Willed
6823f95d237444ee9a04f096,6823f95d237444ee9a04f096,148000000000000064,危険な上司に溺れて,https://v-mps.crazymaplestudios.com/images/20f34b90-351b-11f0-b65a-27549cd2a91e.jpg,29,1,1,クララは母の医療費のために困窮し、仕方なくバーでの酒の席に付き合わされていた。そこに現れたのは、権力を握るエリオット。彼はクララを救い出し、自らの世界へと迎え入れる。複雑な職場環境と交錯する感情の中で、二人は少しずつ惹かれ合っていく。しかし、エリザベスは何度もクララを陥れ、エリオットから追い出そうと画策する。エリオットの支えを受けながら、クララは次第に本当の自分を見つけ、人生に立ち向かう勇気を手にしていく。,2066825,32715,58,1,0,221961,9855,79yyjki46z,1,一目惚れ,Love at First Sight
6826bc2b30dd59e4ed0abae4,6826bc2b30dd59e4ed0abae4,148000000000000096,ハードブレイカー法律事務所,https://v-mps.crazymaplestudios.com/images/47f28590-3b64-11f0-b65a-27549cd2a91e.jpg,29,1,1,"エンタメ業界を牛耳る法律事務所「ハギョル」の代表弁護士ソ・ジウには、契約書から条項を“削除”できる秘密の能力があった。
だがその能力には“色気が漏れ出す”という強烈な副作用があり、所内は男性オンリー。
そんな禁断の職場に男装して潜入したのは、写真のようにすべてを記憶できる特殊記憶能力を持つ新人キム・アリ。
記憶すべてを抱える女 vs 記憶を消す男——
契約と嘘とトキメキが交錯する、最強すぎるローファンタジーロマンス！",91172,878,58,1,0,8056,244,e15sqxu74t,1,転生,Rebirth
688c59c332dd0951d903d92e,688c59c332dd0951d903d92e,148000000000000138,がんじがらめの1年,https://v-mps.crazymaplestudios.com/images/63a29d80-7678-11f0-a06b-bdb674869ea1.jpg,29,1,1,"アンナの夫は、危険なマフィアのボス、ジェレミーから莫大な借金を負い、アンナはその代償となった。そう文字通り、一年間、彼の所有物となったのだ。
彼女は悪名高い裏社会のボスから、非情な扱いを覚悟していたものの、予期せぬ発見をする。それは、冷たい仮面の下に隠された、傷ついた一人の男の姿だった。
浮気性の夫は金のためにジェレミーを誘惑しろと言い、支配的なジェレミーの父親は存在を消そうと画策してくる。嘘と忠誠心の間で引き裂かれる中、アンナは気づき始める。自分を所有するこの男こそが、唯一、本当の自分を見てくれる存在なのかもしれないと。
時に、あなたを縛る鎖は、自由への唯一の鍵となる。",56492,553,59,1,0,6558,327,cr4vxrl1id,1,ダークロマンス,Dark Romance
67fe1a5b6d090f3e3a08a298,67fe1a5b6d090f3e3a08a298,148000000000000052,離婚後、人生はもっと輝いた,https://v-mps.crazymaplestudios.com/images/41b372b0-1e7d-11f0-a650-71056cbfe3ac.jpg,29,1,1,才能あるデザイナーとして活躍していたミアは、タイラーとの恋愛結婚で主婦の道を選んだが、突然離婚を宣告され、結婚生活は三年で終わりを迎えた。タイラーの冷淡さに愛情への期待を失ったミアは、かつてのキャリアを取り戻そうと仕事に復帰する。だが、仕事への情熱はミアを再び輝かせ、自分の本心に気づいたタイラーとの愛を再燃させるのだった…,7303448,92059,60,1,0,197783,6289,ibcobd7c05,1,復讐|女性向けのドラマ|二度目のチャンス|コンテンポラリー|離婚後の愛|億万長者|ストロングウィル|お涙ちょうだい,Revenge|Female|Second Chance|Contemporary|Love After Divorce|Billionaire|Strong-Willed|Tear-Jerker
6899506b0b4d2347da0f9136,6899506b0b4d2347da0f9136,148000000000000139,女が起こした戦争,https://v-mps.crazymaplestudios.com/images/0a27c720-78b8-11f0-a06b-bdb674869ea1.jpg,29,1,1,恋人からのプロポーズを渋々受け入れた看護師のシンシアは、その場でマフィアの抗争に巻き込まれるが、冷酷で恐れられるマフィアのドン、アラン・ディアンジェロに救われる。シンシアを自分のフィアンセだと嘘をついて助けたアランだったが、その嘘が戦争の火種となってしまう。身の安全のためだとフィアンセ役を強制するアランに、最初は反発していたシンシア。しかし、恋人には感じなかった熱い感情が次第に芽生え始め、小さな嘘から始まった偽りの恋が命がけの愛へと変わった。アランのついた嘘は、シンシアの命を救い、また危険にさらし、そして彼女の人生を大きく変えていく。,150005,1254,60,1,0,6016,280,xhjmxwa9gx,1,ダークロマンス,Dark Romance
68b5021ea3655877890d96df,68b5021ea3655877890d96df,148000000000000173,契約恋愛,https://v-mps.crazymaplestudios.com/images/742c85c0-88ad-11f0-a06b-bdb674869ea1.jpg,29,1,1,弁護士のジェニファー・サリバンは、妹を救うため、アイザック・マークスのスパイとなる。愛憎と陰謀が渦巻く中、彼女は次第に放火事件の真相を解き明かしていく。ジェニファーは過去を乗り越え、新たな一歩を踏み出すことができるのか。,37489,511,60,1,0,6768,282,i120qm68wd,1,身分を隠せ,Hidden Identity
68d23a351ae37515ac014d33,68d23a351ae37515ac014d33,142600000000000261,お団子屋さん始めました,https://v-mps.crazymaplestudios.com/images/1591b4d0-99bb-11f0-a06b-bdb674869ea1.jpg,29,1,1,"日本最大のお菓子メーカー『高柳製菓』の令嬢・高柳さくらは、男性アイドル・りっくんに夢中し、推し活のためお団子屋で働き始めたが、バイトリーダー・前田美花に目を付けられ嫌がらせを受けつつも、持ち前の機転と明るさで乗り越えていく。しかし、美花の嫉妬と苛立ちは次第にエスカレートし、ついに大ピンチに―。そんな窮地に現れたのは、なんと憧れのりっくん!?さらに、『さくら茶屋』ではりっくんに瓜二つのお団子職人・清水律と出会い…
推しへの愛と不屈の精神で突き進むさくら。推しのそっくりさん(!?)律と共に数々のピンチに立ち向かい、お団子ライフを邁進していくー！痛快！サクセスラブコメディー！",499430,4389,60,1,0,7463,326,whbiotztdv,1,とぼける,Playing Dumb
690031180a49fd71250240d1,690031180a49fd71250240d1,142600000000000268,元妻はマフィアのお嬢様,https://v-mps.crazymaplestudios.com/images/9c203210-b62b-11f0-b4b4-bd031586a1b7.jpg,29,1,1,"ヴェラとルーカスは共に大火を潜り抜けたことで、心を寄せ合った。しかし記憶を失ったルーカスは、契約結婚した妻が、探し求めている思い人であることに気づかず、彼女に別れを告げた。ヴェラは死の淵へ追いやられるが、マフィアのボス・ヴィクターに救われ、彼の実の妹であることが判明された。記憶を失った彼女はマフィアの姫様として新たな人生を歩み始めた。

一方、ルーカスは自ら手放した宝石を取り戻すため、ツンデレな態度を崩さぬまま彼女を追い続けた。富豪の執着、二重人格の恋敵、偽善者の罠など幾多の困難を乗り越え、二人はようやく結ばれた。",67371,668,60,1,0,8471,354,hpqckpf19x,1,とぼける,Playing Dumb
69141f7cd52acef202077d76,69141f7cd52acef202077d76,142600000000000390,泥沼に咲いた、欲望の花,https://v-mps.crazymaplestudios.com/images/24118720-c6c9-11f0-84ad-6b5693b490dc.jpg,29,1,1,神谷楓はかつて輝かしい弁護士でしたが、名声と利益を追い求める中で人生の谷に落ち、両親を殺され、妹が重傷を負いた。その時、神谷楓は橘颯人に選ばれ、橘奏汰のアシスタントとしてスパイ活動を行っているが、過程中に奏汰の優しさに心を打たれた。颯人が彼女に橘奏汰を誘惑してよう命じたが、神谷楓はジレンマに陥る...,71526,1033,60,1,0,7911,369,sdhi2ln4kt,1,とぼける,Playing Dumb
6923c5edc520fc7b9908154c,6923c5edc520fc7b9908154c,142600000000002248,遅すぎた愛：流産から15日後,https://v-mps.crazymaplestudios.com/images/945ab130-cf45-11f0-84ad-6b5693b490dc.jpg,29,1,1,誰もが羨む、富と名声を手にした完璧な夫婦、アイリスとベンジャミン。彼はかつて腎臓さえ捧げ、永遠の愛を誓った。だが結婚3年目、その愛は偽りへと変わる。夫は公然と愛人との情事に溺れ、妻の心を踏みにじった。すべてに絶望したアイリスは、離婚と失踪に向けた「15日間のカウントダウン」を静かに開始する。しかし、夫の虚しい嘘と愛人の傲慢な挑発が、彼女の最後の希望を奪う──お腹の子の命と共に。身も心も砕け散った彼女は、たった一人で姿を消した。妻を失って初めて、犯した罪の重さに気づくベンジャミン。そこから彼の壮絶な「贖罪」が始まる。全世界に報奨金をかけ彼女を探し、邪魔な愛人を捨て、キャリアと名声を失い、彼女のために刃さえ受けた。だが、跪き、血を流しても、凍てついたアイリスの心は決して溶けることはない。幸せな第二の人生を歩む彼女を、ただ後悔と孤独の中で見つめることしかできない彼が悟った真実──「遅すぎた愛は、塵ほどの価値もない」ということを。,56625,591,60,1,0,7727,352,otfwdwn6p5,1,とぼける,Playing Dumb
69312c99f4595c76860d8941,69312c99f4595c76860d8941,142600000000002404,冷徹弁護士と危険な愛の契約,https://v-mps.crazymaplestudios.com/images/667c9880-d5af-11f0-84ad-6b5693b490dc.jpg,29,1,1,物語は、元カレの策略で養父に無実の罪を着せられたレイラニの姿を追う。絶体絶命の彼女が助けを求めたのは、最も信頼できない男――冷徹にして無敗の弁護士、ディエゴ・マローン。あろうことか彼は、敵である元カレの未来の義兄だった。危険な取引と偽りの関係から始まった二人の運命は、やがて権力争いと秘密、そして抗いがたい愛の渦へと狂い出していく。互いを利用し合いながら戦う中で、一つの疑問が彼女の胸を去来する。 ディエゴは単なる弁護士なのか？ それとも、彼女の心を奪う最も危険な男なのか。,62273,713,60,1,0,8154,335,xgb8wd0gmc,1,とぼける,Playing Dumb
6729ace1c9b327291c06037d,6729ace1c9b327291c06037d,148000000000000029,離婚して私と遊ばない？,https://v-mps.crazymaplestudios.com/images/a23bf280-9b63-11ef-a2d6-41216ff1602c.jpg,29,1,1,財閥2世のウヨンは父親の会社にインターンとして入社し、優れた外見と能力を持ちながらも冷酷で有名な上司・ジェファンと共に働くことになる。しかし、なんとジェファンの妻が、かつてウヨンをいじめていた加害者のジスだった…。ウヨンはジスへの復讐を誓い、ジェファンを自分の男にすることを決意する。,239239,1505,61,1,0,24633,344,xmgkehcmsu,1,女性向けのドラマ|悪女ヒロイン|コンテンポラリー|復讐|オフィスラブ|身分を隠せ|相続人/社会人|ストロングウィル,Female|Strong Heroine|Contemporary|Revenge|Office Romance|Hidden Identity|Heiress/Socialite|Strong-Willed
688b447a677b84ce93093e0d,688b447a677b84ce93093e0d,148000000000000137,大統領の息子の落とし方,https://v-mps.crazymaplestudios.com/images/6f322600-71a7-11f0-a06b-bdb674869ea1.jpg,29,1,1,"大統領の息子と清掃員—身分違いの二人が織りなす、愛と欲望の政治ドラマ。
一度のキスから始まった偽装結婚。彼は選挙のイメージアップのため、彼女は弟を助けるため。利害が一致した契約結婚のはずが、共に過ごす時間が二人の心を変えていく。
権力争い、家族の裏切り、そして隠された真実。政治の世界で翻弄されながらも、二人は本当の愛を見つけることができるのか？偽りから始まった恋が、やがて運命となる感動のラブストーリー。",43932,382,61,1,0,6645,203,b04l3aw0bd,1,禁じられた,Forbidden
68901bc62f7ebf2f4a05b38e,68901bc62f7ebf2f4a05b38e,148000000000000169,離婚後、私は輝く,https://v-mps.crazymaplestudios.com/images/6d877470-7271-11f0-a06b-bdb674869ea1.jpg,29,1,1,渡辺千晴は大富豪の娘で、命の恩人である遠藤朝陽に恩返しするため、身分を隠し、彼と結婚して密かに仕事を支えてきた。しかし結婚3年間、朝陽は千晴をずっと誤解し、彼女を酷い扱いをし、母親による千晴への虐待も見て見ぬふりをしていた。そして、結婚記念日に、朝陽が元恋人・山田美咲と一緒に妊婦健診に付き添ったことを目撃して、ついに諦めた千晴は離婚を決意し、実家に戻り、お嬢様に返り咲いた。千晴を失って初めて、彼女の良さに気づき、取り戻そうとする朝陽だったが、それを快く思わない美咲は何度も千晴を陥れよう罠をかけたが、義兄である斎藤雅人の助けで千晴は美咲の悪行を暴き、報いを受けさせた。雅人は長年密かに想いを寄せており、ようやく勇気を出して千晴に告白した、一方、真相を知った元夫、朝陽も復縁を迫ってきたが、果たして千晴は誰を選ぶか？,1379226,10814,61,1,0,5811,286,dubvggdolr,1,身分を隠せ,Hidden Identity
68fb5b67bf28974a1f03e4b7,68fb5b67bf28974a1f03e4b7,142600000000000270,天才の帰還,https://v-mps.crazymaplestudios.com/images/bb1c4220-b622-11f0-b4b4-bd031586a1b7.jpg,29,1,1,名門セリヴィス家に引き取られた数学の天才、エイダ。しかし、そこで彼女を待っていたのは、家族からの冷遇と、腹黒い義姉が仕掛けた巧妙な罠だった。一族は彼女をただの駒と侮っていたが…彼らは敵に回してはいけない人間を、怒らせてしまった。,90033,766,61,1,0,7710,367,7girq336wi,1,とぼける,Playing Dumb
691541495591cf8b900975f4,691541495591cf8b900975f4,142600000000002205,愛娘とセレブ妻、そして硝煙の香り,https://v-mps.crazymaplestudios.com/images/66112480-c4f0-11f0-84ad-6b5693b490dc.jpg,29,1,1,"その正体は、大統領直々に国家勲章を授与された伝説のシークレットエージェント、ピーター・ロジャース。
静かな引退生活を送っていた彼は、愛娘との食事中、美しき女性CEOのシドニーに婚活相手と勘違いされ、まさかの電撃結婚をすることに。
しかし、彼の輝かしい過去を知らない元カノや同級生たちは、彼のことを「甲斐性のない男」と見下し、執拗に嘲笑う。
それを知った妻シドニーは、パーティーの席でピーターが自分の夫であると高らかに宣言する。
彼女の言葉が、全ての人間関係を覆す引き金となる──。",257345,7175,61,1,0,228293,7009,2ezioyla8i,1,とぼける,Playing Dumb
688b447a677b84ce93093e0d,688b447a677b84ce93093e0d,148000000000000137,大統領の息子の落とし方,https://v-mps.crazymaplestudios.com/images/6f322600-71a7-11f0-a06b-bdb674869ea1.jpg,29,1,1,"大統領の息子と清掃員—身分違いの二人が織りなす、愛と欲望の政治ドラマ。
一度のキスから始まった偽装結婚。彼は選挙のイメージアップのため、彼女は弟を助けるため。利害が一致した契約結婚のはずが、共に過ごす時間が二人の心を変えていく。
権力争い、家族の裏切り、そして隠された真実。政治の世界で翻弄されながらも、二人は本当の愛を見つけることができるのか？偽りから始まった恋が、やがて運命となる感動のラブストーリー。",43973,382,61,1,0,6645,203,b04l3aw0bd,1,禁じられた,Forbidden
68901bc62f7ebf2f4a05b38e,68901bc62f7ebf2f4a05b38e,148000000000000169,離婚後、私は輝く,https://v-mps.crazymaplestudios.com/images/6d877470-7271-11f0-a06b-bdb674869ea1.jpg,29,1,1,渡辺千晴は大富豪の娘で、命の恩人である遠藤朝陽に恩返しするため、身分を隠し、彼と結婚して密かに仕事を支えてきた。しかし結婚3年間、朝陽は千晴をずっと誤解し、彼女を酷い扱いをし、母親による千晴への虐待も見て見ぬふりをしていた。そして、結婚記念日に、朝陽が元恋人・山田美咲と一緒に妊婦健診に付き添ったことを目撃して、ついに諦めた千晴は離婚を決意し、実家に戻り、お嬢様に返り咲いた。千晴を失って初めて、彼女の良さに気づき、取り戻そうとする朝陽だったが、それを快く思わない美咲は何度も千晴を陥れよう罠をかけたが、義兄である斎藤雅人の助けで千晴は美咲の悪行を暴き、報いを受けさせた。雅人は長年密かに想いを寄せており、ようやく勇気を出して千晴に告白した、一方、真相を知った元夫、朝陽も復縁を迫ってきたが、果たして千晴は誰を選ぶか？,1380072,10819,61,1,0,5811,286,dubvggdolr,1,身分を隠せ,Hidden Identity
68fb5b67bf28974a1f03e4b7,68fb5b67bf28974a1f03e4b7,142600000000000270,天才の帰還,https://v-mps.crazymaplestudios.com/images/bb1c4220-b622-11f0-b4b4-bd031586a1b7.jpg,29,1,1,名門セリヴィス家に引き取られた数学の天才、エイダ。しかし、そこで彼女を待っていたのは、家族からの冷遇と、腹黒い義姉が仕掛けた巧妙な罠だった。一族は彼女をただの駒と侮っていたが…彼らは敵に回してはいけない人間を、怒らせてしまった。,90090,766,61,1,0,7710,367,7girq336wi,1,とぼける,Playing Dumb
691541495591cf8b900975f4,691541495591cf8b900975f4,142600000000002205,愛娘とセレブ妻、そして硝煙の香り,https://v-mps.crazymaplestudios.com/images/66112480-c4f0-11f0-84ad-6b5693b490dc.jpg,29,1,1,"その正体は、大統領直々に国家勲章を授与された伝説のシークレットエージェント、ピーター・ロジャース。
静かな引退生活を送っていた彼は、愛娘との食事中、美しき女性CEOのシドニーに婚活相手と勘違いされ、まさかの電撃結婚をすることに。
しかし、彼の輝かしい過去を知らない元カノや同級生たちは、彼のことを「甲斐性のない男」と見下し、執拗に嘲笑う。
それを知った妻シドニーは、パーティーの席でピーターが自分の夫であると高らかに宣言する。
彼女の言葉が、全ての人間関係を覆す引き金となる──。",257411,7175,61,1,0,228293,7009,2ezioyla8i,1,とぼける,Playing Dumb
6826bc540ecaab5c6b0492da,6826bc540ecaab5c6b0492da,148000000000000095,幽霊も洗濯できますか？,https://v-mps.crazymaplestudios.com/images/89dedae0-351e-11f0-b65a-27549cd2a91e.jpg,29,1,1,"どんな幽霊でも成仏させてきたチョン・セジョン。
彼女が営むクリーニング店は、深夜になると幽霊専用の“成仏準備所”に変わる。
ある日、何をしても成仏できない幽霊・マ・ドジュンが現れた。
生前の記憶を失った彼に最適な“服”を探す中で、セジョンの平穏な日々が変わっていく。
人と幽霊、触れられない距離で育つ想い。そして忍び寄る悪鬼の影——
“消えてしまうその前に、伝えたい気持ちがある。”",134714,1765,62,1,0,8418,407,8b186pzwng,1,ロマンス|女性向けのドラマ|コンテンポラリー|ファンタジー,Romance|Female|Contemporary|Fantasy
6879e913f14e85ee53047a21,6879e913f14e85ee53047a21,148000000000000123,闇に隠した恋,https://v-mps.crazymaplestudios.com/images/be8e4ee0-6838-11f0-a06b-bdb674869ea1.jpg,29,1,1,カメラマンであるジェーンと新人モデル・ヘクターの恋。実は彼は大企業の御曹司で、正体を隠して彼女に近づいていた。嫉妬に狂った令嬢の妨害で二人は別れるが、ジェーンの危機を救ったヘクターが最後に見せた愛の証とは—。,44392,524,62,1,0,6858,258,dcuigjz7o3,1,ロマンス,Romance
6899508d9993dd247d01d6a3,6899508d9993dd247d01d6a3,148000000000000144,大富豪の社長との夕暮れの恋,https://v-mps.crazymaplestudios.com/images/fd03c150-78b9-11f0-a06b-bdb674869ea1.jpg,29,1,1,中年で失業中のジェニファーは、強欲な息子と彼の妻のせいで年金も家も奪われてしまう。人生を立て直そうと、恋愛リアリティ番組「ダイヤモンド・バチェラー」に参加し、そこでミステリアスで魅力的なポール・マーシャルと出会う。しかし、ポールは社長という正体を隠していることを、ジェニファーは知らない。ジェニファーの優しさと自立心に心を打たれたポールはプロポーズし、二人は電撃結婚する。しかし、嘘や偽りを嫌うジェニファーを守るため、ポールと継娘のエマは自分たちが裕福な家庭であることを秘密にする。二人は力を合わせ、実の息子を含み、ジェニファーに危害を加えようとする者たちから彼女を守ろうとする。家族間の葛藤や感情のすれ違いを乗り越え、ジェニファーはついにポールの正体、そして衝撃の真実を知る。エマは、かつて生き別れた実の娘だったのだ。ドラマチックな旅路は、心温まる再会と癒しへと導いていく。,77497,709,62,1,0,5946,218,o5p577ai6n,1,ドラマ|身分を隠せ,Drama|Hidden Identity
68fb5b36c6dec848b702d964,68fb5b36c6dec848b702d964,142600000000000271,今日から私がマフィアのボス？,https://v-mps.crazymaplestudios.com/images/052305d0-b622-11f0-b4b4-bd031586a1b7.jpg,29,1,1,イザベラはどこにでもいる主婦で、教師として働いている。夫の職場で不倫を知った彼女は怒りに任せて離婚を突き付ける。しかし通りに飛び出した瞬間、車に押し込まれ誘拐されてしまう。目を覚ました彼女は、有力な犯罪組織のリーダーとして悪の帝国を取り仕切るよう指示される。最近暗殺されたリーダーは、イザベラに瓜二つだったのだ。彼女が生き延びるためには、法を犯すことなく犯罪組織を操りながら、この偽装工作の背後に潜む陰謀を探るしかない。真実が明らかになった時、彼女はこの替え玉計画と自らの出生の秘密との驚くべき関わりを知るのだった...。,30034,502,62,1,0,8508,345,yg4q888t4s,1,身分を隠せ,Hidden Identity
6823f93f2015b8ce05061db7,6823f93f2015b8ce05061db7,148000000000000066,偽りの令嬢と真実のキス,https://v-mps.crazymaplestudios.com/images/a732c6f0-351a-11f0-b65a-27549cd2a91e.jpg,29,1,1,大富豪ケイデンの養女クラウディアは、ライバルのアナスタシアを薬で陥れ、夫ルシウスと離縁させようと画策。だが酔ったケイデンが誤ってアナスタシアを救い、彼女はケイデンの子を身籠もる。権勢を笠に着たクラウディアは執拗に攻撃を続けるが、ケイデンは密かにアナスタシアを保護し、やがて恋に落ちる。暴かれるクラウディアの正体と巨大な策略の行方は――。,4133021,44333,63,1,0,231754,9780,0ihlkxmo1i,1,妊娠|ワンナイトラブ,Pregnancy|One Night Stand
67e0c61dd38557d2d609c4cd,67e0c61dd38557d2d609c4cd,148000000000000045,サイドライン～忘れられない恋～,https://v-mps.crazymaplestudios.com/images/9dd4c6d0-094b-11f0-a38f-0d66b56fc320.jpg,29,1,1,ナタリはサッカー選手のカールと婚約したが、ナタリの兄が誤ってカールの妹を死なせてしまったため、ナタリは七年間姿を消した。その時ナタリは既に妊娠をしており、一人子供のパトリックを育て上げた。七年後再びカールの前に姿を現したが、カールのナタリに対する気持ちがまだ消えていなかったのである。,5452765,35410,64,1,0,195196,9604,arnjzithti,1,運命の恋人|女性向けのドラマ|二度目のチャンス|コンテンポラリー|妊娠|再会|運動選手|ストロングウィル,Fated Lovers|Female|Second Chance|Contemporary|Pregnancy|Reunion|Athlete|Strong-Willed
68cbe12a4dd8ee60ac00e449,68cbe12a4dd8ee60ac00e449,142600000000000260,世界を支配しているのは、俺の父親だ,https://v-mps.crazymaplestudios.com/images/b977b590-9cd6-11f0-a06b-bdb674869ea1.jpg,29,1,1,世界長者の安田信宏は身分を隠し、出稼ぎ労働者として息子の安田佑一を育て上げた。しかし、佑一は打算的な秦家の娘千葉奈子と結婚し、結婚式で辱めを受ける。信宏は息子が辱められるのを見かねて正体を明かし、奈子が富豪の息子上野翔平との不倫で妊娠していた事実を暴露する。数人の権力を持つ娘たち（義理の娘）の支持を得て、信宏は上野家の勢力を打ち砕くだけでなく、騒動の中で息子の尊厳と自信を取り戻させた。最終的に、彼は妻を失った痛みから立ち直り、ずっと傍にいた秋山佳音と手を携え、新たな人生の幸福を迎える……,883802,7696,64,1,0,7388,305,a619zc2kwq,1,身分を隠せ|男向けのドラマ,Hidden Identity|Male
67f8b3dcd03654671f01e4fd,67f8b3dcd03654671f01e4fd,148000000000000053,妊娠、それは運命の悪戯？,https://v-mps.crazymaplestudios.com/images/cc3a6650-199b-11f0-a38f-0d66b56fc320.jpg,29,1,1,"幼い頃に母を亡くしたプランは、ひょんなことから冷徹な大企業の社長・カウィンの子を妊娠してしまう。運命に導かれるように始まったふたりの奇妙な同居生活。最初はすれ違いながらも、カウィンはプランの傷ついた心を少しずつ癒していき、やがて二人の間に本物の愛が芽生える。
そして、すべてのきっかけとなった「意外な妊娠」の真相が明かされるとき、ふたりの運命は大きく動き出す――",141776,1110,69,1,0,4202,189,mu3fl3650g,1,スイート|甘いロマンス|億万長者|ワンナイトラブ|妊娠|女性向けのドラマ|コンテンポラリー,Sweet|Sweet Romance|Billionaire|One Night Stand|Pregnancy|Female|Contemporary
680f4328ea8bba901302ce69,680f4328ea8bba901302ce69,148000000000000063,妊娠からはじまる溺愛婚,https://v-mps.crazymaplestudios.com/images/9c995430-2c77-11f0-93de-cb0b88a6d7a9.jpg,29,1,1,子供の頃から、エラは再婚した母親と継父のもとで暮らして、無関心と虐待に耐えながら生活を送っていた。母親が亡くなると、エラは継父と義弟に金儲けの道具として扱われ、大学の学費さえ奪われた。生活のためにバイトをしていたエラは、ある夜、バーで客に薬を盛られそうになるが、酔っ払ったエドワードに助けられ、一夜を共にしてしまう。二ヶ月後、エラは自分が妊娠していることに気づく。継父は無理やり中絶させようとするが、危機一髪のところでエドワードが駆けつけ、彼女を家に連れ帰り、保護する。しかしエラは身分が低いことで、エドワードの姉から侮辱され、学校でもいじめを受ける。エドワードを狙う財閥令嬢からの脅しにもさらされるが、エドワードはエラを守る決意を変えなかった。数々の困難を乗り越え、エラはか弱く自信のない少女から、勇敢で強い女性へと成長していく。そしてついに、エドワードの心を掴む。無事に子どもを出産し、数年後には、輝かしいAI研究者として新たな人生を歩み始める──。,705517,13208,70,1,0,220381,9520,wkuvoiyju1,1,ワンナイトラブ|女性向けのドラマ|妊娠|運命の恋人|一目惚れ|スイート|キャンパス|ハートフェルト|楽天的,One Night Stand|Female|Pregnancy|Fated Lovers|Love at First Sight|Sweet|Campus|Heartfelt|Happy-Go-Lucky
680f4e1133811101e60d4530,680f4e1133811101e60d4530,148000000000000056,恋のスピード違反,https://v-mps.crazymaplestudios.com/images/85082810-2bb3-11f0-93de-cb0b88a6d7a9.jpg,29,1,1,結婚式当日、暴力婚約者から逃げたヴァイオレットは、危険なストリートレーサー・マーカスの元へ。キスと引き換えに守られた彼女は、初めて自由を知る——しかし彼の過去が、父の死と繋がっていた。愛か、赦しか、それとも…。,2121174,72988,71,1,0,197138,6762,cl5xmt1nom,1,敵から恋人へ|女性向けのドラマ|中毒性がある恋愛|コンテンポラリー|身分を隠せ|フィール・グッド|億万長者|ストロングウィル,Enemies to Lovers|Female|Toxic Love|Contemporary|Hidden Identity|Feel-Good|Billionaire|Strong-Willed
689075c4c077a29f2c042927,689075c4c077a29f2c042927,148000000000000170,労働者父が大富豪？！,https://v-mps.crazymaplestudios.com/images/f8752010-7cac-11f0-a06b-bdb674869ea1.jpg,29,1,1,世界一の富豪、御影広一は、自らの身分を隠し、コンビニのレジ係として働きながら息子を育てていた。しかし、息子は高慢な羽生家の嫁、羽生由紀と結婚してしまう。威圧的な婚約者、義母、そして義妹に囲まれ、息子の御影和真はいつも受け身の立場に立たされる。父親の御影広一には結婚式に来てほしくなかったが、広一はどうしても出席を譲らなかった。結婚式で御影和真は容赦なくいじめられ、御影広一は息子のために立ち上がる。嘲笑に直面しながらも、多額な祝儀を差し出すが、意地悪な親戚からのお酒や亡き妻への侮辱に我慢の限界を迎える。そんな時、かつて養女として育てた権力者の義理の娘が突然扉を開けて現れ、御影家の嫁になりたいと争うように名乗りを上げ、全会場を震撼させた。,17702299,248809,72,1,0,6581,299,qo8d8h4s7n,1,身分を隠せ,Hidden Identity
682c201160669699640d28c3,682c201160669699640d28c3,148000000000000094,仮面モデルは冷酷社長でした,https://v-mps.crazymaplestudios.com/images/39626690-39fb-11f0-b65a-27549cd2a91e.jpg,29,1,1,離婚当夜、失意のセリナは親友に連れられ高級クラブへ。指名した“モデル”モーガンと一夜を過ごすが、互いに素性を隠したまま別れる。数日後、新たな職場ZTグループの社長として現れたのは、あの首筋の傷痕を持つ男だった。合併会議で彼は元夫を嘲笑しながらセリナの企画書を叩きつける。「君の元妻の方が見る目がある」。偶然ではなかった出会いが、社内とメディアを揺るがす駆け引きへ――。,291636,9767,75,1,0,226077,9473,hacp1vmh46,1,身分を隠せ,Hidden Identity
68ca15c0653493560106197c,68ca15c0653493560106197c,148000000000000253,奥様は名探偵！,https://v-mps.crazymaplestudios.com/images/177301f0-946b-11f0-a06b-bdb674869ea1.jpg,29,1,1,亡き母の親友に仕組まれたスピード婚の後、ジェニーは結婚直後に海外へ旅立った夫チャールズを3年間待ち続ける。しかし彼が帰国すると、誤解や非難、そして度重なるすれ違いが、二人を離婚の危機へと追い込んでいく。ライバルに陥れられ絶体絶命のピンチに陥ったジェニーを、チャールズが救う。しかし、新たな展開や家族の陰謀が、二人の距離を再び引き離していくのだった。,79363,900,75,1,0,6947,347,tyhajjnxcl,1,二度目のチャンス,Second Chance
68be398b9f3b0f717e09bfb5,68be398b9f3b0f717e09bfb5,148000000000000247,マフィアボスは私の愛人,https://v-mps.crazymaplestudios.com/images/d1906620-8f81-11f0-a06b-bdb674869ea1.jpg,29,1,1,フィオナ・ショーの贅沢な人生は、家族の帝国が崩壊したことで打ち砕かれ、5億ドルもの莫大な借金を背負うことになった。家族の残されたものを守るため、彼女は冷酷な取引に同意する。それは、強大な財閥の次男ヘンリー・スターリングとの便宜結婚だった。だが、華やかな社交界の裏には痛ましい真実が隠されている。ヘンリーは同性愛者であり、秘書のルイスと深い愛情で結ばれていて、フィオナには無関心だったのだ。彼が結婚した唯一の理由は、母エリザベスの圧力のもとで後継者を作り、家の財産を守り、異母兄弟であるジェフとの権力争いに勝つため。愛のない結婚に縛られ、自由を求めるフィオナは、やがて危険な不倫へと足を踏み入れる…その相手は、彼女自身の秘密よりもさらに致命的な秘密を抱えた男だった。,83644,587,80,1,0,7575,239,cd8vmeocg4,1,身分を隠せ|マフィア,Hidden Identity|Mafia
68f6f7447810b1744f0a74dc,68f6f7447810b1744f0a74dc,142600000000000353,吸血鬼とハンターの二人に求められて,https://v-mps.crazymaplestudios.com/images/d77e4e30-b0ba-11f0-a06b-bdb674869ea1.jpg,29,1,1,最悪だ。イケメン上司のサイモンにコーヒーをかけたかと思えば、次の瞬間には自分が制御できない秘密の力を持っていると気づく。私の世界はこぼれたコーヒーと複雑な感情が混ざり、魅力的な二人の男性の間で私は揺れている。危険な香りのする謎めいた上司のサイモンは、私に魔法を制御する術を教えてくれる吸血鬼。そしてもう一人は、優しくて誠実な親友のマイケル。しかし、彼はサイモンの全てを破壊することを望む退治人だという秘密を隠しており、二人とも私を求めている。私の魔法が強くなるにつれ、私達の間に燃える炎もまた強くなる。私の最も暗い秘密を二人とも知っているのに、どうやって選べというの？,33363,460,81,1,0,8563,301,brbuyqxhgh,1,ファンタジー,Fantasy
6942221dbac964b2e7043cdc,6942221dbac964b2e7043cdc,142600000000002562,闇のリングと試される愛,https://v-mps.crazymaplestudios.com/images/914c6670-df01-11f0-84ad-6b5693b490dc.jpg,29,1,1,"衝動的なキスをきっかけに、ミアは無敵の地下格闘家トロイのいる暴力の世界へ引き込まれる。警察の急襲で対戦相手の命を救ったことで、二人の間で危険な愛が燃え上がる。だが、トロイには隠された秘密があり、恋人アマンダの策略と犯罪王セルゲイの復讐が迫り来る。誘拐されたミアは、怪物になることを恐れる恋人を救おうと試みる。
この残酷な世界で愛は究極の力である。彼に心を奪われたミアが今度は彼の魂を救う立場になる。",12901,393,89,1,0,7050,345,jzb7t1mw2c,1,ロマンス,Romance
6891a6d226b85a07aa0e06d5,6891a6d226b85a07aa0e06d5,140001000000000279,[吹き替え] 空飛ぶ修羅場,https://v-mps.crazymaplestudios.com/images/56003e00-d021-11f0-84ad-6b5693b490dc.jpg,1,1,1,足を骨折しギプスを装着中のイヴは、ハワイで行われる兄の結婚式に出席するため、広めの座席を予約して飛行機に乗り込んだ。でも、機内で横柄な母親とそのわがままな息子に席の交換を強要される。飛行中に乱気流で転んだ息子を見た母親は「飛行機を引き返せ」と乗務員にクレームをつけ、騒ぎを起こした。ついに緊急着陸を余儀なくされる事態になった。その後駆けつけた母親の妹クララは、イヴを「婚約者の愛人」だと激しく糾弾したが、実はイヴは婚約者の実妹だった。この大騒動で結婚式は中止となり、クララは航空機内での暴行罪で逮捕される羽目になった。,2873658,62723,41,1,0,6919,310,ok1o6w8e0p,1,復讐,Revenge
690c6e36bf0eb20104087bd4,690c6e36bf0eb20104087bd4,140001000000000337,[吹き替え] 出生時にすり替えられた令嬢？,https://v-mps.crazymaplestudios.com/images/92d85120-9c67-11f0-a06b-bdb674869ea1.jpg,1,1,1,親友二人が同じ日に出産する。貧しいエディスは自分の娘に贅沢な人生を送らせようと、密かに社長である友人の赤ん坊と自分の赤ん坊をすり替える。しかし、彼女が予想していなかったのは、社長が全てを見抜いており、密かに赤ん坊を元に戻していたことだった。18年後、エディスの計画が成功間近に迫ったまさにその時、彼女は衝撃の真実を知る。長年虐待してきた方が、彼女の実の娘だったのだ。,2050838,34372,51,1,0,6895,240,w48msklw36,1,復讐,Revenge
68d8d9795f5ccbe70e0aed4d,68d8d9795f5ccbe70e0aed4d,140001000000000162,[吹き替え] クビになった後、 敵社で逆襲を誓う,https://v-mps.crazymaplestudios.com/images/0f1db370-d93a-11ef-a54e-99edf5fd5287.jpg,1,1,1,エリック、シリコンバレーで最も名高い技術者が、 CEO の息子ウィリアムに解雇された後、元会社のライバル企業の魅力的な CEO、イブリンと手を組む。これにより、彼の元勤務先の会社は倒産に追い込まれ、ウィリアムが自分が間違った人物を解雇したことに気づいたときには、もう手遅れだった……,8287192,116544,59,1,0,195374,7541,1p9j6ns5fz,1,男向けのドラマ|カムバックストーリー|コンテンポラリー|身分を隠せ|とぼける|ビジネス,Male|Comeback Story|Contemporary|Hidden Identity|Playing Dumb|Business
6901cb95080433177300897e,6901cb95080433177300897e,140001000000000045,[吹き替え] 夫の二重生活〜 億万長者の正体を暴く！〜,https://v-mps.crazymaplestudios.com/images/091333c0-9825-11ef-a2d6-41216ff1602c.jpg,1,1,1,セバスチャン・クラインはクライン家の私生児だ。噂によれば、彼は刑務所から出所したばかりの、何の役にも立たない人生の負け組だ。ナタリー・クインに会うまでは、誰も彼と結婚したくなかった。でも実は…ナタリーがビリオネアと結婚していたのだ！真実を知ったとき、彼女はどうなるのか？それよりも、そもそもなぜセバスチャン・クラインは正体を隠しているのか？,389544,2508,60,1,0,23998,265,1w0yz3luhz,1,結婚後の恋愛|身分を隠せ|守る夫|億万長者|コンテンポラリー|スイート|女性向けのドラマ|無邪気な乙女,Love After Marriage|Hidden Identity|Protective Husband|Billionaire|Contemporary|Sweet|Female|Innocent Damsel
67089167f8cec984160304bc,67089167f8cec984160304bc,140001000000000067,［吹き替え］氷上の再会,https://v-mps.crazymaplestudios.com/images/fa1eb2d0-6ab7-11ef-838e-777d81c2a9c7.jpg,1,1,1,シングルマザーのキャロラインは、8年前に初恋のイーストン・ブラックと別れた…でも彼に妊娠のことは伝えなかった！今や彼はNHLの人気ホッケースターで、キャロラインの上司！再び一緒に働くことになった二人。キャロラインは真実を告げるのか、それとも幸せな結末には遅すぎるのか？,5187533,26156,70,1,0,27301,261,q6totyzw7f,1,二度目のチャンス|ラブコメ|幼馴染みの恋人|インディペンデント・ウーマン|女性向けのドラマ|スイート|コンテンポラリー,Second Chance|Rom-Com|Childhood Sweetheart|Independent Woman|Female|Sweet|Contemporary
6891a6e7d1026b57060a61a4,6891a6e7d1026b57060a61a4,140001000000000151,[吹き替え] 白いクリスマスの白い嘘,https://v-mps.crazymaplestudios.com/images/88ab50b0-c8b1-11ef-a2d6-41216ff1602c.jpg,1,1,1,世界最強の軍産グループのCEOであるダミアンは、月給3000ドルの貧しい営業マンと勘違いされた。意外なことに、早速とある会社の社長アイリスと契約結婚を結んだ。クリスマス・ディナーを楽しむためにアイリスと一緒に故郷へと向かうダミアンは、そこでアイリスの親戚からの非難とその求婚者からの嘲笑に直面する。ダミアンは逆転を繰り返し、自分の力と地位を証明し、最終的にアイリスと真の愛を見つける。,7089999,43404,70,1,0,5406,190,tk96zf4xli,1,男向けのドラマ|カムバックストーリー|コンテンポラリー|身分を隠せ|人違い|とぼける|億万長者|婿,Male|Comeback Story|Contemporary|Hidden Identity|Mistaken Identity|Playing Dumb|Billionaire|Son-in-Law
690961036f6f8a3ee90178bc,690961036f6f8a3ee90178bc,140021000000000142,(吹き替え) ホームレスの夫が実は大富豪 ～クリスマスの奇跡～,https://v-mps.crazymaplestudios.com/images/3031f2d0-c722-11ef-a2d6-41216ff1602c.jpg,1,1,1,"婚約者の裏切りに傷ついたビクトリア。面目を保つため、ホームレスの男性との結婚を決意するが...彼の正体は国内最大企業のCEOだった！？
 偽装結婚から始まる波乱の恋。 テキサスを舞台に、元婚約者との対決も勃発！失われた誇りを取り戻す、 胸キュンのラブストーリー！",15936732,273710,71,1,0,145478,5295,hnpefmb9da,1,女性向けのドラマ|スイート|コンテンポラリー|運命の恋人|身分を隠せ|ラブコメ|億万長者|ストロングウィル,Female|Sweet|Contemporary|Fated Lovers|Hidden Identity|Rom-Com|Billionaire|Strong-Willed
68d8db9bd2680312150ac57f,68d8db9bd2680312150ac57f,140001000000000190,[吹き替え] 王の帰還,https://v-mps.crazymaplestudios.com/images/c2e752d0-007c-11f0-a38f-0d66b56fc320.jpg,1,1,1,キングズリーはキングズ株式会社の隠された王であり、世界一の大富豪。戦場から帰還するも、幼馴染の恋人に「道化」と見下され、容赦なく捨てられる。しかし彼は本物の王。果たして、彼女に後悔させる方法とは？最強の男が運命を覆す、逆転劇が今始まる！,10695014,152506,74,1,0,198847,6801,2hb4upv1ri,1,男向けのドラマ|カムバックストーリー|モダン|身分を隠せ|スピード婚|億万長者|ロイヤル/貴族|インディペンデント・ウーマン,Male|Comeback Story|Modern|Hidden Identity|Flash Marriage|Billionaire|Royalty/Nobility|Independent Woman
68b039f7b7b7d678870f5be7,68b039f7b7b7d678870f5be7,140001000000000307,[吹き替え] 失くしてから気づいた愛,https://v-mps.crazymaplestudios.com/images/b46b3470-7d6c-11f0-a06b-bdb674869ea1.jpg,1,1,1,恩人への義理で始まった5年間の契約結婚。初恋の傷を癒やすため、ケイラはニールと偽りの夫婦になる。優しく献身的なニールに対し、ケイラの心には今もサイモンしかいない。契約終了と共に離婚を告げられたケイラは、ニールの本当の愛にようやく気づく。しかし時はすでに遅く、彼は新たな人生へと歩み去っていた。愛に気づいた時、もう手の届かない場所にいる。,3573540,46918,75,1,0,6536,218,8c158kpi6u,1,カムバックストーリー,Comeback Story
6901cba377fcca73f4004d7b,6901cba377fcca73f4004d7b,140001000000000097,[吹き替え] 富豪と偽りの花嫁〜命懸けの賭け,https://v-mps.crazymaplestudios.com/images/3ffc6370-7732-11ef-a2d6-41216ff1602c.jpg,1,1,1,死にかけている母親を救おうと躍起になっているシンディ・パークスは、ボスの娘ニッキ・ジェンキンスと取引を結ぶ。ニッキに成りすまし、億万長者のチャールズ・ケインに処女を捧げるというのだ。ニッキはチャールズを騙して結婚するためにこの計画を利用するが、彼女が病気になったため、シンディは再び仮装を強いられ、代理の花嫁として結婚式に出席する。,1262870,6996,76,1,0,32326,286,t0h5yl4d54,1,女性向けのドラマ|トキシック|コンテンポラリー|人違い|妊娠|契約の恋人|億万長者|ストロングウィル,Female|Toxic|Contemporary|Mistaken Identity|Pregnancy|Contract Lovers|Billionaire|Strong-Willed
6909612bf91847144a009cb0,6909612bf91847144a009cb0,140021000000000213,(吹き替え) この極悪刑務所のボスは俺だ！,https://v-mps.crazymaplestudios.com/images/8c959e00-21b8-11f0-a650-71056cbfe3ac.jpg,1,1,1,なぜ彼は富も地位も捨て、囚人となったのか？ 父が遺した莫大な資産――それは法の死角で腐敗が蔓延る私設刑務所だった。元兵士トロイ・ポーは巨悪の根源を断つため、危険な潜入捜査に身を投じる。だが鉄格子の内側で彼を待っていたのは、信じたはずの看守長による裏切りと、命を脅かす非情な罠。疑心と暴力が渦巻く絶望の淵で、無実の老囚や孤独な女医との出会いが彼の孤独な戦いを支える唯一の光となる。果たしてトロイは、己がオーナーだと証明し、この地獄から生還できるのか？ それとも――。,7482280,124098,80,1,0,192578,6914,i2o9kaoczc,1,男向けのドラマ|カムバックストーリー|身分を隠せ|人違い|事業主|ラギッドCEO|億万長者,Male|Comeback Story|Hidden Identity|Mistaken Identity|Business Owner|Rugged CEO|Billionaire
69257c7176492f508b07e677,69257c7176492f508b07e677,140001000000000347,[吹き替え] エリート男子たちの手懐け方,https://v-mps.crazymaplestudios.com/images/b9f59020-b0b6-11f0-a06b-bdb674869ea1.jpg,1,1,1,メイプル・エリート学園に転校してきたエマ・パーカーは、うっかり初日から学園を支配する4人の御曹司の「ダイヤモンド・ボーイズ」に喧嘩をふっかけてしまう！彼らに目をつけられ、エマは学園の敵と認定されてしまう。だが、暴君のようなローワン・キャロウェイにも、優しく助けてくれるオーガスト・ラングフォードにも、知られざる隠された過去がありそう。敵か幼なじみ、エマが選ぶのはどっち？,1362813,14094,81,1,0,8046,393,silr3qnifs,1,ヤングアダルト,Young Adult
69257c7ebf40a187a80807c2,69257c7ebf40a187a80807c2,140001000000000309,[吹き替え] 嵐の中に外した仮面,https://v-mps.crazymaplestudios.com/images/2cc1f4f0-88a7-11f0-a06b-bdb674869ea1.jpg,1,1,1,皆が彼をただの荷物扱い員と馬鹿にした上、飛行機から追い出そうとしたことになった。しかし、嵐で飛行機が堕落しそうになった時、彼こそ、皆を救える秘密の大富豪だったのだ。,1851450,23680,83,1,0,7930,297,ciw2yqph1h,1,カムバックストーリー,Comeback Story
676a4c6683462d871d06e4b9,676a4c6683462d871d06e4b9,140001000000000137,［吹き替え］私こそが学園のクイーン・ビー,https://v-mps.crazymaplestudios.com/images/0c6f6250-b93b-11ef-a2d6-41216ff1602c.jpg,1,1,1,ヘイリー・カプランは裕福な家庭に育った女子高生。公立のウエスタン高校に転校するにあたり、あえて自分の素性を隠すことを決意する。家柄だけで判断される日々に疲れ果て、普通の高校生活と本物の友情を求めていたのだ。ところが、家政婦の娘キャンディス・マシスが突如、カプラン家のお嬢さんとして現れ学校の頂点に立つ。一方、ヘイリーは底辺に追いやられ、いじめと嘲笑の的となってしまう。,21710063,320935,85,1,0,571,343,9s02tymfbx,1,女性向けのドラマ|ヤングアダルト|コンテンポラリー|身分を隠せ|フィール・グッド|学園ロマンス|相続人,Female|Young Adult|Contemporary|Hidden Identity|Feel-Good|Campus Romance|Heiress
691eb3cd05dc8dc8220939bd,691eb3cd05dc8dc8220939bd,140001000000000357,[吹き替え] 名誉の鎖,https://v-mps.crazymaplestudios.com/images/45fffaa0-d020-11f0-84ad-6b5693b490dc.jpg,1,1,1,シカゴマフィアに大切に育てられたプリンセス、アリア（18歳）。彼女は、敵対するニューヨークマフィアの冷酷で危険な色気を持つ後継者、ルカとの政略結婚を強いられる。暴力に染まった男に身も心も委ねることは、一族への最大の裏切りか。それとも、これが彼女が生き残るための唯一の道なのか——,432984,3242,93,1,0,8337,298,mx0svv5rho,1,ダークロマンス,Dark Romance
6853e95ca312da0b5308711e,6853e95ca312da0b5308711e,149001000000000760,［吹き替え版］命のタイムリミット,https://v-mps.crazymaplestudios.com/images/53780990-41e4-11f0-b65a-27549cd2a91e.jpg,2,1,1,天才外科医の何銘は、患者趙逢春の移植用腎臓を浜市から、3時間以内に都に運ぶ。しかし、飛行機の中で彼は偶然、趙家の息子の婚約者葉倩とその母親と同乗することになった。権力をふりかざす葉倩と母親の横暴が、輸送を妨害し、趙逢春の命を危機にさらす。,810315,19393,31,1,0,7845,383,spaa6jzrtj,1,あまりに遅すぎる|済度|人違い|億万長者|外科医|コンテンポラリー|女性向けのドラマ,All-Too-Late|Redemption|Mistaken Identity|Billionaire|Surgeon|Contemporary|Female
6819709f0d707701a005147c,6819709f0d707701a005147c,149001000000000776,［吹き替え版］眠り姫の復讐,https://v-mps.crazymaplestudios.com/images/cf353700-24e4-11f0-8c20-e583157ad7f8.jpg,2,1,1,陸家に引き取られた孤児・陸明月は、三人の兄たちに溺愛され、幸せな日々を送っていた。しかし、実の娘・陸星辰が戻ってきた瞬間から、全てが一変する。愛されていたはずの明月は、まるで「代わり物」として扱われ、心ない誤解や冷たい仕打ちに傷ついていく。失意の中、彼女は長兄の研究プロジェクト「明月睡眠計画」に志願し、30年の眠りにつくことを選ぶ。それは育ててくれた家族への恩返し――そして、視力を失った次兄に、自らの角膜を託す決意でもあった。やがて彼女が完全に姿を消してから、家族は真実を知り、深い後悔に包まれる。30年後、ついに実験は成功したが、眠りから目覚めた明月は記憶をすべて失っていた……,1210687,21356,33,1,0,8328,402,69bftwkcpx,1,家族ドラマ|グループのお気に入り|復讐|身分を隠せ|インディペンデント・ウーマン|女性向けのドラマ|コンテンポラリー,Family Drama|Group Favorite|Revenge|Hidden Identity|Independent Woman|Female|Contemporary
6890162cf2251dceb502b34f,6890162cf2251dceb502b34f,149001000000000870,［吹き替え版］花の泪、終わらぬ恨み,https://v-mps.crazymaplestudios.com/images/952bd6e0-7cd2-11f0-a06b-bdb674869ea1.jpg,2,1,1,新米警察学校卒業生のミスティは、フローラルズ村の「神聖な結婚」儀式に潜入する大胆な任務に挑む。フローラルズの乙女として偽装し、神秘的なフローラルズ洞窟に飛び込み、犯罪組織を出し抜き、村長の人身売買の活動を暴き、妹のララや他の囚われた人々を救出する。,282553,4676,35,1,0,6753,308,c2bcjjpenj,1,中毒性がある恋愛|トキシック,Toxic Love|Toxic
687a136d93aedb8bb30b5c75,687a136d93aedb8bb30b5c75,149001000000000833,［吹き替え版］華麗なる逆転～偽りの初恋を暴け！～,https://v-mps.crazymaplestudios.com/images/f118a120-4cff-11f0-860b-97fc2eb1c6d9.jpg,2,1,1,"歴辰は前世で運転手の娘である徐言心と付き合っていた。しかし、徐言心は利用できるだけ彼を利用した後、ミスターキャンパスの謝宇と浮気をしていた。そして、彼と共謀して、重病を患った歴辰を殺した。死ぬ間際に、歴辰は同じく肥満だった林以棠の心からの告白を目撃した。
転生後、歴辰は謝宇の誕生日パーティーに戻った。今回、歴辰は運命を変えることを決意した。彼は林以棠に告白してから、彼女と共にダイエットし、モデルコンテストで優勝を納めた。
卒業パーティーや、星川エンターティンの晩餐会で、二人が幾度も徐言心と謝宇のウソを暴いて、二人をくじいた。やっと彼らを徹底的叩きのめし、復讐を果たした。その後、歴辰は星川エンターティンの社長を務め、林以棠は芸能界のビッグスターとなり、騙され、虐められていた二人の恋物語がハッピーエンディングを迎えた。",557805,3990,50,1,0,7062,269,jxt1fhfd3r,1,復讐|女性向けのドラマ|コンテンポラリー|スイート|ストロングウィル,Revenge|Female|Contemporary|Sweet|Strong-Willed
685e42bfc03a8a820704d9d3,685e42bfc03a8a820704d9d3,149001000000000862,［吹き替え版］追放令嬢は微笑まない,https://v-mps.crazymaplestudios.com/images/a1fc6bb0-6b9c-11f0-a06b-bdb674869ea1.jpg,2,1,1,溺愛を一身に受けて育った許家の令嬢・許期は、自分が実の娘ではなかったと知る。実の娘・許明珠が認知されて以来、両親も兄も明珠の言い分ばかりを信じるようになった。ある日、期が祖母を突き落とし昏睡状態にさせたと誤解した許家の人々は、彼女を矯正施設に送りこみ、反省と更生を強いた。その結果、期は三年間に及ぶ非人道的な苦しみを受け、生涯治らない障害を負ってしまう。三年後、期は許家に戻された。しかし、かつて明るく笑っていた彼女の姿はもうなかった。今や彼女は人を寄せつけない存在になっていた――。,1024818,7390,56,1,0,6328,238,04vz15m2yi,1,ファミリー|家族ドラマ,Family|Family Drama
685e435f2db0c899bc060c51,685e435f2db0c899bc060c51,149001000000000861,［吹き替え版］娘に「おばさん」と呼ばれて,https://v-mps.crazymaplestudios.com/images/da44f4b0-6b60-11f0-a06b-bdb674869ea1.jpg,2,1,1,宋程との七年間の秘密結婚の末、唐心洛は今夜初めて娘の安抱きしめた。五歳の安は大喜びだったが、程には分かっていた。心洛のその笑顔は、すべて彼女の初恋の人が戻ってきたことによるものだったのだ。彼女は最初から、安のことも、程のことも愛していなかった。六年前、心洛は心から愛していた相手に去られた。その失意の中、腹いせのように程と結婚した。だが結婚後の彼女はまるで存在を消すかのように振る舞い、程や安の生活には一切関与せず、安に「ママ」と呼ばせることすら許さなかった。ある日、安は自らの目で見てしまう。心洛が初恋の人の娘には惜しみない愛情を注ぎ、自分にはまるで無関心なことを。その瞬間、安の心は完全に折れ、ついに彼女は母の元を去る決意を固める。,782037,5015,60,1,0,5829,191,zbt7n9j92c,1,ファミリー|家族ドラマ,Family|Family Drama
687a143e6c182ec8490a8980,687a143e6c182ec8490a8980,149001000000000865,［吹き替え版］運命の逆転 ～再び、愛と恨みの戦い～,https://v-mps.crazymaplestudios.com/images/1f57f810-7406-11f0-a06b-bdb674869ea1.jpg,2,1,1,"前世、貧乏人に嫁いだ陸昭妍が意外に裕福な人生を手に入れたのに対し、軍人に嫁いだ妹・陸沁檸は、夫の凌岳の不慮の死により、精神的なダメージを受け、昭妍を殺害してしまった。
しかし、二人は共に「再び」戻った。
沁檸は、今度こそ裕福になるため、前世の運命を逆転させるべく、昭妍の夫・鄺岳を奪い、殺害を企む。
だが、同じく前世の記憶を持つ昭妍は、沁檸の罠を見破り、凌岳の死を阻止した。
運命の歯車は、二人の愛と恨みの戦いで大きく変わる――。",625567,4232,61,1,0,6796,206,97lhk0ds9t,1,スイート|甘いロマンス|バック・イン・タイム,Sweet|Sweet Romance|Back in Time
6926b2bc9bcca1d5c30ffc82,6926b2bc9bcca1d5c30ffc82,149001000000000496,［吹き替え版］反撃の刃: 裏切られたダメ夫は大英雄？！,https://v-mps.crazymaplestudios.com/images/8bc53670-9130-11ef-a2d6-41216ff1602c.jpg,2,1,1,"三年間の戦いの末、妻は勝利を収めて帰還。しかし予想外にも、彼女は妊娠していた！かつて帝国軍の大元帥として名を馳せた夫は、両親の遺志に従い軍を退き、戦場での輝かしい未来を夢見る野心的な女と結婚した。妻の出征前、夫は伝説の槍を贈り、戦場での栄光を期待していたが…

三年後、彼女は銀の鎧をまとい、妊娠して他の男の手を握って帰ってきた。そして離婚届を差し出し、「私の夫は、強く立つ英雄でなければならない。力のない学者なんて嫌だ」と宣言した。

彼女が知らなかったのは、彼女が結婚した一見無力な男が実は帝国の守護神だったこと。彼が再び元帥の鎧をまとい、伝説の武器を手にしたとき、彼女はかつて軽蔑した男の真の姿に気づくのだった。",646161,9806,70,1,0,7526,233,1f6tl1d7gh,1,男向けのドラマ|カムバックストーリー|ファンタジー|あまりに遅すぎる|身分を隠せ|スーパーパワー|スーパーウォーリアー|ストロングウィル,Male|Comeback Story|Fantasy|All-Too-Late|Hidden Identity|Super Power|Super Warrior|Strong-Willed
687a13e34556250e4805d527,687a13e34556250e4805d527,149001000000000842,［吹き替え版］シンママの私が 御曹司一家に溺愛されました,https://v-mps.crazymaplestudios.com/images/640c2e80-7759-11f0-a06b-bdb674869ea1.jpg,2,1,1,季甜は、母親に結婚を金で売られそうになり、家を飛び出すために、江慕白との予期せぬ妊娠を利用して姿を消す。5年後、江慕白は子どもの存在を知り、彼女を追いかけ始める。一方、余芷茵は季甜に嫉妬し、嫌がらせを繰り返すが、危機一髪のところで江慕白が母子を救い出す。その時、季甜は驚くべき真実を知る――自分こそが本当の余家の娘だったのだ。彼女の人生は、すり替えられていた…,1718587,10931,74,1,0,6144,197,665ve7f0cu,1,スイート|甘いロマンス|億万長者|コンテンポラリー|女性向けのドラマ,Sweet|Sweet Romance|Billionaire|Contemporary|Female
66b9c3b196979fe1f2095311,66b9c3b196979fe1f2095311,149001000000000016,［吹き替え版］実は億万長者！？警備員の父が隠していた秘密,https://v-mps.crazymaplestudios.com/images/fa9f39e0-6c2a-11ef-838e-777d81c2a9c7.jpg,2,1,1,満足そうな警備員の父親は、野心的な息子が億万長者の帝国を築くのを見守り、慎重になるよう助言します。息子のビジネスが崩壊すると、父親が立ち上がり状況を好転させます。息子は、父親がただの警備員ではなく、実は世界一の富豪であることに驚きます。,3284016,29808,80,1,0,32611,237,4evffimzkr,1,身分を隠せ|とぼける|ビジネス|億万長者|インディペンデント・ウーマン|コンテンポラリー|カムバックストーリー|男向けのドラマ,Hidden Identity|Playing Dumb|Business|Billionaire|Independent Woman|Contemporary|Comeback Story|Male
681c524dc3b527016e08236a,681c524dc3b527016e08236a,149001000000001363,［吹き替え版］できちゃった玉の輿婚,https://v-mps.crazymaplestudios.com/images/6048bd60-0f9c-11f0-a38f-0d66b56fc320.jpg,2,1,1,予期せぬ出会いの後、彼女は息子を出産した。6年後、その一夜の相手である男性が真実を知り、子供を探し始める。その過程で、彼女は偶然彼と再会し、一連の面白くも対立的なやり取りが始まる。最終的に、息子は父方の家族と再会し、皆で幸せと絆に満ちた生活を始める。,894988,6581,80,1,0,6320,291,3gurvbktvo,1,スイート|ワンナイトラブ|女性向けのドラマ|妊娠|コンテンポラリー,Sweet|One Night Stand|Female|Pregnancy|Contemporary
66979e1f43b4c743a30591d6,66979e1f43b4c743a30591d6,149001000000000116,［吹き替え版］離婚したばかりの私が モテてどうすんだ,https://v-mps.crazymaplestudios.com/images/51660960-5e9e-11ef-838e-777d81c2a9c7.jpg,2,1,1,お金持ちの女の子が自分の正体を隠して、あまり裕福ではない男性と結婚する。しかし、彼女が魚を売って生計を立てているため、彼の家族から軽蔑される。彼女は冷静に離婚に同意するが、その後、3人の才能ある男性が彼女に向かって走ってきて、それぞれが彼女の婚約者だと主張する！,6380324,41235,82,1,0,34104,228,3ga56yzn2r,1,身分を隠せ|相続人/社会人|復讐|逆ハーレム|離婚後の愛,Hidden Identity|Heiress/Socialite|Revenge|Reverse Harem|Love After Divorce
68196e618947983e3e04a242,68196e618947983e3e04a242,149001000000000771,［吹き替え版］ママっ！天降りのハニーが現れた！,https://v-mps.crazymaplestudios.com/images/22896810-1c05-11f0-a650-71056cbfe3ac.jpg,2,1,1,家族に仕組まれて、ノラ・ウッドはタイラー・ホルトの子供を妊娠し、後にその子はブライアンと名付けられます。残念ながら、ブライアンが5歳の時に白血病と診断されます。医療費を賄うため、ノラはタイラーから贈られた家族の翡翠のペンダントを売ることに決め、ホルト家によるブライアンの捜索が市全体で始まります。その間、ノラはホルトグループにタイラーの秘書として加わります。二人が密接に働く中で、お互いの気持ちは次第に深まり、関係は時間と共に発展していきます。,1179318,5655,83,1,0,7786,316,7jiv046c09,1,スイート|天才ベビー|億万長者|再会|インディペンデント・ウーマン|女性向けのドラマ|コンテンポラリー,Sweet|Genius Babies|Billionaire|Reunion|Independent Woman|Female|Contemporary
66b9c3b196979fe1f2095311,66b9c3b196979fe1f2095311,149001000000000016,［吹き替え版］実は億万長者！？警備員の父が隠していた秘密,https://v-mps.crazymaplestudios.com/images/fa9f39e0-6c2a-11ef-838e-777d81c2a9c7.jpg,2,1,1,満足そうな警備員の父親は、野心的な息子が億万長者の帝国を築くのを見守り、慎重になるよう助言します。息子のビジネスが崩壊すると、父親が立ち上がり状況を好転させます。息子は、父親がただの警備員ではなく、実は世界一の富豪であることに驚きます。,3286683,29833,80,1,0,32611,237,4evffimzkr,1,身分を隠せ|とぼける|ビジネス|億万長者|インディペンデント・ウーマン|コンテンポラリー|カムバックストーリー|男向けのドラマ,Hidden Identity|Playing Dumb|Business|Billionaire|Independent Woman|Contemporary|Comeback Story|Male
681c524dc3b527016e08236a,681c524dc3b527016e08236a,149001000000001363,［吹き替え版］できちゃった玉の輿婚,https://v-mps.crazymaplestudios.com/images/6048bd60-0f9c-11f0-a38f-0d66b56fc320.jpg,2,1,1,予期せぬ出会いの後、彼女は息子を出産した。6年後、その一夜の相手である男性が真実を知り、子供を探し始める。その過程で、彼女は偶然彼と再会し、一連の面白くも対立的なやり取りが始まる。最終的に、息子は父方の家族と再会し、皆で幸せと絆に満ちた生活を始める。,896271,6585,80,1,0,6320,291,3gurvbktvo,1,スイート|ワンナイトラブ|女性向けのドラマ|妊娠|コンテンポラリー,Sweet|One Night Stand|Female|Pregnancy|Contemporary
66979e1f43b4c743a30591d6,66979e1f43b4c743a30591d6,149001000000000116,［吹き替え版］離婚したばかりの私が モテてどうすんだ,https://v-mps.crazymaplestudios.com/images/51660960-5e9e-11ef-838e-777d81c2a9c7.jpg,2,1,1,お金持ちの女の子が自分の正体を隠して、あまり裕福ではない男性と結婚する。しかし、彼女が魚を売って生計を立てているため、彼の家族から軽蔑される。彼女は冷静に離婚に同意するが、その後、3人の才能ある男性が彼女に向かって走ってきて、それぞれが彼女の婚約者だと主張する！,6385520,41283,82,1,0,34104,228,3ga56yzn2r,1,身分を隠せ|相続人/社会人|復讐|逆ハーレム|離婚後の愛,Hidden Identity|Heiress/Socialite|Revenge|Reverse Harem|Love After Divorce
68196e618947983e3e04a242,68196e618947983e3e04a242,149001000000000771,［吹き替え版］ママっ！天降りのハニーが現れた！,https://v-mps.crazymaplestudios.com/images/22896810-1c05-11f0-a650-71056cbfe3ac.jpg,2,1,1,家族に仕組まれて、ノラ・ウッドはタイラー・ホルトの子供を妊娠し、後にその子はブライアンと名付けられます。残念ながら、ブライアンが5歳の時に白血病と診断されます。医療費を賄うため、ノラはタイラーから贈られた家族の翡翠のペンダントを売ることに決め、ホルト家によるブライアンの捜索が市全体で始まります。その間、ノラはホルトグループにタイラーの秘書として加わります。二人が密接に働く中で、お互いの気持ちは次第に深まり、関係は時間と共に発展していきます。,1180673,5665,83,1,0,7786,316,7jiv046c09,1,スイート|天才ベビー|億万長者|再会|インディペンデント・ウーマン|女性向けのドラマ|コンテンポラリー,Sweet|Genius Babies|Billionaire|Reunion|Independent Woman|Female|Contemporary
6836ad36d1bc0af81f0db5a3,6836ad36d1bc0af81f0db5a3,149001000000000803,［吹き替え版］溺れるほど君に,https://v-mps.crazymaplestudios.com/images/2e6f6fc0-4b4f-11f0-860b-97fc2eb1c6d9.jpg,2,1,1,沈清梨は、8年間密かに想い続けた男・顧珩と一夜を共にした——そして、彼から金を渡された。 それはただの過ちだったはずなのに、顧珩は彼女を何度も救い、執着するように追いかけてくる。 家族の政略結婚、昔の闇、すべてを抱えた彼の愛は、狂気にも似ていた——。 「私はただの遊び？」そう思っていた彼女が知るのは、愛という名の中毒。,2062264,14632,85,1,0,8580,406,z62p48enq9,1,ワンナイトラブ|再会|億万長者|スイート|甘いロマンス|済度|女性向けのドラマ|コンテンポラリー,One Night Stand|Reunion|Billionaire|Sweet|Sweet Romance|Redemption|Female|Contemporary
6891a6f9bf8ed8068806de2c,6891a6f9bf8ed8068806de2c,148001000000000056,[吹き替え] 恋のスピード違反,https://v-mps.crazymaplestudios.com/images/85082810-2bb3-11f0-93de-cb0b88a6d7a9.jpg,29,1,1,結婚式当日、暴力婚約者から逃げたヴァイオレットは、危険なストリートレーサー・マーカスの元へ。キスと引き換えに守られた彼女は、初めて自由を知る——しかし彼の過去が、父の死と繋がっていた。愛か、赦しか、それとも…。,2307642,75799,71,1,0,197138,6762,00siqe4j9k,1,敵から恋人へ|女性向けのドラマ|中毒性がある恋愛|コンテンポラリー|身分を隠せ|フィール・グッド|億万長者|ストロングウィル,Enemies to Lovers|Female|Toxic Love|Contemporary|Hidden Identity|Feel-Good|Billionaire|Strong-Willed
68ae5c74d510853a27068e9d,68ae5c74d510853a27068e9d,140000200000000028,運命のご主人様を探す,https://v-mps.crazymaplestudios.com/images/1c2df280-88a5-11f0-a06b-bdb674869ea1.jpg,1,2,2,ケイトはいつも、寝室で自分を支配してくれるセクシーな男を夢見てきた。だが、理想の相手を見つけるのは口で言うほど簡単ではない。そんな中、カタコンベで悪名高い主人、バナー・ジェニングスが、彼女にぴったりの支配者探しを買って出る。だが、もし彼がその運命の相手を見つけてしまったら――本当にケイトを手放すことができるのだろうか？,146537,2471,51,1,0,7456,230,,1,中毒性がある恋愛,Toxic Love
66d165b6c17046a2fd084610,66d165b6c17046a2fd084610,140000200000000002,億万長者の秘密〜契約花嫁,https://v-mps.crazymaplestudios.com/images/894fb860-6698-11ef-838e-777d81c2a9c7.jpg,1,2,2,就職の面接が思い通りにいかず、ステラ・エヴァンスは家と母親を守ろうと必死になる。アストン・モンゴメリーから、借金を返済する代わりに彼の婚約者であり、彼の愛人の子供の母親であるふりをするという一世一代の申し出を受けたとき、彼女はそれを受けるしかなかった。すべては一時的なものだったが、ステラとアストンはやがて、何が見せかけで何が本当なのかわからなくなっていく。ステラはいつまでも借り物の花嫁なのか、それとも億万長者を射止めるのか？,84682,851,59,1,0,0,0,,1,シングルファーザー|女性向けのドラマ|スイート|コンテンポラリー|億万長者|身分を隠せ,Single Dad|Female|Sweet|Contemporary|Billionaire|Hidden Identity
67d7d9b8799380a4d40ae03f,67d7d9b8799380a4d40ae03f,140000200000000015,後悔するアルファ,https://v-mps.crazymaplestudios.com/images/c470f6a0-03ca-11f0-a38f-0d66b56fc320.jpg,1,2,2,ライラは運命の相手であるアルファに家を追い出された。彼の子供を隠して産んだライラのもとに彼は再びやってくる、果たして二人の将来はいかに――,3335819,56861,66,1,0,176528,7114,0000,0,運命の恋人|妊娠|敵から恋人へ|狼男|インディペンデント・ウーマン|女性向けのドラマ|ダークロマンス|ファンタジー,Fated Lovers|Pregnancy|Enemies to Lovers|Werewolf|Independent Woman|Female|Dark Romance|Fantasy
67e0c5deae056ef8460044bb,67e0c5deae056ef8460044bb,140000200000000018,イジワル同级生は御曹司！？,https://v-mps.crazymaplestudios.com/images/f51d6520-0f75-11f0-a38f-0d66b56fc320.jpg,1,2,2,エマ・アンドリュースは穏やかな学生生活を送りたいと願っていたが、有名な上院議員の息子で学校一のイケメン、ザック・ウォーカーからの容赦ないいじめに悩まされていた。ある夜、二人は偶然ボートハウスに閉じ込められ（しかも下着姿で！）、エマはこのいじめっ子の意外な一面を知ることになる。,2313963,50564,67,1,0,191003,5921,0000,0,学園ロマンス|敵から恋人へ|学生|モブキャラ|プレイボーイ|女性向けのドラマ|ヤングアダルト|モダン,Campus Romance|Enemies to Lovers|Student|Wallflower|Playboy|Female|Young Adult|Modern
688b449e1866fa3b20050d84,688b449e1866fa3b20050d84,140000200000000026,プールボーイ,https://v-mps.crazymaplestudios.com/images/cdd1ef10-71a7-11f0-a06b-bdb674869ea1.jpg,1,2,2,高校の水泳部キャプテン、エイダン・クルーは、裕福ないじめっ子のウィル・ハリソンが彼のボスに立ち向かったことで、大切な放課後のアルバイトを失ってしまう。エイダンは母親の高額な医療費と、大学の学費を支払う方法が見つからずに途方に暮れる。そんな中、ウィルがエイダンに恥辱的ではあるが、高収入なプールボーイの仕事を提案する。エイダンは渋々その仕事を引き受けたものの、次第に二人は惹かれ合うようになる。しかし、彼らは両家の間の憎しみや学校での過酷ないじめを乗り越え、エイダンのプールボーイとしての仕事と、二人の間に芽生える感情を隠し通さねばならない。,52638,970,67,1,0,6385,310,,1,ヤングアダルト,Young Adult
6768c37ca1a9c50ac905888b,6768c37ca1a9c50ac905888b,140000200000000007,炎の中に消えた愛,https://v-mps.crazymaplestudios.com/images/5d1c5d30-c1eb-11ef-a2d6-41216ff1602c.jpg,1,2,2,"大火災をきっかけに別れることになった恋人同士のエマとキャメロン。数年の時を経て、エマへの復讐を誓い戻ってきたキャメロンは、思いがけない事故で記憶を失い、エマを自分の妻だと思い込んでしまう。
 やがて記憶を取り戻したキャメロンは、真相を探るため敢えて記憶喪失を演じ続けるしかし、エマとの日々を重ねるうちに、かつての想いが再び胸の中で燃え始め、復讐の心が揺らぎ始める――。",34331,421,69,1,0,3798,175,0000,0,女性向けのドラマ|二度目のチャンス|モダン|身分を隠せ|敵から恋人へ|妊娠|オフィスラブ,Female|Second Chance|Modern|Hidden Identity|Enemies to Lovers|Pregnancy|Office Romance
67cfdaf9693e5c7e5806e7fe,67cfdaf9693e5c7e5806e7fe,140000200000000016,ドキドキ！ サマー・キャンプ,https://v-mps.crazymaplestudios.com/images/dc88ee00-fe43-11ef-a38f-0d66b56fc320.jpg,1,2,2,キャンプ初日にして、クロエはいじめっ子のモーガンにまだ処女であることをばらされた。それを聞いたキャンプ場の男の子たちはクロエの初体験をめがけて競い合いを始めた。唯一クロエを助けたのは不良カウンセラーのアーシャで、二人は接していくうちに互いに惹かれていく。行かれたキャンプー仲間に、恋に満ち溢れた夏の焚き火、クロエとアーシャの関係は一体どのように…,43886,850,69,1,0,5132,251,0000,0,学園ロマンス|三角関係|学生|初恋|俳優/女優|女性向けのドラマ|甘いロマンス|モダン,Campus Romance|Love Triangle|Student|First Love|Actor/Actress|Female|Sweet Romance|Modern
680065ece3758857600cbc88,680065ece3758857600cbc88,140000200000000019,闇に隠された恋,https://v-mps.crazymaplestudios.com/images/77519d90-20f1-11f0-a650-71056cbfe3ac.jpg,1,2,2,両親の謎めいた死後、ハーパーは悪徳実業家トラヴィス・ノーブルに多額の借金を抱えてしまう。その返済のために謎多き億万長者アンドリュー・バレットのスパイになるよう強いられる。だが彼の秘密を知った時、すべてが変わる――アンドリューの正体は、地下格闘のファイターだった。彼は一緒に戦ってトラヴィスを倒そうと彼女を説得する。互いに抱える過去、燃え上がる感情、そして何より、愛のために戦う覚悟。二人が踏み込んだのは、想像を超えた闘いの世界だった――。,3850797,78558,69,1,0,204631,8820,0000,0,億万長者|無邪気な乙女|愛憎|オフィスラブ|妊娠|女性向けのドラマ|官能小説|モダン,Billionaire|Innocent Damsel|Love-Hate|Office Romance|Pregnancy|Female|Erotica|Modern
673d4b41171837a68d02cd7f,673d4b41171837a68d02cd7f,140000200000000004,夏の恋は嘘から始まる,https://v-mps.crazymaplestudios.com/images/16af3050-a898-11ef-a2d6-41216ff1602c.jpg,1,2,2,母親の医療費の借金を返すため、ジュールズは大嫌いなノアと偽装恋愛をすることにした。嫌悪し合う二人は、裏切り者たちへの復讐をするするうちに、お互いへの本当の気持ちに気づく。家族を救うために、ジュールズは対立する気持ちを抑えることができるのか？偽の恋の行方は、果たして…,113454,1045,70,1,0,26833,124,0000,0,女性向けのドラマ|偽りの恋人|敵から恋人へ|学園ロマンス|三角関係,Female|Fake Relationship|Enemies to Lovers|Campus Romance|Love Triangle
677e301e7ce3821dbc04a54a,677e301e7ce3821dbc04a54a,140000200000000008,義理兄との禁断の恋愛,https://v-mps.crazymaplestudios.com/images/01e35100-cf2c-11ef-9487-233a2ec55662.jpg,1,2,2,"優等生オリビアと問題児フィン。正反対の二人が運命の夜に出会い、激しく惹かれあう。しかし翌日、義理の兄妹に!?
禁断の恋か、それとも家族の絆か。
二人の選択が、すべてを変える——",143309,2118,70,1,0,5988,299,0000,0,タブー|ヤングアダルト|禁じられた|スラング|成人式,Taboo|Young Adult|Forbidden|Steamy|Coming-of-Age
685e05932f0dfdccae0bd5de,685e05932f0dfdccae0bd5de,140000200000000024,お嬢様は学園の救世主,https://v-mps.crazymaplestudios.com/images/66812cd0-5641-11f0-b471-b9eef54adbd8.jpg,1,2,2,アメリア・モンローは、家族が経営する高校で学園祭の女王たちが生死をさまよっていることを知り、生徒を装いながらその真相を探る。しかし、モンロー学園最恐のいじめっ子、クリスティ・トロイに目を付けられる。学園祭の女王の座を賭けて2人が対決するとき、どちらが勝利を掴むのか？そしてアメリアは家族のために学園を救えるのか？,259077,30221,70,1,0,198980,9372,,1,身分を隠せ|多重アイデンティティ|三角関係|学生|女性向けのドラマ|悪女ヒロイン|モダン,Hidden Identity|Multiple Identities|Love Triangle|Student|Female|Strong Heroine|Modern
688c5a32f5d1f8b96f0201f7,688c5a32f5d1f8b96f0201f7,140000200000000025,医学生から人狼の女王へ,https://v-mps.crazymaplestudios.com/images/dee90960-7679-11f0-a06b-bdb674869ea1.jpg,1,2,2,"家族を失ったウルフの娘ヤラは、ウルフの世界と決別し普通の女子大生として生きると決心する。
だがアイアンファングのアルファ・ウォーレンを救ったことで、ヤラの運命は大きく動き出す
自分たちは運命のメイトだと信じるウォーレンは、ヤラを群れへ連れ帰り、ルナとして迎え入れようとする
群れの医師に命じられたヤラは、物静かな学生から力強き女神へと変わり、ありのままの自分を愛してくれるアルファに心を開いていく。",30624,508,70,1,0,6263,286,,1,甘いロマンス,Sweet Romance
67b298e5428259265209d945,67b298e5428259265209d945,140000200000000013,ラブ・アゲイン ～過保護な元ダンナ～,https://v-mps.crazymaplestudios.com/images/17386b10-ecd4-11ef-a54e-99edf5fd5287.jpg,1,2,2,絶望の淵に立たされたエリカ・レモンは、不妊という未来への暗雲を払うため、密かな依頼に身を投じる。しかし、過去の情熱と裏切りを知る元夫デイモンがその計画に介入。彼の緻密な策略により、エリカは意外な運命へと誘われ、愛と憎悪、新たな命が激しく交錯する――。,39841,463,71,1,0,5598,223,0000,0,離婚後の愛|Evan Wick|Jessica Jacoby|女性向けのドラマ|二度目のチャンス|モダン|妊娠|億万長者|ラギッドCEO|無邪気な乙女,Love After Divorce|Evan Wick|Jessica Jacoby|Female|Second Chance|Modern|Pregnancy|Billionaire|Rugged CEO|Innocent Damsel
68215f71b930088ea105f90e,68215f71b930088ea105f90e,140000200000000022,先生、ステージの私に気づいてますか？,https://v-mps.crazymaplestudios.com/images/186ebb50-3519-11f0-b65a-27549cd2a91e.jpg,1,2,2,奨学金で学ぶエリー・マシューズは昼は真面目な大学生、夜は覆面ストリッパー「エンジェル」。常連客になった端正なジャクソン・スティールが新任教授だと知り、秘密と欲望の炎がキャンパスに飛び火する。学長の執着と金権に挟まれ、エリーは夢と愛を守るため二重生活に挑む。,4917960,98037,71,1,0,200870,8959,0000,0,女性向けのドラマ|官能小説|モダン|年齢差|初恋|タブー|学生,Female|Erotica|Modern|Age Gap|First Love|Taboo|Student
677e3137a23e22f74a05d1d6,677e3137a23e22f74a05d1d6,140000200000000009,君との愛のゴール,https://v-mps.crazymaplestudios.com/images/ab10faa0-d3b6-11ef-9487-233a2ec55662.jpg,1,2,2,夢のクリフトンカレッジへサッカー奨学金を勝ち取ったベッカ・モリス。入学手続きと同時に予期せぬ妊娠の知らせが届くが、チームのカリスマキャプテン、マックスは彼女に一目惚れする。二人は狡猾なチームメイトや復讐を誓う元恋人、厳格なコーチの目をかいくぐりながら、秘密の愛を育んでいく。待望の赤ちゃんが近づく中、マックスは完璧なイメージを捨て、ベッカと共に新たな未来を選ぶ決意を固める。,40576,640,72,1,0,6270,199,0000,0,女性向けのドラマ|ヤングアダルト|モダン|妊娠|学園ロマンス|運動選手,Female|Young Adult|Modern|Pregnancy|Campus Romance|Athlete
6787583555a70323500eadf9,6787583555a70323500eadf9,140000200000000011,ヒミツ ～許されざる恋～,https://v-mps.crazymaplestudios.com/images/21da3f60-d935-11ef-a54e-99edf5fd5287.jpg,1,2,2,荒れ狂う恋人からアレクシスを救った、氷上のスター、ローガン。一夜の甘美な時、しかし彼には秘密が。過去の試合で、彼は彼女の兄の命を奪っていたのだ。禁断の愛が芽生えた時、残酷な真実が明かされる。運命に翻弄される二人、果たして家族への道は開かれるのか？衝撃と感動のラブストーリー。,44137,673,72,1,0,7613,329,0000,0,女性向けのドラマ|甘いロマンス|モダン|妊娠|無邪気な乙女|運動選手|ワンナイトラブ,Female|Sweet Romance|Modern|Pregnancy|Innocent Damsel|Athlete|One Night Stand
689c36c400918ffeba030ac3,689c36c400918ffeba030ac3,140000200000000027,天才と問題児,https://v-mps.crazymaplestudios.com/images/eeab69e0-7bdf-11f0-a06b-bdb674869ea1.jpg,1,2,2,二人のイケメン兄弟がぽっちゃりなソフィーを好きになった時、彼女が選ぶのは誠実な問題児か、それとも嘘つきのクォーターバックか？,146036,2187,72,1,0,6622,290,0000,0,ヤングアダルト,Young Adult
675003530f2670441e07f213,675003530f2670441e07f213,140000200000000006,セクシーサンタとの秘密の夜,https://v-mps.crazymaplestudios.com/images/96217290-b210-11ef-a2d6-41216ff1602c.jpg,1,2,2,Default,327800,4014,73,1,0,29982,222,0000,0,隠された気持ち|女性向けのドラマ|甘いロマンス|三角関係|人違い|ダンサー|事業主|モダン|Jessica Jacoby|Aaron Oberst,Hidden Feelings|Female|Sweet Romance|Love Triangle|Mistaken Identity|Dancer|Business Owner|Modern|Jessica Jacoby|Aaron Oberst
67ea0b58ee588f52ae01763a,67ea0b58ee588f52ae01763a,140000200000000010,3人のパパとの秘密の同居生活,https://v-mps.crazymaplestudios.com/images/4f708590-14f6-11f0-a38f-0d66b56fc320.jpg,1,2,2,傷を抱え、新たな生活を求めたジョーダン。だが彼女が足を踏み入れたのは、秘密を共有する３人の魅力的なシングルファザー（メイソン、ランドン、イーライ）が暮らす家だった。孤独な医師、奔放な警官、冷たい校長──それぞれに惹かれ合い、溺れていく中で芽生えた新たな命。それは祝福か、それとも破滅への序章か？誰か１人なんて、選べない──。,1788308,44399,75,1,0,150850,5053,0000,0,一目惚れ|強烈な性的緊張|ワンナイトラブ|シングルマザー|シングルファーザー,Love at First Sight|Intense Sexual Tension|One Night Stand|Single Mom|Single Dad
6787610df8d7a706380a96ad,6787610df8d7a706380a96ad,140000200000000012,ラストミッション ～恋する軍人さん～,https://v-mps.crazymaplestudios.com/images/19017cd0-e535-11ef-a54e-99edf5fd5287.jpg,1,2,2,穏やかな田舎町で医師として働く彼女と、謎に包まれた兵士がふとしたきっかけで出会う。しかし、彼女は特殊作戦員として極秘の使命を背負い、彼は秘密の富豪でありながら最強の特殊部隊員。実は互いを排除する任務を授かり、二重生活を隠しながらも、魂が惹かれ合う熱い恋へと落ちていく。忠誠を貫くか、それとも禁断の愛を選ぶのか？ 危険な駆け引きの果てに待つ衝撃の結末は――。,60156,870,77,1,0,7939,306,0000,0,敵から恋人へ|偽りの恋人|スピード婚|外科医|兵士,Enemies to Lovers|Fake Relationship|Flash Marriage|Surgeon|Soldier
68088635a2e8eb174205fdcc,68088635a2e8eb174205fdcc,140000200000000021,マフィアの王に純潔を捧ぐ,https://v-mps.crazymaplestudios.com/images/ab014d30-23d9-11f0-a650-71056cbfe3ac.jpg,1,2,2,妹を救う唯一の道──それは自らの純潔を闇市場で競売にかけること。テッサの覚悟は裏社会を支配する冷酷なマフィアの王に買われた。絶対的な権力を持つ男が見せる、抗いがたい魅力と底知れぬ危険。彼を信じることは破滅か、それとも愛か。禁断の取引が運命を狂わせていく。,4163417,91761,78,1,0,208532,7174,0000,0,愛憎|オフィスラブ|身分を隠せ|億万長者|無邪気な乙女|女性向けのドラマ|官能小説|モダン,Love-Hate|Office Romance|Hidden Identity|Billionaire|Innocent Damsel|Female|Erotica|Modern
683fc0c6aed6de1c5e0c7ff8,683fc0c6aed6de1c5e0c7ff8,140000200000000023,清掃員と結婚したけれど まさか彼が社長！？,https://v-mps.crazymaplestudios.com/images/aa903a80-4839-11f0-860b-97fc2eb1c6d9.jpg,1,2,2,ラザフォドグループの社長・イーサンは、社内のスパイを暴くため清掃員に身をやつして潜入中。しかし正体を隠しているせいで、秘書のメラニーに恋をしてしまったことで事態は複雑に…一方のメラニーは、イーサンの本当の身分を知らぬまま、婚約者と親友の裏切りに傷つきつつ、「成功した男と婚約している」と家族に証明しなければならないプレッシャーにも苦しんでいた――,5325997,76660,78,1,0,208579,7509,0000,0,スピード婚|友達から恋人へ|億万長者|会社員|秘密|女性向けのドラマ|甘いロマンス|モダン,Flash Marriage|Friends to Lovers|Billionaire|Office Worker|Secret|Female|Sweet Romance|Modern
6705092f2bddbc62f60a321b,6705092f2bddbc62f60a321b,140000200000000003,魅惑の社長に束縛された夜,https://v-mps.crazymaplestudios.com/images/22791e90-86cf-11ef-a2d6-41216ff1602c.jpg,1,2,2,競争相手に拉致され、父親を救うために1年間彼と結婚することを強制されたリディア・ウェストは、彼を一生憎み続けるだろうと確信していた。しかし、彼の行動の裏に隠された真実が明らかになるにつれ、リディアは自分が知っていると思っていた全ての人や物事を疑わざるを得なくなった。家族への忠誠心と、憎むべき相手であるはずの男性への高まる感情の間で板挟みになったリディアは、誘拐犯人に惹かれてしまうのを抵抗できるのか、それとも義務感によって2人の関係を引き裂くのか、決断を迫られる。,164819,1893,82,1,0,34754,244,,1,女性向けのドラマ|コンテンポラリー|敵から恋人へ|スラング|契約の恋人|億万長者|ストロングウィル|ダークロマンス,Female|Contemporary|Enemies to Lovers|Steamy|Contract Lovers|Billionaire|Strong-Willed|Dark Romance
668b875f07a61ffc04023ba5,668b875f07a61ffc04023ba5,149000001000000273,触れない彼女,https://v-mps.crazymaplestudios.com/images/5436a3f0-5fae-11ef-838e-777d81c2a9c7.jpg,2,1,3,2 年前、殺人容疑で嵌められた人気女優は奈落の底に落ちた。2 年間身を潜めた後、彼女は強力にカムバックし、過去の出来事の背後にある真実を暴き、責任ある全ての人が罰せられるように決意する。彼女の計画が進むにつれて、より多くの人々がこの争いに巻き込まれていく……。,41587,813,20,1,0,8097,311,epy4d5o6nn,1,女性向けのドラマ|Heroína fuerte|コンテンポラリー|復讐|Marido protector,Female|Heroína fuerte|Contemporary|Revenge|Marido protector
